ISO-10303-21;
HEADER;
FILE_DESCRIPTION(('FreeCAD Model'),'2;1');
FILE_NAME('Open CASCADE Shape Model','2026-02-22T22:53:09',(''),(''),
  'Open CASCADE STEP processor 7.8','FreeCAD','Unknown');
FILE_SCHEMA(('AUTOMOTIVE_DESIGN { 1 0 10303 214 1 1 1 1 }'));
ENDSEC;
DATA;
#1 = APPLICATION_PROTOCOL_DEFINITION('international standard',
  'automotive_design',2000,#2);
#2 = APPLICATION_CONTEXT(
  'core data for automotive mechanical design processes');
#3 = SHAPE_DEFINITION_REPRESENTATION(#4,#10);
#4 = PRODUCT_DEFINITION_SHAPE('','',#5);
#5 = PRODUCT_DEFINITION('design','',#6,#9);
#6 = PRODUCT_DEFINITION_FORMATION('','',#7);
#7 = PRODUCT('Deck','Deck','',(#8));
#8 = PRODUCT_CONTEXT('',#2,'mechanical');
#9 = PRODUCT_DEFINITION_CONTEXT('part definition',#2,'design');
#10 = ADVANCED_BREP_SHAPE_REPRESENTATION('',(#11,#15),#10243);
#11 = AXIS2_PLACEMENT_3D('',#12,#13,#14);
#12 = CARTESIAN_POINT('',(0.,0.,0.));
#13 = DIRECTION('',(0.,0.,1.));
#14 = DIRECTION('',(1.,0.,-0.));
#15 = MANIFOLD_SOLID_BREP('',#16);
#16 = CLOSED_SHELL('',(#17,#65,#96,#120,#205,#2102,#2119,#2137,#2154,
    #2166,#2183,#2200,#2217,#2234,#2265,#2289,#2313,#2330,#2361,#2385,
    #2409,#2426,#2457,#2481,#2505,#2529,#2553,#2577,#2601,#2618,#2651,
    #2677,#2703,#2729,#2755,#2781,#2807,#2826,#2859,#2885,#2911,#2935,
    #2961,#2987,#3013,#3039,#3065,#3091,#3115,#3141,#3167,#3193,#3219,
    #3245,#3271,#3295,#3321,#3347,#3373,#3399,#3425,#3451,#3477,#3503,
    #3529,#3555,#3581,#3607,#3626,#3657,#3681,#3705,#3729,#3753,#3779,
    #3803,#3829,#3853,#3879,#3905,#3931,#3957,#3983,#4009,#4035,#4061,
    #4085,#4111,#4130,#4161,#4187,#4213,#4239,#4265,#4291,#4317,#4343,
    #4369,#4393,#4419,#4445,#4469,#4495,#4514,#4547,#4573,#4599,#4625,
    #4651,#4677,#4703,#4722,#4755,#4781,#4807,#4833,#4859,#4885,#4909,
    #4935,#4961,#4987,#5013,#5039,#5065,#5091,#5117,#5143,#5169,#5195,
    #5221,#5247,#5273,#5299,#5325,#5351,#5377,#5401,#5425,#5449,#5475,
    #5501,#5527,#5553,#5579,#5605,#5631,#5650,#5681,#5705,#5729,#5753,
    #5777,#5801,#5825,#5849,#5873,#5897,#5923,#5949,#5975,#5994,#6025,
    #6049,#6075,#6099,#6125,#6151,#6177,#6203,#6229,#6255,#6281,#6307,
    #6333,#6359,#6383,#6409,#6433,#6459,#6483,#6502,#6535,#6561,#6587,
    #6613,#6639,#6665,#6691,#6717,#6743,#6769,#6793,#6819,#6845,#6871,
    #6897,#6923,#6949,#6975,#6994,#7027,#7053,#7079,#7105,#7131,#7157,
    #7183,#7209,#7235,#7261,#7287,#7313,#7339,#7365,#7391,#7410,#7441,
    #7465,#7489,#7513,#7537,#7563,#7587,#7613,#7637,#7663,#7689,#7715,
    #7741,#7767,#7793,#7819,#7845,#7869,#7895,#7914,#7960,#7972,#7988,
    #8004,#8133,#8161,#8184,#8200,#8244,#8316,#8344,#8575,#8665,#8693,
    #8740,#8764,#8804,#8821,#8854,#8880,#8906,#8932,#8958,#8984,#9010,
    #9036,#9062,#9086,#9105,#9138,#9162,#9186,#9212,#9238,#9257,#9288,
    #9312,#9338,#9364,#9390,#9416,#9442,#9468,#9494,#9520,#9546,#9572,
    #9591,#9622,#9646,#9672,#9698,#9724,#9750,#9776,#9802,#9828,#9854,
    #9880,#9899,#9932,#9958,#9984,#10010,#10036,#10062,#10088,#10107,
    #10124,#10141,#10153,#10172,#10186,#10207,#10227));
#17 = ADVANCED_FACE('',(#18),#60,.F.);
#18 = FACE_BOUND('',#19,.F.);
#19 = EDGE_LOOP('',(#20,#30,#38,#46,#54));
#20 = ORIENTED_EDGE('',*,*,#21,.T.);
#21 = EDGE_CURVE('',#22,#24,#26,.T.);
#22 = VERTEX_POINT('',#23);
#23 = CARTESIAN_POINT('',(-50.,38.,0.));
#24 = VERTEX_POINT('',#25);
#25 = CARTESIAN_POINT('',(-50.,38.,1.E-04));
#26 = LINE('',#27,#28);
#27 = CARTESIAN_POINT('',(-50.,38.,0.));
#28 = VECTOR('',#29,1.);
#29 = DIRECTION('',(0.,0.,1.));
#30 = ORIENTED_EDGE('',*,*,#31,.T.);
#31 = EDGE_CURVE('',#24,#32,#34,.T.);
#32 = VERTEX_POINT('',#33);
#33 = CARTESIAN_POINT('',(-50.,37.290853690009,3.));
#34 = LINE('',#35,#36);
#35 = CARTESIAN_POINT('',(-50.,37.82272461648,0.750027646144));
#36 = VECTOR('',#37,1.);
#37 = DIRECTION('',(0.,-0.230049737188,0.973178872777));
#38 = ORIENTED_EDGE('',*,*,#39,.T.);
#39 = EDGE_CURVE('',#32,#40,#42,.T.);
#40 = VERTEX_POINT('',#41);
#41 = CARTESIAN_POINT('',(-50.,-38.,3.));
#42 = LINE('',#43,#44);
#43 = CARTESIAN_POINT('',(-50.,38.,3.));
#44 = VECTOR('',#45,1.);
#45 = DIRECTION('',(0.,-1.,0.));
#46 = ORIENTED_EDGE('',*,*,#47,.F.);
#47 = EDGE_CURVE('',#48,#40,#50,.T.);
#48 = VERTEX_POINT('',#49);
#49 = CARTESIAN_POINT('',(-50.,-38.,0.));
#50 = LINE('',#51,#52);
#51 = CARTESIAN_POINT('',(-50.,-38.,0.));
#52 = VECTOR('',#53,1.);
#53 = DIRECTION('',(0.,0.,1.));
#54 = ORIENTED_EDGE('',*,*,#55,.F.);
#55 = EDGE_CURVE('',#22,#48,#56,.T.);
#56 = LINE('',#57,#58);
#57 = CARTESIAN_POINT('',(-50.,38.,0.));
#58 = VECTOR('',#59,1.);
#59 = DIRECTION('',(0.,-1.,0.));
#60 = PLANE('',#61);
#61 = AXIS2_PLACEMENT_3D('',#62,#63,#64);
#62 = CARTESIAN_POINT('',(-50.,38.,0.));
#63 = DIRECTION('',(1.,0.,0.));
#64 = DIRECTION('',(0.,-1.,0.));
#65 = ADVANCED_FACE('',(#66),#91,.F.);
#66 = FACE_BOUND('',#67,.F.);
#67 = EDGE_LOOP('',(#68,#78,#84,#85));
#68 = ORIENTED_EDGE('',*,*,#69,.T.);
#69 = EDGE_CURVE('',#70,#72,#74,.T.);
#70 = VERTEX_POINT('',#71);
#71 = CARTESIAN_POINT('',(50.,38.,0.));
#72 = VERTEX_POINT('',#73);
#73 = CARTESIAN_POINT('',(50.,38.,1.E-04));
#74 = LINE('',#75,#76);
#75 = CARTESIAN_POINT('',(50.,38.,0.));
#76 = VECTOR('',#77,1.);
#77 = DIRECTION('',(0.,0.,1.));
#78 = ORIENTED_EDGE('',*,*,#79,.T.);
#79 = EDGE_CURVE('',#72,#24,#80,.T.);
#80 = LINE('',#81,#82);
#81 = CARTESIAN_POINT('',(50.,38.,1.000000000002E-04));
#82 = VECTOR('',#83,1.);
#83 = DIRECTION('',(-1.,0.,0.));
#84 = ORIENTED_EDGE('',*,*,#21,.F.);
#85 = ORIENTED_EDGE('',*,*,#86,.F.);
#86 = EDGE_CURVE('',#70,#22,#87,.T.);
#87 = LINE('',#88,#89);
#88 = CARTESIAN_POINT('',(50.,38.,0.));
#89 = VECTOR('',#90,1.);
#90 = DIRECTION('',(-1.,0.,0.));
#91 = PLANE('',#92);
#92 = AXIS2_PLACEMENT_3D('',#93,#94,#95);
#93 = CARTESIAN_POINT('',(50.,38.,0.));
#94 = DIRECTION('',(0.,-1.,0.));
#95 = DIRECTION('',(-1.,0.,0.));
#96 = ADVANCED_FACE('',(#97),#115,.F.);
#97 = FACE_BOUND('',#98,.T.);
#98 = EDGE_LOOP('',(#99,#107,#108,#109));
#99 = ORIENTED_EDGE('',*,*,#100,.F.);
#100 = EDGE_CURVE('',#72,#101,#103,.T.);
#101 = VERTEX_POINT('',#102);
#102 = CARTESIAN_POINT('',(50.,37.290853690009,3.));
#103 = LINE('',#104,#105);
#104 = CARTESIAN_POINT('',(50.,35.811655116428,9.257450315081));
#105 = VECTOR('',#106,1.);
#106 = DIRECTION('',(0.,-0.230049737188,0.973178872777));
#107 = ORIENTED_EDGE('',*,*,#79,.T.);
#108 = ORIENTED_EDGE('',*,*,#31,.T.);
#109 = ORIENTED_EDGE('',*,*,#110,.F.);
#110 = EDGE_CURVE('',#101,#32,#111,.T.);
#111 = LINE('',#112,#113);
#112 = CARTESIAN_POINT('',(50.,37.290853690009,3.));
#113 = VECTOR('',#114,1.);
#114 = DIRECTION('',(-1.,0.,0.));
#115 = PLANE('',#116);
#116 = AXIS2_PLACEMENT_3D('',#117,#118,#119);
#117 = CARTESIAN_POINT('',(50.,37.645426845005,1.50005));
#118 = DIRECTION('',(-1.E-17,-0.973178872777,-0.230049737188));
#119 = DIRECTION('',(1.,-1.026101754357E-17,-6.17019326872E-20));
#120 = ADVANCED_FACE('',(#121,#156,#167,#178,#189),#200,.F.);
#121 = FACE_BOUND('',#122,.F.);
#122 = EDGE_LOOP('',(#123,#124,#125,#133,#142,#150));
#123 = ORIENTED_EDGE('',*,*,#86,.T.);
#124 = ORIENTED_EDGE('',*,*,#55,.T.);
#125 = ORIENTED_EDGE('',*,*,#126,.T.);
#126 = EDGE_CURVE('',#48,#127,#129,.T.);
#127 = VERTEX_POINT('',#128);
#128 = CARTESIAN_POINT('',(-3.5,-38.,0.));
#129 = LINE('',#130,#131);
#130 = CARTESIAN_POINT('',(-50.,-38.,0.));
#131 = VECTOR('',#132,1.);
#132 = DIRECTION('',(1.,0.,0.));
#133 = ORIENTED_EDGE('',*,*,#134,.F.);
#134 = EDGE_CURVE('',#135,#127,#137,.T.);
#135 = VERTEX_POINT('',#136);
#136 = CARTESIAN_POINT('',(3.5,-38.,0.));
#137 = CIRCLE('',#138,3.5);
#138 = AXIS2_PLACEMENT_3D('',#139,#140,#141);
#139 = CARTESIAN_POINT('',(0.,-38.,0.));
#140 = DIRECTION('',(0.,0.,1.));
#141 = DIRECTION('',(1.,0.,0.));
#142 = ORIENTED_EDGE('',*,*,#143,.T.);
#143 = EDGE_CURVE('',#135,#144,#146,.T.);
#144 = VERTEX_POINT('',#145);
#145 = CARTESIAN_POINT('',(50.,-38.,0.));
#146 = LINE('',#147,#148);
#147 = CARTESIAN_POINT('',(-50.,-38.,0.));
#148 = VECTOR('',#149,1.);
#149 = DIRECTION('',(1.,0.,0.));
#150 = ORIENTED_EDGE('',*,*,#151,.T.);
#151 = EDGE_CURVE('',#144,#70,#152,.T.);
#152 = LINE('',#153,#154);
#153 = CARTESIAN_POINT('',(50.,-38.,0.));
#154 = VECTOR('',#155,1.);
#155 = DIRECTION('',(0.,1.,0.));
#156 = FACE_BOUND('',#157,.F.);
#157 = EDGE_LOOP('',(#158));
#158 = ORIENTED_EDGE('',*,*,#159,.F.);
#159 = EDGE_CURVE('',#160,#160,#162,.T.);
#160 = VERTEX_POINT('',#161);
#161 = CARTESIAN_POINT('',(-41.1,-25.,0.));
#162 = CIRCLE('',#163,1.4);
#163 = AXIS2_PLACEMENT_3D('',#164,#165,#166);
#164 = CARTESIAN_POINT('',(-42.5,-25.,0.));
#165 = DIRECTION('',(0.,0.,1.));
#166 = DIRECTION('',(1.,0.,0.));
#167 = FACE_BOUND('',#168,.F.);
#168 = EDGE_LOOP('',(#169));
#169 = ORIENTED_EDGE('',*,*,#170,.F.);
#170 = EDGE_CURVE('',#171,#171,#173,.T.);
#171 = VERTEX_POINT('',#172);
#172 = CARTESIAN_POINT('',(43.9,-25.,0.));
#173 = CIRCLE('',#174,1.4);
#174 = AXIS2_PLACEMENT_3D('',#175,#176,#177);
#175 = CARTESIAN_POINT('',(42.5,-25.,0.));
#176 = DIRECTION('',(0.,0.,1.));
#177 = DIRECTION('',(1.,0.,0.));
#178 = FACE_BOUND('',#179,.F.);
#179 = EDGE_LOOP('',(#180));
#180 = ORIENTED_EDGE('',*,*,#181,.F.);
#181 = EDGE_CURVE('',#182,#182,#184,.T.);
#182 = VERTEX_POINT('',#183);
#183 = CARTESIAN_POINT('',(-41.1,13.,0.));
#184 = CIRCLE('',#185,1.4);
#185 = AXIS2_PLACEMENT_3D('',#186,#187,#188);
#186 = CARTESIAN_POINT('',(-42.5,13.,0.));
#187 = DIRECTION('',(0.,0.,1.));
#188 = DIRECTION('',(1.,0.,0.));
#189 = FACE_BOUND('',#190,.F.);
#190 = EDGE_LOOP('',(#191));
#191 = ORIENTED_EDGE('',*,*,#192,.F.);
#192 = EDGE_CURVE('',#193,#193,#195,.T.);
#193 = VERTEX_POINT('',#194);
#194 = CARTESIAN_POINT('',(43.9,13.,0.));
#195 = CIRCLE('',#196,1.4);
#196 = AXIS2_PLACEMENT_3D('',#197,#198,#199);
#197 = CARTESIAN_POINT('',(42.5,13.,0.));
#198 = DIRECTION('',(0.,0.,1.));
#199 = DIRECTION('',(1.,0.,0.));
#200 = PLANE('',#201);
#201 = AXIS2_PLACEMENT_3D('',#202,#203,#204);
#202 = CARTESIAN_POINT('',(9.E-17,-0.458124979959,0.));
#203 = DIRECTION('',(0.,0.,1.));
#204 = DIRECTION('',(1.,0.,0.));
#205 = ADVANCED_FACE('',(#206,#241,#252,#263,#297,#308,#342,#408,#474,
    #724,#886,#1008,#1074,#1364,#1478,#1489,#1651,#1805,#1935),#2097,.T.
  );
#206 = FACE_BOUND('',#207,.T.);
#207 = EDGE_LOOP('',(#208,#216,#217,#218,#226,#235));
#208 = ORIENTED_EDGE('',*,*,#209,.T.);
#209 = EDGE_CURVE('',#210,#101,#212,.T.);
#210 = VERTEX_POINT('',#211);
#211 = CARTESIAN_POINT('',(50.,-38.,3.));
#212 = LINE('',#213,#214);
#213 = CARTESIAN_POINT('',(50.,-38.,3.));
#214 = VECTOR('',#215,1.);
#215 = DIRECTION('',(0.,1.,0.));
#216 = ORIENTED_EDGE('',*,*,#110,.T.);
#217 = ORIENTED_EDGE('',*,*,#39,.T.);
#218 = ORIENTED_EDGE('',*,*,#219,.T.);
#219 = EDGE_CURVE('',#40,#220,#222,.T.);
#220 = VERTEX_POINT('',#221);
#221 = CARTESIAN_POINT('',(-3.5,-38.,3.));
#222 = LINE('',#223,#224);
#223 = CARTESIAN_POINT('',(-50.,-38.,3.));
#224 = VECTOR('',#225,1.);
#225 = DIRECTION('',(1.,0.,0.));
#226 = ORIENTED_EDGE('',*,*,#227,.F.);
#227 = EDGE_CURVE('',#228,#220,#230,.T.);
#228 = VERTEX_POINT('',#229);
#229 = CARTESIAN_POINT('',(3.5,-38.,3.));
#230 = CIRCLE('',#231,3.5);
#231 = AXIS2_PLACEMENT_3D('',#232,#233,#234);
#232 = CARTESIAN_POINT('',(0.,-38.,3.));
#233 = DIRECTION('',(0.,0.,1.));
#234 = DIRECTION('',(1.,0.,0.));
#235 = ORIENTED_EDGE('',*,*,#236,.T.);
#236 = EDGE_CURVE('',#228,#210,#237,.T.);
#237 = LINE('',#238,#239);
#238 = CARTESIAN_POINT('',(-50.,-38.,3.));
#239 = VECTOR('',#240,1.);
#240 = DIRECTION('',(1.,0.,0.));
#241 = FACE_BOUND('',#242,.T.);
#242 = EDGE_LOOP('',(#243));
#243 = ORIENTED_EDGE('',*,*,#244,.F.);
#244 = EDGE_CURVE('',#245,#245,#247,.T.);
#245 = VERTEX_POINT('',#246);
#246 = CARTESIAN_POINT('',(-41.1,-25.,3.));
#247 = CIRCLE('',#248,1.4);
#248 = AXIS2_PLACEMENT_3D('',#249,#250,#251);
#249 = CARTESIAN_POINT('',(-42.5,-25.,3.));
#250 = DIRECTION('',(0.,0.,1.));
#251 = DIRECTION('',(1.,0.,0.));
#252 = FACE_BOUND('',#253,.T.);
#253 = EDGE_LOOP('',(#254));
#254 = ORIENTED_EDGE('',*,*,#255,.F.);
#255 = EDGE_CURVE('',#256,#256,#258,.T.);
#256 = VERTEX_POINT('',#257);
#257 = CARTESIAN_POINT('',(43.9,-25.,3.));
#258 = CIRCLE('',#259,1.4);
#259 = AXIS2_PLACEMENT_3D('',#260,#261,#262);
#260 = CARTESIAN_POINT('',(42.5,-25.,3.));
#261 = DIRECTION('',(0.,0.,1.));
#262 = DIRECTION('',(1.,0.,0.));
#263 = FACE_BOUND('',#264,.T.);
#264 = EDGE_LOOP('',(#265,#275,#283,#291));
#265 = ORIENTED_EDGE('',*,*,#266,.F.);
#266 = EDGE_CURVE('',#267,#269,#271,.T.);
#267 = VERTEX_POINT('',#268);
#268 = CARTESIAN_POINT('',(8.75,-15.,3.));
#269 = VERTEX_POINT('',#270);
#270 = CARTESIAN_POINT('',(8.75,3.5,3.));
#271 = LINE('',#272,#273);
#272 = CARTESIAN_POINT('',(8.75,-15.,3.));
#273 = VECTOR('',#274,1.);
#274 = DIRECTION('',(0.,1.,0.));
#275 = ORIENTED_EDGE('',*,*,#276,.F.);
#276 = EDGE_CURVE('',#277,#267,#279,.T.);
#277 = VERTEX_POINT('',#278);
#278 = CARTESIAN_POINT('',(-8.75,-15.,3.));
#279 = LINE('',#280,#281);
#280 = CARTESIAN_POINT('',(-8.75,-15.,3.));
#281 = VECTOR('',#282,1.);
#282 = DIRECTION('',(1.,0.,0.));
#283 = ORIENTED_EDGE('',*,*,#284,.F.);
#284 = EDGE_CURVE('',#285,#277,#287,.T.);
#285 = VERTEX_POINT('',#286);
#286 = CARTESIAN_POINT('',(-8.75,3.5,3.));
#287 = LINE('',#288,#289);
#288 = CARTESIAN_POINT('',(-8.75,3.5,3.));
#289 = VECTOR('',#290,1.);
#290 = DIRECTION('',(0.,-1.,0.));
#291 = ORIENTED_EDGE('',*,*,#292,.F.);
#292 = EDGE_CURVE('',#269,#285,#293,.T.);
#293 = LINE('',#294,#295);
#294 = CARTESIAN_POINT('',(8.75,3.5,3.));
#295 = VECTOR('',#296,1.);
#296 = DIRECTION('',(-1.,-5.E-17,0.));
#297 = FACE_BOUND('',#298,.T.);
#298 = EDGE_LOOP('',(#299));
#299 = ORIENTED_EDGE('',*,*,#300,.F.);
#300 = EDGE_CURVE('',#301,#301,#303,.T.);
#301 = VERTEX_POINT('',#302);
#302 = CARTESIAN_POINT('',(-41.1,13.,3.));
#303 = CIRCLE('',#304,1.4);
#304 = AXIS2_PLACEMENT_3D('',#305,#306,#307);
#305 = CARTESIAN_POINT('',(-42.5,13.,3.));
#306 = DIRECTION('',(0.,0.,1.));
#307 = DIRECTION('',(1.,0.,0.));
#308 = FACE_BOUND('',#309,.T.);
#309 = EDGE_LOOP('',(#310,#320,#328,#336));
#310 = ORIENTED_EDGE('',*,*,#311,.T.);
#311 = EDGE_CURVE('',#312,#314,#316,.T.);
#312 = VERTEX_POINT('',#313);
#313 = CARTESIAN_POINT('',(-22.97846283783,29.75975975976,3.));
#314 = VERTEX_POINT('',#315);
#315 = CARTESIAN_POINT('',(-22.97846283783,20.,3.));
#316 = LINE('',#317,#318);
#317 = CARTESIAN_POINT('',(-22.97846283783,29.75975975976,3.));
#318 = VECTOR('',#319,1.);
#319 = DIRECTION('',(0.,-1.,0.));
#320 = ORIENTED_EDGE('',*,*,#321,.T.);
#321 = EDGE_CURVE('',#314,#322,#324,.T.);
#322 = VERTEX_POINT('',#323);
#323 = CARTESIAN_POINT('',(-24.72118993994,20.,3.));
#324 = LINE('',#325,#326);
#325 = CARTESIAN_POINT('',(-22.97846283783,20.,3.));
#326 = VECTOR('',#327,1.);
#327 = DIRECTION('',(-1.,0.,0.));
#328 = ORIENTED_EDGE('',*,*,#329,.T.);
#329 = EDGE_CURVE('',#322,#330,#332,.T.);
#330 = VERTEX_POINT('',#331);
#331 = CARTESIAN_POINT('',(-24.72118993994,29.75975975976,3.));
#332 = LINE('',#333,#334);
#333 = CARTESIAN_POINT('',(-24.72118993994,20.,3.));
#334 = VECTOR('',#335,1.);
#335 = DIRECTION('',(0.,1.,0.));
#336 = ORIENTED_EDGE('',*,*,#337,.T.);
#337 = EDGE_CURVE('',#330,#312,#338,.T.);
#338 = LINE('',#339,#340);
#339 = CARTESIAN_POINT('',(-24.72118993994,29.75975975976,3.));
#340 = VECTOR('',#341,1.);
#341 = DIRECTION('',(1.,0.,0.));
#342 = FACE_BOUND('',#343,.T.);
#343 = EDGE_LOOP('',(#344,#354,#362,#370,#378,#386,#394,#402));
#344 = ORIENTED_EDGE('',*,*,#345,.T.);
#345 = EDGE_CURVE('',#346,#348,#350,.T.);
#346 = VERTEX_POINT('',#347);
#347 = CARTESIAN_POINT('',(-36.5,33.,3.));
#348 = VERTEX_POINT('',#349);
#349 = CARTESIAN_POINT('',(-26.51271584084,33.,3.));
#350 = LINE('',#351,#352);
#351 = CARTESIAN_POINT('',(-36.5,33.,3.));
#352 = VECTOR('',#353,1.);
#353 = DIRECTION('',(1.,0.,0.));
#354 = ORIENTED_EDGE('',*,*,#355,.T.);
#355 = EDGE_CURVE('',#348,#356,#358,.T.);
#356 = VERTEX_POINT('',#357);
#357 = CARTESIAN_POINT('',(-26.51271584084,31.438438438438,3.));
#358 = LINE('',#359,#360);
#359 = CARTESIAN_POINT('',(-26.51271584084,33.,3.));
#360 = VECTOR('',#361,1.);
#361 = DIRECTION('',(0.,-1.,0.));
#362 = ORIENTED_EDGE('',*,*,#363,.T.);
#363 = EDGE_CURVE('',#356,#364,#366,.T.);
#364 = VERTEX_POINT('',#365);
#365 = CARTESIAN_POINT('',(-30.59778528528,31.438438438438,3.));
#366 = LINE('',#367,#368);
#367 = CARTESIAN_POINT('',(-26.51271584084,31.438438438438,3.));
#368 = VECTOR('',#369,1.);
#369 = DIRECTION('',(-1.,0.,0.));
#370 = ORIENTED_EDGE('',*,*,#371,.T.);
#371 = EDGE_CURVE('',#364,#372,#374,.T.);
#372 = VERTEX_POINT('',#373);
#373 = CARTESIAN_POINT('',(-30.59778528528,20.,3.));
#374 = LINE('',#375,#376);
#375 = CARTESIAN_POINT('',(-30.59778528528,31.438438438438,3.));
#376 = VECTOR('',#377,1.);
#377 = DIRECTION('',(0.,-1.,0.));
#378 = ORIENTED_EDGE('',*,*,#379,.T.);
#379 = EDGE_CURVE('',#372,#380,#382,.T.);
#380 = VERTEX_POINT('',#381);
#381 = CARTESIAN_POINT('',(-32.41554054054,20.,3.));
#382 = LINE('',#383,#384);
#383 = CARTESIAN_POINT('',(-30.59778528528,20.,3.));
#384 = VECTOR('',#385,1.);
#385 = DIRECTION('',(-1.,0.,0.));
#386 = ORIENTED_EDGE('',*,*,#387,.T.);
#387 = EDGE_CURVE('',#380,#388,#390,.T.);
#388 = VERTEX_POINT('',#389);
#389 = CARTESIAN_POINT('',(-32.41554054054,31.438438438438,3.));
#390 = LINE('',#391,#392);
#391 = CARTESIAN_POINT('',(-32.41554054054,20.,3.));
#392 = VECTOR('',#393,1.);
#393 = DIRECTION('',(0.,1.,0.));
#394 = ORIENTED_EDGE('',*,*,#395,.T.);
#395 = EDGE_CURVE('',#388,#396,#398,.T.);
#396 = VERTEX_POINT('',#397);
#397 = CARTESIAN_POINT('',(-36.5,31.438438438438,3.));
#398 = LINE('',#399,#400);
#399 = CARTESIAN_POINT('',(-32.41554054054,31.438438438438,3.));
#400 = VECTOR('',#401,1.);
#401 = DIRECTION('',(-1.,0.,0.));
#402 = ORIENTED_EDGE('',*,*,#403,.T.);
#403 = EDGE_CURVE('',#396,#346,#404,.T.);
#404 = LINE('',#405,#406);
#405 = CARTESIAN_POINT('',(-36.5,31.438438438438,3.));
#406 = VECTOR('',#407,1.);
#407 = DIRECTION('',(0.,1.,0.));
#408 = FACE_BOUND('',#409,.T.);
#409 = EDGE_LOOP('',(#410,#420,#428,#436,#444,#452,#460,#468));
#410 = ORIENTED_EDGE('',*,*,#411,.T.);
#411 = EDGE_CURVE('',#412,#414,#416,.T.);
#412 = VERTEX_POINT('',#413);
#413 = CARTESIAN_POINT('',(-23.06325075075,31.78856981982,3.));
#414 = VERTEX_POINT('',#415);
#415 = CARTESIAN_POINT('',(-23.85928115615,31.477477477477,3.));
#416 = B_SPLINE_CURVE_WITH_KNOTS('',2,(#417,#418,#419),.UNSPECIFIED.,.F.
  ,.F.,(3,3),(0.,1.),.PIECEWISE_BEZIER_KNOTS.);
#417 = CARTESIAN_POINT('',(-23.06325075075,31.78856981982,3.));
#418 = CARTESIAN_POINT('',(-23.39081268768,31.477477477477,3.));
#419 = CARTESIAN_POINT('',(-23.85928115615,31.477477477477,3.));
#420 = ORIENTED_EDGE('',*,*,#421,.T.);
#421 = EDGE_CURVE('',#414,#422,#424,.T.);
#422 = VERTEX_POINT('',#423);
#423 = CARTESIAN_POINT('',(-24.65592154654,31.78856981982,3.));
#424 = B_SPLINE_CURVE_WITH_KNOTS('',2,(#425,#426,#427),.UNSPECIFIED.,.F.
  ,.F.,(3,3),(0.,1.),.PIECEWISE_BEZIER_KNOTS.);
#425 = CARTESIAN_POINT('',(-23.85928115615,31.477477477477,3.));
#426 = CARTESIAN_POINT('',(-24.32774962462,31.477477477477,3.));
#427 = CARTESIAN_POINT('',(-24.65592154654,31.78856981982,3.));
#428 = ORIENTED_EDGE('',*,*,#429,.T.);
#429 = EDGE_CURVE('',#422,#430,#432,.T.);
#430 = VERTEX_POINT('',#431);
#431 = CARTESIAN_POINT('',(-24.98348348348,32.629129129129,3.));
#432 = B_SPLINE_CURVE_WITH_KNOTS('',2,(#433,#434,#435),.UNSPECIFIED.,.F.
  ,.F.,(3,3),(0.,1.),.PIECEWISE_BEZIER_KNOTS.);
#433 = CARTESIAN_POINT('',(-24.65592154654,31.78856981982,3.));
#434 = CARTESIAN_POINT('',(-24.98348348348,32.100272147147,3.));
#435 = CARTESIAN_POINT('',(-24.98348348348,32.629129129129,3.));
#436 = ORIENTED_EDGE('',*,*,#437,.T.);
#437 = EDGE_CURVE('',#430,#438,#440,.T.);
#438 = VERTEX_POINT('',#439);
#439 = CARTESIAN_POINT('',(-24.65592154654,33.469078453453,3.));
#440 = B_SPLINE_CURVE_WITH_KNOTS('',2,(#441,#442,#443),.UNSPECIFIED.,.F.
  ,.F.,(3,3),(0.,1.),.PIECEWISE_BEZIER_KNOTS.);
#441 = CARTESIAN_POINT('',(-24.98348348348,32.629129129129,3.));
#442 = CARTESIAN_POINT('',(-24.98348348348,33.157986111111,3.));
#443 = CARTESIAN_POINT('',(-24.65592154654,33.469078453453,3.));
#444 = ORIENTED_EDGE('',*,*,#445,.T.);
#445 = EDGE_CURVE('',#438,#446,#448,.T.);
#446 = VERTEX_POINT('',#447);
#447 = CARTESIAN_POINT('',(-23.85928115615,33.780780780781,3.));
#448 = B_SPLINE_CURVE_WITH_KNOTS('',2,(#449,#450,#451),.UNSPECIFIED.,.F.
  ,.F.,(3,3),(0.,1.),.PIECEWISE_BEZIER_KNOTS.);
#449 = CARTESIAN_POINT('',(-24.65592154654,33.469078453453,3.));
#450 = CARTESIAN_POINT('',(-24.32774962462,33.780780780781,3.));
#451 = CARTESIAN_POINT('',(-23.85928115615,33.780780780781,3.));
#452 = ORIENTED_EDGE('',*,*,#453,.T.);
#453 = EDGE_CURVE('',#446,#454,#456,.T.);
#454 = VERTEX_POINT('',#455);
#455 = CARTESIAN_POINT('',(-23.06325075075,33.469078453453,3.));
#456 = B_SPLINE_CURVE_WITH_KNOTS('',2,(#457,#458,#459),.UNSPECIFIED.,.F.
  ,.F.,(3,3),(0.,1.),.PIECEWISE_BEZIER_KNOTS.);
#457 = CARTESIAN_POINT('',(-23.85928115615,33.780780780781,3.));
#458 = CARTESIAN_POINT('',(-23.39081268768,33.780780780781,3.));
#459 = CARTESIAN_POINT('',(-23.06325075075,33.469078453453,3.));
#460 = ORIENTED_EDGE('',*,*,#461,.T.);
#461 = EDGE_CURVE('',#454,#462,#464,.T.);
#462 = VERTEX_POINT('',#463);
#463 = CARTESIAN_POINT('',(-22.73507882882,32.629129129129,3.));
#464 = B_SPLINE_CURVE_WITH_KNOTS('',2,(#465,#466,#467),.UNSPECIFIED.,.F.
  ,.F.,(3,3),(0.,1.),.PIECEWISE_BEZIER_KNOTS.);
#465 = CARTESIAN_POINT('',(-23.06325075075,33.469078453453,3.));
#466 = CARTESIAN_POINT('',(-22.73507882882,33.157986111111,3.));
#467 = CARTESIAN_POINT('',(-22.73507882882,32.629129129129,3.));
#468 = ORIENTED_EDGE('',*,*,#469,.T.);
#469 = EDGE_CURVE('',#462,#412,#470,.T.);
#470 = B_SPLINE_CURVE_WITH_KNOTS('',2,(#471,#472,#473),.UNSPECIFIED.,.F.
  ,.F.,(3,3),(0.,1.),.PIECEWISE_BEZIER_KNOTS.);
#471 = CARTESIAN_POINT('',(-22.73507882882,32.629129129129,3.));
#472 = CARTESIAN_POINT('',(-22.73507882882,32.100272147147,3.));
#473 = CARTESIAN_POINT('',(-23.06325075075,31.78856981982,3.));
#474 = FACE_BOUND('',#475,.T.);
#475 = EDGE_LOOP('',(#476,#486,#494,#502,#510,#518,#526,#534,#542,#550,
    #558,#566,#574,#582,#590,#598,#606,#614,#622,#630,#638,#646,#654,
    #662,#670,#678,#686,#694,#702,#710,#718));
#476 = ORIENTED_EDGE('',*,*,#477,.T.);
#477 = EDGE_CURVE('',#478,#480,#482,.T.);
#478 = VERTEX_POINT('',#479);
#479 = CARTESIAN_POINT('',(-11.02031719219,29.853087462462,3.));
#480 = VERTEX_POINT('',#481);
#481 = CARTESIAN_POINT('',(-9.314799174174,29.993993993994,3.));
#482 = B_SPLINE_CURVE_WITH_KNOTS('',2,(#483,#484,#485),.UNSPECIFIED.,.F.
  ,.F.,(3,3),(0.,1.),.PIECEWISE_BEZIER_KNOTS.);
#483 = CARTESIAN_POINT('',(-11.02031719219,29.853087462462,3.));
#484 = CARTESIAN_POINT('',(-10.23282657657,29.993993993994,3.));
#485 = CARTESIAN_POINT('',(-9.314799174174,29.993993993994,3.));
#486 = ORIENTED_EDGE('',*,*,#487,.T.);
#487 = EDGE_CURVE('',#480,#488,#490,.T.);
#488 = VERTEX_POINT('',#489);
#489 = CARTESIAN_POINT('',(-7.544012762763,29.722550675676,3.));
#490 = B_SPLINE_CURVE_WITH_KNOTS('',2,(#491,#492,#493),.UNSPECIFIED.,.F.
  ,.F.,(3,3),(0.,1.),.PIECEWISE_BEZIER_KNOTS.);
#491 = CARTESIAN_POINT('',(-9.314799174174,29.993993993994,3.));
#492 = CARTESIAN_POINT('',(-8.265625,29.993993993994,3.));
#493 = CARTESIAN_POINT('',(-7.544012762763,29.722550675676,3.));
#494 = ORIENTED_EDGE('',*,*,#495,.T.);
#495 = EDGE_CURVE('',#488,#496,#498,.T.);
#496 = VERTEX_POINT('',#497);
#497 = CARTESIAN_POINT('',(-6.381991366366,28.95457957958,3.));
#498 = B_SPLINE_CURVE_WITH_KNOTS('',2,(#499,#500,#501),.UNSPECIFIED.,.F.
  ,.F.,(3,3),(0.,1.),.PIECEWISE_BEZIER_KNOTS.);
#499 = CARTESIAN_POINT('',(-7.544012762763,29.722550675676,3.));
#500 = CARTESIAN_POINT('',(-6.822400525526,29.451107357357,3.));
#501 = CARTESIAN_POINT('',(-6.381991366366,28.95457957958,3.));
#502 = ORIENTED_EDGE('',*,*,#503,.T.);
#503 = EDGE_CURVE('',#496,#504,#506,.T.);
#504 = VERTEX_POINT('',#505);
#505 = CARTESIAN_POINT('',(-5.754316816817,27.774258633634,3.));
#506 = B_SPLINE_CURVE_WITH_KNOTS('',2,(#507,#508,#509),.UNSPECIFIED.,.F.
  ,.F.,(3,3),(0.,1.),.PIECEWISE_BEZIER_KNOTS.);
#507 = CARTESIAN_POINT('',(-6.381991366366,28.95457957958,3.));
#508 = CARTESIAN_POINT('',(-5.941582207207,28.458051801802,3.));
#509 = CARTESIAN_POINT('',(-5.754316816817,27.774258633634,3.));
#510 = ORIENTED_EDGE('',*,*,#511,.T.);
#511 = EDGE_CURVE('',#504,#512,#514,.T.);
#512 = VERTEX_POINT('',#513);
#513 = CARTESIAN_POINT('',(-5.567051426426,26.266375750751,3.));
#514 = B_SPLINE_CURVE_WITH_KNOTS('',2,(#515,#516,#517),.UNSPECIFIED.,.F.
  ,.F.,(3,3),(0.,1.),.PIECEWISE_BEZIER_KNOTS.);
#515 = CARTESIAN_POINT('',(-5.754316816817,27.774258633634,3.));
#516 = CARTESIAN_POINT('',(-5.567051426426,27.09107545045,3.));
#517 = CARTESIAN_POINT('',(-5.567051426426,26.266375750751,3.));
#518 = ORIENTED_EDGE('',*,*,#519,.T.);
#519 = EDGE_CURVE('',#512,#520,#522,.T.);
#520 = VERTEX_POINT('',#521);
#521 = CARTESIAN_POINT('',(-5.567051426426,20.179335585586,3.));
#522 = LINE('',#523,#524);
#523 = CARTESIAN_POINT('',(-5.567051426426,26.266375750751,3.));
#524 = VECTOR('',#525,1.);
#525 = DIRECTION('',(0.,-1.,0.));
#526 = ORIENTED_EDGE('',*,*,#527,.T.);
#527 = EDGE_CURVE('',#520,#528,#530,.T.);
#528 = VERTEX_POINT('',#529);
#529 = CARTESIAN_POINT('',(-6.195335960961,20.076248123123,3.));
#530 = B_SPLINE_CURVE_WITH_KNOTS('',2,(#531,#532,#533),.UNSPECIFIED.,.F.
  ,.F.,(3,3),(0.,1.),.PIECEWISE_BEZIER_KNOTS.);
#531 = CARTESIAN_POINT('',(-5.567051426426,20.179335585586,3.));
#532 = CARTESIAN_POINT('',(-5.792135885886,20.142126501502,3.));
#533 = CARTESIAN_POINT('',(-6.195335960961,20.076248123123,3.));
#534 = ORIENTED_EDGE('',*,*,#535,.T.);
#535 = EDGE_CURVE('',#528,#536,#538,.T.);
#536 = VERTEX_POINT('',#537);
#537 = CARTESIAN_POINT('',(-7.104213588589,19.954861111111,3.));
#538 = B_SPLINE_CURVE_WITH_KNOTS('',2,(#539,#540,#541),.UNSPECIFIED.,.F.
  ,.F.,(3,3),(0.,1.),.PIECEWISE_BEZIER_KNOTS.);
#539 = CARTESIAN_POINT('',(-6.195335960961,20.076248123123,3.));
#540 = CARTESIAN_POINT('',(-6.597926051051,20.01097972973,3.));
#541 = CARTESIAN_POINT('',(-7.104213588589,19.954861111111,3.));
#542 = ORIENTED_EDGE('',*,*,#543,.T.);
#543 = EDGE_CURVE('',#536,#544,#546,.T.);
#544 = VERTEX_POINT('',#545);
#545 = CARTESIAN_POINT('',(-8.200356606607,19.851773648649,3.));
#546 = B_SPLINE_CURVE_WITH_KNOTS('',2,(#547,#548,#549),.UNSPECIFIED.,.F.
  ,.F.,(3,3),(0.,1.),.PIECEWISE_BEZIER_KNOTS.);
#547 = CARTESIAN_POINT('',(-7.104213588589,19.954861111111,3.));
#548 = CARTESIAN_POINT('',(-7.609891141141,19.898132507508,3.));
#549 = CARTESIAN_POINT('',(-8.200356606607,19.851773648649,3.));
#550 = ORIENTED_EDGE('',*,*,#551,.T.);
#551 = EDGE_CURVE('',#544,#552,#554,.T.);
#552 = VERTEX_POINT('',#553);
#553 = CARTESIAN_POINT('',(-9.370917792793,19.804804804805,3.));
#554 = B_SPLINE_CURVE_WITH_KNOTS('',2,(#555,#556,#557),.UNSPECIFIED.,.F.
  ,.F.,(3,3),(0.,1.),.PIECEWISE_BEZIER_KNOTS.);
#555 = CARTESIAN_POINT('',(-8.200356606607,19.851773648649,3.));
#556 = CARTESIAN_POINT('',(-8.790212087087,19.804804804805,3.));
#557 = CARTESIAN_POINT('',(-9.370917792793,19.804804804805,3.));
#558 = ORIENTED_EDGE('',*,*,#559,.T.);
#559 = EDGE_CURVE('',#552,#560,#562,.T.);
#560 = VERTEX_POINT('',#561);
#561 = CARTESIAN_POINT('',(-10.88917042042,19.973770645646,3.));
#562 = B_SPLINE_CURVE_WITH_KNOTS('',2,(#563,#564,#565),.UNSPECIFIED.,.F.
  ,.F.,(3,3),(0.,1.),.PIECEWISE_BEZIER_KNOTS.);
#563 = CARTESIAN_POINT('',(-9.370917792793,19.804804804805,3.));
#564 = CARTESIAN_POINT('',(-10.19561749249,19.804804804805,3.));
#565 = CARTESIAN_POINT('',(-10.88917042042,19.973770645646,3.));
#566 = ORIENTED_EDGE('',*,*,#567,.T.);
#567 = EDGE_CURVE('',#560,#568,#570,.T.);
#568 = VERTEX_POINT('',#569);
#569 = CARTESIAN_POINT('',(-12.0884009009,20.507507507508,3.));
#570 = B_SPLINE_CURVE_WITH_KNOTS('',2,(#571,#572,#573),.UNSPECIFIED.,.F.
  ,.F.,(3,3),(0.,1.),.PIECEWISE_BEZIER_KNOTS.);
#571 = CARTESIAN_POINT('',(-10.88917042042,19.973770645646,3.));
#572 = CARTESIAN_POINT('',(-11.58211336336,20.142126501502,3.));
#573 = CARTESIAN_POINT('',(-12.0884009009,20.507507507508,3.));
#574 = ORIENTED_EDGE('',*,*,#575,.T.);
#575 = EDGE_CURVE('',#568,#576,#578,.T.);
#576 = VERTEX_POINT('',#577);
#577 = CARTESIAN_POINT('',(-12.87528153153,21.472503753754,3.));
#578 = B_SPLINE_CURVE_WITH_KNOTS('',2,(#579,#580,#581),.UNSPECIFIED.,.F.
  ,.F.,(3,3),(0.,1.),.PIECEWISE_BEZIER_KNOTS.);
#579 = CARTESIAN_POINT('',(-12.0884009009,20.507507507508,3.));
#580 = CARTESIAN_POINT('',(-12.59407845345,20.872888513514,3.));
#581 = CARTESIAN_POINT('',(-12.87528153153,21.472503753754,3.));
#582 = ORIENTED_EDGE('',*,*,#583,.T.);
#583 = EDGE_CURVE('',#576,#584,#586,.T.);
#584 = VERTEX_POINT('',#585);
#585 = CARTESIAN_POINT('',(-13.15648460961,22.916338213213,3.));
#586 = B_SPLINE_CURVE_WITH_KNOTS('',2,(#587,#588,#589),.UNSPECIFIED.,.F.
  ,.F.,(3,3),(0.,1.),.PIECEWISE_BEZIER_KNOTS.);
#587 = CARTESIAN_POINT('',(-12.87528153153,21.472503753754,3.));
#588 = CARTESIAN_POINT('',(-13.15648460961,22.072728978979,3.));
#589 = CARTESIAN_POINT('',(-13.15648460961,22.916338213213,3.));
#590 = ORIENTED_EDGE('',*,*,#591,.T.);
#591 = EDGE_CURVE('',#584,#592,#594,.T.);
#592 = VERTEX_POINT('',#593);
#593 = CARTESIAN_POINT('',(-12.82892267267,24.302834084084,3.));
#594 = B_SPLINE_CURVE_WITH_KNOTS('',2,(#595,#596,#597),.UNSPECIFIED.,.F.
  ,.F.,(3,3),(0.,1.),.PIECEWISE_BEZIER_KNOTS.);
#595 = CARTESIAN_POINT('',(-13.15648460961,22.916338213213,3.));
#596 = CARTESIAN_POINT('',(-13.15648460961,23.722128378378,3.));
#597 = CARTESIAN_POINT('',(-12.82892267267,24.302834084084,3.));
#598 = ORIENTED_EDGE('',*,*,#599,.T.);
#599 = EDGE_CURVE('',#592,#600,#602,.T.);
#600 = VERTEX_POINT('',#601);
#601 = CARTESIAN_POINT('',(-11.93895457958,25.240381006006,3.));
#602 = B_SPLINE_CURVE_WITH_KNOTS('',2,(#603,#604,#605),.UNSPECIFIED.,.F.
  ,.F.,(3,3),(0.,1.),.PIECEWISE_BEZIER_KNOTS.);
#603 = CARTESIAN_POINT('',(-12.82892267267,24.302834084084,3.));
#604 = CARTESIAN_POINT('',(-12.50075075075,24.884149774775,3.));
#605 = CARTESIAN_POINT('',(-11.93895457958,25.240381006006,3.));
#606 = ORIENTED_EDGE('',*,*,#607,.T.);
#607 = EDGE_CURVE('',#600,#608,#610,.T.);
#608 = VERTEX_POINT('',#609);
#609 = CARTESIAN_POINT('',(-10.62687687687,25.764968093093,3.));
#610 = B_SPLINE_CURVE_WITH_KNOTS('',2,(#611,#612,#613),.UNSPECIFIED.,.F.
  ,.F.,(3,3),(0.,1.),.PIECEWISE_BEZIER_KNOTS.);
#611 = CARTESIAN_POINT('',(-11.93895457958,25.240381006006,3.));
#612 = CARTESIAN_POINT('',(-11.37654842342,25.596612237237,3.));
#613 = CARTESIAN_POINT('',(-10.62687687687,25.764968093093,3.));
#614 = ORIENTED_EDGE('',*,*,#615,.T.);
#615 = EDGE_CURVE('',#608,#616,#618,.T.);
#616 = VERTEX_POINT('',#617);
#617 = CARTESIAN_POINT('',(-9.052505630631,25.933933933934,3.));
#618 = B_SPLINE_CURVE_WITH_KNOTS('',2,(#619,#620,#621),.UNSPECIFIED.,.F.
  ,.F.,(3,3),(0.,1.),.PIECEWISE_BEZIER_KNOTS.);
#619 = CARTESIAN_POINT('',(-10.62687687687,25.764968093093,3.));
#620 = CARTESIAN_POINT('',(-9.87720533033,25.933933933934,3.));
#621 = CARTESIAN_POINT('',(-9.052505630631,25.933933933934,3.));
#622 = ORIENTED_EDGE('',*,*,#623,.T.);
#623 = EDGE_CURVE('',#616,#624,#626,.T.);
#624 = VERTEX_POINT('',#625);
#625 = CARTESIAN_POINT('',(-8.509618993994,25.905874624625,3.));
#626 = B_SPLINE_CURVE_WITH_KNOTS('',2,(#627,#628,#629),.UNSPECIFIED.,.F.
  ,.F.,(3,3),(0.,1.),.PIECEWISE_BEZIER_KNOTS.);
#627 = CARTESIAN_POINT('',(-9.052505630631,25.933933933934,3.));
#628 = CARTESIAN_POINT('',(-8.790212087087,25.933933933934,3.));
#629 = CARTESIAN_POINT('',(-8.509618993994,25.905874624625,3.));
#630 = ORIENTED_EDGE('',*,*,#631,.T.);
#631 = EDGE_CURVE('',#624,#632,#634,.T.);
#632 = VERTEX_POINT('',#633);
#633 = CARTESIAN_POINT('',(-7.975272147147,25.830846471471,3.));
#634 = B_SPLINE_CURVE_WITH_KNOTS('',2,(#635,#636,#637),.UNSPECIFIED.,.F.
  ,.F.,(3,3),(0.,1.),.PIECEWISE_BEZIER_KNOTS.);
#635 = CARTESIAN_POINT('',(-8.509618993994,25.905874624625,3.));
#636 = CARTESIAN_POINT('',(-8.228415915916,25.877815315315,3.));
#637 = CARTESIAN_POINT('',(-7.975272147147,25.830846471471,3.));
#638 = ORIENTED_EDGE('',*,*,#639,.T.);
#639 = EDGE_CURVE('',#632,#640,#642,.T.);
#640 = VERTEX_POINT('',#641);
#641 = CARTESIAN_POINT('',(-7.534862987988,25.746058558559,3.));
#642 = B_SPLINE_CURVE_WITH_KNOTS('',2,(#643,#644,#645),.UNSPECIFIED.,.F.
  ,.F.,(3,3),(0.,1.),.PIECEWISE_BEZIER_KNOTS.);
#643 = CARTESIAN_POINT('',(-7.975272147147,25.830846471471,3.));
#644 = CARTESIAN_POINT('',(-7.722128378378,25.783877627628,3.));
#645 = CARTESIAN_POINT('',(-7.534862987988,25.746058558559,3.));
#646 = ORIENTED_EDGE('',*,*,#647,.T.);
#647 = EDGE_CURVE('',#640,#648,#650,.T.);
#648 = VERTEX_POINT('',#649);
#649 = CARTESIAN_POINT('',(-7.272569444444,25.68993993994,3.));
#650 = B_SPLINE_CURVE_WITH_KNOTS('',2,(#651,#652,#653),.UNSPECIFIED.,.F.
  ,.F.,(3,3),(0.,1.),.PIECEWISE_BEZIER_KNOTS.);
#651 = CARTESIAN_POINT('',(-7.534862987988,25.746058558559,3.));
#652 = CARTESIAN_POINT('',(-7.347597597598,25.708849474474,3.));
#653 = CARTESIAN_POINT('',(-7.272569444444,25.68993993994,3.));
#654 = ORIENTED_EDGE('',*,*,#655,.T.);
#655 = EDGE_CURVE('',#648,#656,#658,.T.);
#656 = VERTEX_POINT('',#657);
#657 = CARTESIAN_POINT('',(-7.272569444444,26.178537912913,3.));
#658 = LINE('',#659,#660);
#659 = CARTESIAN_POINT('',(-7.272569444444,25.68993993994,3.));
#660 = VECTOR('',#661,1.);
#661 = DIRECTION('',(0.,1.,0.));
#662 = ORIENTED_EDGE('',*,*,#663,.T.);
#663 = EDGE_CURVE('',#656,#664,#666,.T.);
#664 = VERTEX_POINT('',#665);
#665 = CARTESIAN_POINT('',(-7.366507132132,27.034346846847,3.));
#666 = B_SPLINE_CURVE_WITH_KNOTS('',2,(#667,#668,#669),.UNSPECIFIED.,.F.
  ,.F.,(3,3),(0.,1.),.PIECEWISE_BEZIER_KNOTS.);
#667 = CARTESIAN_POINT('',(-7.272569444444,26.178537912913,3.));
#668 = CARTESIAN_POINT('',(-7.272569444444,26.611627252252,3.));
#669 = CARTESIAN_POINT('',(-7.366507132132,27.034346846847,3.));
#670 = ORIENTED_EDGE('',*,*,#671,.T.);
#671 = EDGE_CURVE('',#664,#672,#674,.T.);
#672 = VERTEX_POINT('',#673);
#673 = CARTESIAN_POINT('',(-7.703828828829,27.786458333333,3.));
#674 = B_SPLINE_CURVE_WITH_KNOTS('',2,(#675,#676,#677),.UNSPECIFIED.,.F.
  ,.F.,(3,3),(0.,1.),.PIECEWISE_BEZIER_KNOTS.);
#675 = CARTESIAN_POINT('',(-7.366507132132,27.034346846847,3.));
#676 = CARTESIAN_POINT('',(-7.459834834835,27.457676426426,3.));
#677 = CARTESIAN_POINT('',(-7.703828828829,27.786458333333,3.));
#678 = ORIENTED_EDGE('',*,*,#679,.T.);
#679 = EDGE_CURVE('',#672,#680,#682,.T.);
#680 = VERTEX_POINT('',#681);
#681 = CARTESIAN_POINT('',(-8.368712462462,28.312875375375,3.));
#682 = B_SPLINE_CURVE_WITH_KNOTS('',2,(#683,#684,#685),.UNSPECIFIED.,.F.
  ,.F.,(3,3),(0.,1.),.PIECEWISE_BEZIER_KNOTS.);
#683 = CARTESIAN_POINT('',(-7.703828828829,27.786458333333,3.));
#684 = CARTESIAN_POINT('',(-7.947212837838,28.115850225225,3.));
#685 = CARTESIAN_POINT('',(-8.368712462462,28.312875375375,3.));
#686 = ORIENTED_EDGE('',*,*,#687,.T.);
#687 = EDGE_CURVE('',#680,#688,#690,.T.);
#688 = VERTEX_POINT('',#689);
#689 = CARTESIAN_POINT('',(-9.46485548048,28.510510510511,3.));
#690 = B_SPLINE_CURVE_WITH_KNOTS('',2,(#691,#692,#693),.UNSPECIFIED.,.F.
  ,.F.,(3,3),(0.,1.),.PIECEWISE_BEZIER_KNOTS.);
#691 = CARTESIAN_POINT('',(-8.368712462462,28.312875375375,3.));
#692 = CARTESIAN_POINT('',(-8.790212087087,28.510510510511,3.));
#693 = CARTESIAN_POINT('',(-9.46485548048,28.510510510511,3.));
#694 = ORIENTED_EDGE('',*,*,#695,.T.);
#695 = EDGE_CURVE('',#688,#696,#698,.T.);
#696 = VERTEX_POINT('',#697);
#697 = CARTESIAN_POINT('',(-10.97334834834,28.388513513514,3.));
#698 = B_SPLINE_CURVE_WITH_KNOTS('',2,(#699,#700,#701),.UNSPECIFIED.,.F.
  ,.F.,(3,3),(0.,1.),.PIECEWISE_BEZIER_KNOTS.);
#699 = CARTESIAN_POINT('',(-9.46485548048,28.510510510511,3.));
#700 = CARTESIAN_POINT('',(-10.32676426426,28.510510510511,3.));
#701 = CARTESIAN_POINT('',(-10.97334834834,28.388513513514,3.));
#702 = ORIENTED_EDGE('',*,*,#703,.T.);
#703 = EDGE_CURVE('',#696,#704,#706,.T.);
#704 = VERTEX_POINT('',#705);
#705 = CARTESIAN_POINT('',(-11.93834459459,28.13597972973,3.));
#706 = B_SPLINE_CURVE_WITH_KNOTS('',2,(#707,#708,#709),.UNSPECIFIED.,.F.
  ,.F.,(3,3),(0.,1.),.PIECEWISE_BEZIER_KNOTS.);
#707 = CARTESIAN_POINT('',(-10.97334834834,28.388513513514,3.));
#708 = CARTESIAN_POINT('',(-11.61993243243,28.267126501502,3.));
#709 = CARTESIAN_POINT('',(-11.93834459459,28.13597972973,3.));
#710 = ORIENTED_EDGE('',*,*,#711,.T.);
#711 = EDGE_CURVE('',#704,#712,#714,.T.);
#712 = VERTEX_POINT('',#713);
#713 = CARTESIAN_POINT('',(-12.14451951952,29.56273460961,3.));
#714 = LINE('',#715,#716);
#715 = CARTESIAN_POINT('',(-11.93834459459,28.13597972973,3.));
#716 = VECTOR('',#717,1.);
#717 = DIRECTION('',(-0.143020633167,0.989719707033,0.));
#718 = ORIENTED_EDGE('',*,*,#719,.T.);
#719 = EDGE_CURVE('',#712,#478,#720,.T.);
#720 = B_SPLINE_CURVE_WITH_KNOTS('',2,(#721,#722,#723),.UNSPECIFIED.,.F.
  ,.F.,(3,3),(0.,1.),.PIECEWISE_BEZIER_KNOTS.);
#721 = CARTESIAN_POINT('',(-12.14451951952,29.56273460961,3.));
#722 = CARTESIAN_POINT('',(-11.80719782282,29.712790915916,3.));
#723 = CARTESIAN_POINT('',(-11.02031719219,29.853087462462,3.));
#724 = FACE_BOUND('',#725,.T.);
#725 = EDGE_LOOP('',(#726,#736,#744,#752,#760,#768,#776,#784,#792,#800,
    #808,#816,#824,#832,#840,#848,#856,#864,#872,#880));
#726 = ORIENTED_EDGE('',*,*,#727,.T.);
#727 = EDGE_CURVE('',#728,#730,#732,.T.);
#728 = VERTEX_POINT('',#729);
#729 = CARTESIAN_POINT('',(-18.36758633633,32.765765765766,3.));
#730 = VERTEX_POINT('',#731);
#731 = CARTESIAN_POINT('',(-18.36758633633,29.75975975976,3.));
#732 = LINE('',#733,#734);
#733 = CARTESIAN_POINT('',(-18.36758633633,32.765765765766,3.));
#734 = VECTOR('',#735,1.);
#735 = DIRECTION('',(0.,-1.,0.));
#736 = ORIENTED_EDGE('',*,*,#737,.T.);
#737 = EDGE_CURVE('',#730,#738,#740,.T.);
#738 = VERTEX_POINT('',#739);
#739 = CARTESIAN_POINT('',(-14.6759572072,29.75975975976,3.));
#740 = LINE('',#741,#742);
#741 = CARTESIAN_POINT('',(-18.36758633633,29.75975975976,3.));
#742 = VECTOR('',#743,1.);
#743 = DIRECTION('',(1.,0.,0.));
#744 = ORIENTED_EDGE('',*,*,#745,.T.);
#745 = EDGE_CURVE('',#738,#746,#748,.T.);
#746 = VERTEX_POINT('',#747);
#747 = CARTESIAN_POINT('',(-14.6759572072,28.315315315315,3.));
#748 = LINE('',#749,#750);
#749 = CARTESIAN_POINT('',(-14.6759572072,29.75975975976,3.));
#750 = VECTOR('',#751,1.);
#751 = DIRECTION('',(0.,-1.,0.));
#752 = ORIENTED_EDGE('',*,*,#753,.T.);
#753 = EDGE_CURVE('',#746,#754,#756,.T.);
#754 = VERTEX_POINT('',#755);
#755 = CARTESIAN_POINT('',(-18.36758633633,28.315315315315,3.));
#756 = LINE('',#757,#758);
#757 = CARTESIAN_POINT('',(-14.6759572072,28.315315315315,3.));
#758 = VECTOR('',#759,1.);
#759 = DIRECTION('',(-1.,0.,0.));
#760 = ORIENTED_EDGE('',*,*,#761,.T.);
#761 = EDGE_CURVE('',#754,#762,#764,.T.);
#762 = VERTEX_POINT('',#763);
#763 = CARTESIAN_POINT('',(-18.36758633633,23.794716591592,3.));
#764 = LINE('',#765,#766);
#765 = CARTESIAN_POINT('',(-18.36758633633,28.315315315315,3.));
#766 = VECTOR('',#767,1.);
#767 = DIRECTION('',(0.,-1.,0.));
#768 = ORIENTED_EDGE('',*,*,#769,.T.);
#769 = EDGE_CURVE('',#762,#770,#772,.T.);
#770 = VERTEX_POINT('',#771);
#771 = CARTESIAN_POINT('',(-18.25534909909,22.579626501502,3.));
#772 = B_SPLINE_CURVE_WITH_KNOTS('',2,(#773,#774,#775),.UNSPECIFIED.,.F.
  ,.F.,(3,3),(0.,1.),.PIECEWISE_BEZIER_KNOTS.);
#773 = CARTESIAN_POINT('',(-18.36758633633,23.794716591592,3.));
#774 = CARTESIAN_POINT('',(-18.36758633633,23.06029466967,3.));
#775 = CARTESIAN_POINT('',(-18.25534909909,22.579626501502,3.));
#776 = ORIENTED_EDGE('',*,*,#777,.T.);
#777 = EDGE_CURVE('',#770,#778,#780,.T.);
#778 = VERTEX_POINT('',#779);
#779 = CARTESIAN_POINT('',(-17.9180274024,21.826295045045,3.));
#780 = B_SPLINE_CURVE_WITH_KNOTS('',2,(#781,#782,#783),.UNSPECIFIED.,.F.
  ,.F.,(3,3),(0.,1.),.PIECEWISE_BEZIER_KNOTS.);
#781 = CARTESIAN_POINT('',(-18.25534909909,22.579626501502,3.));
#782 = CARTESIAN_POINT('',(-18.14250187687,22.099568318318,3.));
#783 = CARTESIAN_POINT('',(-17.9180274024,21.826295045045,3.));
#784 = ORIENTED_EDGE('',*,*,#785,.T.);
#785 = EDGE_CURVE('',#778,#786,#788,.T.);
#786 = VERTEX_POINT('',#787);
#787 = CARTESIAN_POINT('',(-17.35562124624,21.44017454955,3.));
#788 = B_SPLINE_CURVE_WITH_KNOTS('',2,(#789,#790,#791),.UNSPECIFIED.,.F.
  ,.F.,(3,3),(0.,1.),.PIECEWISE_BEZIER_KNOTS.);
#789 = CARTESIAN_POINT('',(-17.9180274024,21.826295045045,3.));
#790 = CARTESIAN_POINT('',(-17.69294294294,21.553631756757,3.));
#791 = CARTESIAN_POINT('',(-17.35562124624,21.44017454955,3.));
#792 = ORIENTED_EDGE('',*,*,#793,.T.);
#793 = EDGE_CURVE('',#786,#794,#796,.T.);
#794 = VERTEX_POINT('',#795);
#795 = CARTESIAN_POINT('',(-16.56874061561,21.327327327327,3.));
#796 = B_SPLINE_CURVE_WITH_KNOTS('',2,(#797,#798,#799),.UNSPECIFIED.,.F.
  ,.F.,(3,3),(0.,1.),.PIECEWISE_BEZIER_KNOTS.);
#797 = CARTESIAN_POINT('',(-17.35562124624,21.44017454955,3.));
#798 = CARTESIAN_POINT('',(-17.01829954955,21.327327327327,3.));
#799 = CARTESIAN_POINT('',(-16.56874061561,21.327327327327,3.));
#800 = ORIENTED_EDGE('',*,*,#801,.T.);
#801 = EDGE_CURVE('',#794,#802,#804,.T.);
#802 = VERTEX_POINT('',#803);
#803 = CARTESIAN_POINT('',(-15.30363175675,21.505442942943,3.));
#804 = B_SPLINE_CURVE_WITH_KNOTS('',2,(#805,#806,#807),.UNSPECIFIED.,.F.
  ,.F.,(3,3),(0.,1.),.PIECEWISE_BEZIER_KNOTS.);
#805 = CARTESIAN_POINT('',(-16.56874061561,21.327327327327,3.));
#806 = CARTESIAN_POINT('',(-15.78125,21.327327327327,3.));
#807 = CARTESIAN_POINT('',(-15.30363175675,21.505442942943,3.));
#808 = ORIENTED_EDGE('',*,*,#809,.T.);
#809 = EDGE_CURVE('',#802,#810,#812,.T.);
#810 = VERTEX_POINT('',#811);
#811 = CARTESIAN_POINT('',(-14.63813813813,21.758586711712,3.));
#812 = B_SPLINE_CURVE_WITH_KNOTS('',2,(#813,#814,#815),.UNSPECIFIED.,.F.
  ,.F.,(3,3),(0.,1.),.PIECEWISE_BEZIER_KNOTS.);
#813 = CARTESIAN_POINT('',(-15.30363175675,21.505442942943,3.));
#814 = CARTESIAN_POINT('',(-14.82540352852,21.683558558559,3.));
#815 = CARTESIAN_POINT('',(-14.63813813813,21.758586711712,3.));
#816 = ORIENTED_EDGE('',*,*,#817,.T.);
#817 = EDGE_CURVE('',#810,#818,#820,.T.);
#818 = VERTEX_POINT('',#819);
#819 = CARTESIAN_POINT('',(-14.30142642642,20.329391891892,3.));
#820 = LINE('',#821,#822);
#821 = CARTESIAN_POINT('',(-14.63813813813,21.758586711712,3.));
#822 = VECTOR('',#823,1.);
#823 = DIRECTION('',(0.22931718556,-0.973351749578,0.));
#824 = ORIENTED_EDGE('',*,*,#825,.T.);
#825 = EDGE_CURVE('',#818,#826,#828,.T.);
#826 = VERTEX_POINT('',#827);
#827 = CARTESIAN_POINT('',(-15.21945382882,20.00121996997,3.));
#828 = B_SPLINE_CURVE_WITH_KNOTS('',2,(#829,#830,#831),.UNSPECIFIED.,.F.
  ,.F.,(3,3),(0.,1.),.PIECEWISE_BEZIER_KNOTS.);
#829 = CARTESIAN_POINT('',(-14.30142642642,20.329391891892,3.));
#830 = CARTESIAN_POINT('',(-14.56371996997,20.19824512012,3.));
#831 = CARTESIAN_POINT('',(-15.21945382882,20.00121996997,3.));
#832 = ORIENTED_EDGE('',*,*,#833,.T.);
#833 = EDGE_CURVE('',#826,#834,#836,.T.);
#834 = VERTEX_POINT('',#835);
#835 = CARTESIAN_POINT('',(-16.71879692192,19.804804804805,3.));
#836 = B_SPLINE_CURVE_WITH_KNOTS('',2,(#837,#838,#839),.UNSPECIFIED.,.F.
  ,.F.,(3,3),(0.,1.),.PIECEWISE_BEZIER_KNOTS.);
#837 = CARTESIAN_POINT('',(-15.21945382882,20.00121996997,3.));
#838 = CARTESIAN_POINT('',(-15.87518768768,19.804804804805,3.));
#839 = CARTESIAN_POINT('',(-16.71879692192,19.804804804805,3.));
#840 = ORIENTED_EDGE('',*,*,#841,.T.);
#841 = EDGE_CURVE('',#834,#842,#844,.T.);
#842 = VERTEX_POINT('',#843);
#843 = CARTESIAN_POINT('',(-18.35843656156,20.057338588589,3.));
#844 = B_SPLINE_CURVE_WITH_KNOTS('',2,(#845,#846,#847),.UNSPECIFIED.,.F.
  ,.F.,(3,3),(0.,1.),.PIECEWISE_BEZIER_KNOTS.);
#845 = CARTESIAN_POINT('',(-16.71879692192,19.804804804805,3.));
#846 = CARTESIAN_POINT('',(-17.71185247747,19.804804804805,3.));
#847 = CARTESIAN_POINT('',(-18.35843656156,20.057338588589,3.));
#848 = ORIENTED_EDGE('',*,*,#849,.T.);
#849 = EDGE_CURVE('',#842,#850,#852,.T.);
#850 = VERTEX_POINT('',#851);
#851 = CARTESIAN_POINT('',(-19.39846096096,20.81615990991,3.));
#852 = B_SPLINE_CURVE_WITH_KNOTS('',2,(#853,#854,#855),.UNSPECIFIED.,.F.
  ,.F.,(3,3),(0.,1.),.PIECEWISE_BEZIER_KNOTS.);
#853 = CARTESIAN_POINT('',(-18.35843656156,20.057338588589,3.));
#854 = CARTESIAN_POINT('',(-19.00502064564,20.310482357357,3.));
#855 = CARTESIAN_POINT('',(-19.39846096096,20.81615990991,3.));
#856 = ORIENTED_EDGE('',*,*,#857,.T.);
#857 = EDGE_CURVE('',#850,#858,#860,.T.);
#858 = VERTEX_POINT('',#859);
#859 = CARTESIAN_POINT('',(-19.95110735735,22.061749249249,3.));
#860 = B_SPLINE_CURVE_WITH_KNOTS('',2,(#861,#862,#863),.UNSPECIFIED.,.F.
  ,.F.,(3,3),(0.,1.),.PIECEWISE_BEZIER_KNOTS.);
#861 = CARTESIAN_POINT('',(-19.39846096096,20.81615990991,3.));
#862 = CARTESIAN_POINT('',(-19.79190127627,21.321837462462,3.));
#863 = CARTESIAN_POINT('',(-19.95110735735,22.061749249249,3.));
#864 = ORIENTED_EDGE('',*,*,#865,.T.);
#865 = EDGE_CURVE('',#858,#866,#868,.T.);
#866 = VERTEX_POINT('',#867);
#867 = CARTESIAN_POINT('',(-20.11031343843,23.775807057057,3.));
#868 = B_SPLINE_CURVE_WITH_KNOTS('',2,(#869,#870,#871),.UNSPECIFIED.,.F.
  ,.F.,(3,3),(0.,1.),.PIECEWISE_BEZIER_KNOTS.);
#869 = CARTESIAN_POINT('',(-19.95110735735,22.061749249249,3.));
#870 = CARTESIAN_POINT('',(-20.11031343843,22.801661036036,3.));
#871 = CARTESIAN_POINT('',(-20.11031343843,23.775807057057,3.));
#872 = ORIENTED_EDGE('',*,*,#873,.T.);
#873 = EDGE_CURVE('',#866,#874,#876,.T.);
#874 = VERTEX_POINT('',#875);
#875 = CARTESIAN_POINT('',(-20.11031343843,32.466263138138,3.));
#876 = LINE('',#877,#878);
#877 = CARTESIAN_POINT('',(-20.11031343843,23.775807057057,3.));
#878 = VECTOR('',#879,1.);
#879 = DIRECTION('',(0.,1.,0.));
#880 = ORIENTED_EDGE('',*,*,#881,.T.);
#881 = EDGE_CURVE('',#874,#728,#882,.T.);
#882 = LINE('',#883,#884);
#883 = CARTESIAN_POINT('',(-20.11031343843,32.466263138138,3.));
#884 = VECTOR('',#885,1.);
#885 = DIRECTION('',(0.985551590111,0.169375509536,0.));
#886 = FACE_BOUND('',#887,.T.);
#887 = EDGE_LOOP('',(#888,#898,#906,#914,#922,#930,#938,#946,#954,#962,
    #970,#978,#986,#994,#1002));
#888 = ORIENTED_EDGE('',*,*,#889,.T.);
#889 = EDGE_CURVE('',#890,#892,#894,.T.);
#890 = VERTEX_POINT('',#891);
#891 = CARTESIAN_POINT('',(21.234515865766,14.504504504505,3.));
#892 = VERTEX_POINT('',#893);
#893 = CARTESIAN_POINT('',(22.064752352252,14.504504504505,3.));
#894 = LINE('',#895,#896);
#895 = CARTESIAN_POINT('',(21.234515865766,14.504504504505,3.));
#896 = VECTOR('',#897,1.);
#897 = DIRECTION('',(1.,0.,0.));
#898 = ORIENTED_EDGE('',*,*,#899,.T.);
#899 = EDGE_CURVE('',#892,#900,#902,.T.);
#900 = VERTEX_POINT('',#901);
#901 = CARTESIAN_POINT('',(21.273367217117,12.07911036036,3.));
#902 = B_SPLINE_CURVE_WITH_KNOTS('',2,(#903,#904,#905),.UNSPECIFIED.,.F.
  ,.F.,(3,3),(0.,1.),.PIECEWISE_BEZIER_KNOTS.);
#903 = CARTESIAN_POINT('',(22.064752352252,14.504504504505,3.));
#904 = CARTESIAN_POINT('',(21.727477577477,13.239864864865,3.));
#905 = CARTESIAN_POINT('',(21.273367217117,12.07911036036,3.));
#906 = ORIENTED_EDGE('',*,*,#907,.T.);
#907 = EDGE_CURVE('',#900,#908,#910,.T.);
#908 = VERTEX_POINT('',#909);
#909 = CARTESIAN_POINT('',(20.395551901802,10.,3.));
#910 = B_SPLINE_CURVE_WITH_KNOTS('',2,(#911,#912,#913),.UNSPECIFIED.,.F.
  ,.F.,(3,3),(0.,1.),.PIECEWISE_BEZIER_KNOTS.);
#911 = CARTESIAN_POINT('',(21.273367217117,12.07911036036,3.));
#912 = CARTESIAN_POINT('',(20.819256856757,10.918355855856,3.));
#913 = CARTESIAN_POINT('',(20.395551901802,10.,3.));
#914 = ORIENTED_EDGE('',*,*,#915,.T.);
#915 = EDGE_CURVE('',#908,#916,#918,.T.);
#916 = VERTEX_POINT('',#917);
#917 = CARTESIAN_POINT('',(19.668919018919,10.,3.));
#918 = LINE('',#919,#920);
#919 = CARTESIAN_POINT('',(20.395551901802,10.,3.));
#920 = VECTOR('',#921,1.);
#921 = DIRECTION('',(-1.,0.,0.));
#922 = ORIENTED_EDGE('',*,*,#923,.T.);
#923 = EDGE_CURVE('',#916,#924,#926,.T.);
#924 = VERTEX_POINT('',#925);
#925 = CARTESIAN_POINT('',(18.791103703604,12.07911036036,3.));
#926 = B_SPLINE_CURVE_WITH_KNOTS('',2,(#927,#928,#929),.UNSPECIFIED.,.F.
  ,.F.,(3,3),(0.,1.),.PIECEWISE_BEZIER_KNOTS.);
#927 = CARTESIAN_POINT('',(19.668919018919,10.,3.));
#928 = CARTESIAN_POINT('',(19.245214063964,10.918355855856,3.));
#929 = CARTESIAN_POINT('',(18.791103703604,12.07911036036,3.));
#930 = ORIENTED_EDGE('',*,*,#931,.T.);
#931 = EDGE_CURVE('',#924,#932,#934,.T.);
#932 = VERTEX_POINT('',#933);
#933 = CARTESIAN_POINT('',(18.0000001,14.504504504505,3.));
#934 = B_SPLINE_CURVE_WITH_KNOTS('',2,(#935,#936,#937),.UNSPECIFIED.,.F.
  ,.F.,(3,3),(0.,1.),.PIECEWISE_BEZIER_KNOTS.);
#935 = CARTESIAN_POINT('',(18.791103703604,12.07911036036,3.));
#936 = CARTESIAN_POINT('',(18.337274874775,13.239864864865,3.));
#937 = CARTESIAN_POINT('',(18.0000001,14.504504504505,3.));
#938 = ORIENTED_EDGE('',*,*,#939,.T.);
#939 = EDGE_CURVE('',#932,#940,#942,.T.);
#940 = VERTEX_POINT('',#941);
#941 = CARTESIAN_POINT('',(18.864864964865,14.504504504505,3.));
#942 = LINE('',#943,#944);
#943 = CARTESIAN_POINT('',(18.0000001,14.504504504505,3.));
#944 = VECTOR('',#945,1.);
#945 = DIRECTION('',(1.,0.,0.));
#946 = ORIENTED_EDGE('',*,*,#947,.T.);
#947 = EDGE_CURVE('',#940,#948,#950,.T.);
#948 = VERTEX_POINT('',#949);
#949 = CARTESIAN_POINT('',(19.111205054955,13.598817567568,3.));
#950 = B_SPLINE_CURVE_WITH_KNOTS('',2,(#951,#952,#953),.UNSPECIFIED.,.F.
  ,.F.,(3,3),(0.,1.),.PIECEWISE_BEZIER_KNOTS.);
#951 = CARTESIAN_POINT('',(18.864864964865,14.504504504505,3.));
#952 = CARTESIAN_POINT('',(18.9687501,14.079954954955,3.));
#953 = CARTESIAN_POINT('',(19.111205054955,13.598817567568,3.));
#954 = ORIENTED_EDGE('',*,*,#955,.T.);
#955 = EDGE_CURVE('',#948,#956,#958,.T.);
#956 = VERTEX_POINT('',#957);
#957 = CARTESIAN_POINT('',(19.413851451351,12.645833333333,3.));
#958 = B_SPLINE_CURVE_WITH_KNOTS('',2,(#959,#960,#961),.UNSPECIFIED.,.F.
  ,.F.,(3,3),(0.,1.),.PIECEWISE_BEZIER_KNOTS.);
#959 = CARTESIAN_POINT('',(19.111205054955,13.598817567568,3.));
#960 = CARTESIAN_POINT('',(19.253941541441,13.117961711712,3.));
#961 = CARTESIAN_POINT('',(19.413851451351,12.645833333333,3.));
#962 = ORIENTED_EDGE('',*,*,#963,.T.);
#963 = EDGE_CURVE('',#956,#964,#966,.T.);
#964 = VERTEX_POINT('',#965);
#965 = CARTESIAN_POINT('',(19.738175775676,11.73170045045,3.));
#966 = B_SPLINE_CURVE_WITH_KNOTS('',2,(#967,#968,#969),.UNSPECIFIED.,.F.
  ,.F.,(3,3),(0.,1.),.PIECEWISE_BEZIER_KNOTS.);
#967 = CARTESIAN_POINT('',(19.413851451351,12.645833333333,3.));
#968 = CARTESIAN_POINT('',(19.574042892793,12.173704954955,3.));
#969 = CARTESIAN_POINT('',(19.738175775676,11.73170045045,3.));
#970 = ORIENTED_EDGE('',*,*,#971,.T.);
#971 = EDGE_CURVE('',#964,#972,#974,.T.);
#972 = VERTEX_POINT('',#973);
#973 = CARTESIAN_POINT('',(20.04954964955,10.943130630631,3.));
#974 = B_SPLINE_CURVE_WITH_KNOTS('',2,(#975,#976,#977),.UNSPECIFIED.,.F.
  ,.F.,(3,3),(0.,1.),.PIECEWISE_BEZIER_KNOTS.);
#975 = CARTESIAN_POINT('',(19.738175775676,11.73170045045,3.));
#976 = CARTESIAN_POINT('',(19.90259019009,11.289695945946,3.));
#977 = CARTESIAN_POINT('',(20.04954964955,10.943130630631,3.));
#978 = ORIENTED_EDGE('',*,*,#979,.T.);
#979 = EDGE_CURVE('',#972,#980,#982,.T.);
#980 = VERTEX_POINT('',#981);
#981 = CARTESIAN_POINT('',(20.360923523423,11.73170045045,3.));
#982 = B_SPLINE_CURVE_WITH_KNOTS('',2,(#983,#984,#985),.UNSPECIFIED.,.F.
  ,.F.,(3,3),(0.,1.),.PIECEWISE_BEZIER_KNOTS.);
#983 = CARTESIAN_POINT('',(20.04954964955,10.943130630631,3.));
#984 = CARTESIAN_POINT('',(20.196509109009,11.289695945946,3.));
#985 = CARTESIAN_POINT('',(20.360923523423,11.73170045045,3.));
#986 = ORIENTED_EDGE('',*,*,#987,.T.);
#987 = EDGE_CURVE('',#980,#988,#990,.T.);
#988 = VERTEX_POINT('',#989);
#989 = CARTESIAN_POINT('',(20.685247847748,12.645833333333,3.));
#990 = B_SPLINE_CURVE_WITH_KNOTS('',2,(#991,#992,#993),.UNSPECIFIED.,.F.
  ,.F.,(3,3),(0.,1.),.PIECEWISE_BEZIER_KNOTS.);
#991 = CARTESIAN_POINT('',(20.360923523423,11.73170045045,3.));
#992 = CARTESIAN_POINT('',(20.525337937838,12.173704954955,3.));
#993 = CARTESIAN_POINT('',(20.685247847748,12.645833333333,3.));
#994 = ORIENTED_EDGE('',*,*,#995,.T.);
#995 = EDGE_CURVE('',#988,#996,#998,.T.);
#996 = VERTEX_POINT('',#997);
#997 = CARTESIAN_POINT('',(20.987894244144,13.598817567568,3.));
#998 = B_SPLINE_CURVE_WITH_KNOTS('',2,(#999,#1000,#1001),.UNSPECIFIED.,
  .F.,.F.,(3,3),(0.,1.),.PIECEWISE_BEZIER_KNOTS.);
#999 = CARTESIAN_POINT('',(20.685247847748,12.645833333333,3.));
#1000 = CARTESIAN_POINT('',(20.845157757658,13.117961711712,3.));
#1001 = CARTESIAN_POINT('',(20.987894244144,13.598817567568,3.));
#1002 = ORIENTED_EDGE('',*,*,#1003,.T.);
#1003 = EDGE_CURVE('',#996,#890,#1004,.T.);
#1004 = B_SPLINE_CURVE_WITH_KNOTS('',2,(#1005,#1006,#1007),
  .UNSPECIFIED.,.F.,.F.,(3,3),(0.,1.),.PIECEWISE_BEZIER_KNOTS.);
#1005 = CARTESIAN_POINT('',(20.987894244144,13.598817567568,3.));
#1006 = CARTESIAN_POINT('',(21.130630730631,14.079954954955,3.));
#1007 = CARTESIAN_POINT('',(21.234515865766,14.504504504505,3.));
#1008 = FACE_BOUND('',#1009,.T.);
#1009 = EDGE_LOOP('',(#1010,#1020,#1028,#1036,#1044,#1052,#1060,#1068));
#1010 = ORIENTED_EDGE('',*,*,#1011,.T.);
#1011 = EDGE_CURVE('',#1012,#1014,#1016,.T.);
#1012 = VERTEX_POINT('',#1013);
#1013 = CARTESIAN_POINT('',(30.574324424324,10.872747747748,3.));
#1014 = VERTEX_POINT('',#1015);
#1015 = CARTESIAN_POINT('',(30.730011361261,10.468468468468,3.));
#1016 = B_SPLINE_CURVE_WITH_KNOTS('',2,(#1017,#1018,#1019),
  .UNSPECIFIED.,.F.,.F.,(3,3),(0.,1.),.PIECEWISE_BEZIER_KNOTS.);
#1017 = CARTESIAN_POINT('',(30.574324424324,10.872747747748,3.));
#1018 = CARTESIAN_POINT('',(30.730011361261,10.700731981982,3.));
#1019 = CARTESIAN_POINT('',(30.730011361261,10.468468468468,3.));
#1020 = ORIENTED_EDGE('',*,*,#1021,.T.);
#1021 = EDGE_CURVE('',#1014,#1022,#1024,.T.);
#1022 = VERTEX_POINT('',#1023);
#1023 = CARTESIAN_POINT('',(30.574324424324,10.063907657658,3.));
#1024 = B_SPLINE_CURVE_WITH_KNOTS('',2,(#1025,#1026,#1027),
  .UNSPECIFIED.,.F.,.F.,(3,3),(0.,1.),.PIECEWISE_BEZIER_KNOTS.);
#1025 = CARTESIAN_POINT('',(30.730011361261,10.468468468468,3.));
#1026 = CARTESIAN_POINT('',(30.730011361261,10.236204954955,3.));
#1027 = CARTESIAN_POINT('',(30.574324424324,10.063907657658,3.));
#1028 = ORIENTED_EDGE('',*,*,#1029,.T.);
#1029 = EDGE_CURVE('',#1022,#1030,#1032,.T.);
#1030 = VERTEX_POINT('',#1031);
#1031 = CARTESIAN_POINT('',(30.150337937838,9.891891891892,3.));
#1032 = B_SPLINE_CURVE_WITH_KNOTS('',2,(#1033,#1034,#1035),
  .UNSPECIFIED.,.F.,.F.,(3,3),(0.,1.),.PIECEWISE_BEZIER_KNOTS.);
#1033 = CARTESIAN_POINT('',(30.574324424324,10.063907657658,3.));
#1034 = CARTESIAN_POINT('',(30.418637487387,9.891891891892,3.));
#1035 = CARTESIAN_POINT('',(30.150337937838,9.891891891892,3.));
#1036 = ORIENTED_EDGE('',*,*,#1037,.T.);
#1037 = EDGE_CURVE('',#1030,#1038,#1040,.T.);
#1038 = VERTEX_POINT('',#1039);
#1039 = CARTESIAN_POINT('',(29.726632982883,10.063907657658,3.));
#1040 = B_SPLINE_CURVE_WITH_KNOTS('',2,(#1041,#1042,#1043),
  .UNSPECIFIED.,.F.,.F.,(3,3),(0.,1.),.PIECEWISE_BEZIER_KNOTS.);
#1041 = CARTESIAN_POINT('',(30.150337937838,9.891891891892,3.));
#1042 = CARTESIAN_POINT('',(29.88231991982,9.891891891892,3.));
#1043 = CARTESIAN_POINT('',(29.726632982883,10.063907657658,3.));
#1044 = ORIENTED_EDGE('',*,*,#1045,.T.);
#1045 = EDGE_CURVE('',#1038,#1046,#1048,.T.);
#1046 = VERTEX_POINT('',#1047);
#1047 = CARTESIAN_POINT('',(29.570946045946,10.468468468468,3.));
#1048 = B_SPLINE_CURVE_WITH_KNOTS('',2,(#1049,#1050,#1051),
  .UNSPECIFIED.,.F.,.F.,(3,3),(0.,1.),.PIECEWISE_BEZIER_KNOTS.);
#1049 = CARTESIAN_POINT('',(29.726632982883,10.063907657658,3.));
#1050 = CARTESIAN_POINT('',(29.570946045946,10.236204954955,3.));
#1051 = CARTESIAN_POINT('',(29.570946045946,10.468468468468,3.));
#1052 = ORIENTED_EDGE('',*,*,#1053,.T.);
#1053 = EDGE_CURVE('',#1046,#1054,#1056,.T.);
#1054 = VERTEX_POINT('',#1055);
#1055 = CARTESIAN_POINT('',(29.726632982883,10.872747747748,3.));
#1056 = B_SPLINE_CURVE_WITH_KNOTS('',2,(#1057,#1058,#1059),
  .UNSPECIFIED.,.F.,.F.,(3,3),(0.,1.),.PIECEWISE_BEZIER_KNOTS.);
#1057 = CARTESIAN_POINT('',(29.570946045946,10.468468468468,3.));
#1058 = CARTESIAN_POINT('',(29.570946045946,10.700731981982,3.));
#1059 = CARTESIAN_POINT('',(29.726632982883,10.872747747748,3.));
#1060 = ORIENTED_EDGE('',*,*,#1061,.T.);
#1061 = EDGE_CURVE('',#1054,#1062,#1064,.T.);
#1062 = VERTEX_POINT('',#1063);
#1063 = CARTESIAN_POINT('',(30.150337937838,11.045045045045,3.));
#1064 = B_SPLINE_CURVE_WITH_KNOTS('',2,(#1065,#1066,#1067),
  .UNSPECIFIED.,.F.,.F.,(3,3),(0.,1.),.PIECEWISE_BEZIER_KNOTS.);
#1065 = CARTESIAN_POINT('',(29.726632982883,10.872747747748,3.));
#1066 = CARTESIAN_POINT('',(29.88231991982,11.045045045045,3.));
#1067 = CARTESIAN_POINT('',(30.150337937838,11.045045045045,3.));
#1068 = ORIENTED_EDGE('',*,*,#1069,.T.);
#1069 = EDGE_CURVE('',#1062,#1012,#1070,.T.);
#1070 = B_SPLINE_CURVE_WITH_KNOTS('',2,(#1071,#1072,#1073),
  .UNSPECIFIED.,.F.,.F.,(3,3),(0.,1.),.PIECEWISE_BEZIER_KNOTS.);
#1071 = CARTESIAN_POINT('',(30.150337937838,11.045045045045,3.));
#1072 = CARTESIAN_POINT('',(30.418637487387,11.045045045045,3.));
#1073 = CARTESIAN_POINT('',(30.574324424324,10.872747747748,3.));
#1074 = FACE_BOUND('',#1075,.T.);
#1075 = EDGE_LOOP('',(#1076,#1086,#1094,#1102,#1110,#1118,#1126,#1134,
    #1142,#1150,#1158,#1166,#1174,#1182,#1190,#1198,#1206,#1214,#1222,
    #1230,#1238,#1246,#1254,#1262,#1270,#1278,#1286,#1294,#1302,#1310,
    #1318,#1326,#1334,#1342,#1350,#1358));
#1076 = ORIENTED_EDGE('',*,*,#1077,.T.);
#1077 = EDGE_CURVE('',#1078,#1080,#1082,.T.);
#1078 = VERTEX_POINT('',#1079);
#1079 = CARTESIAN_POINT('',(27.771396496396,15.689752252252,3.));
#1080 = VERTEX_POINT('',#1081);
#1081 = CARTESIAN_POINT('',(28.24268028018,14.458333333333,3.));
#1082 = B_SPLINE_CURVE_WITH_KNOTS('',2,(#1083,#1084,#1085),
  .UNSPECIFIED.,.F.,.F.,(3,3),(0.,1.),.PIECEWISE_BEZIER_KNOTS.);
#1083 = CARTESIAN_POINT('',(27.771396496396,15.689752252252,3.));
#1084 = CARTESIAN_POINT('',(28.24268028018,15.253378378378,3.));
#1085 = CARTESIAN_POINT('',(28.24268028018,14.458333333333,3.));
#1086 = ORIENTED_EDGE('',*,*,#1087,.T.);
#1087 = EDGE_CURVE('',#1080,#1088,#1090,.T.);
#1088 = VERTEX_POINT('',#1089);
#1089 = CARTESIAN_POINT('',(28.117117217117,13.857545045045,3.));
#1090 = B_SPLINE_CURVE_WITH_KNOTS('',2,(#1091,#1092,#1093),
  .UNSPECIFIED.,.F.,.F.,(3,3),(0.,1.),.PIECEWISE_BEZIER_KNOTS.);
#1091 = CARTESIAN_POINT('',(28.24268028018,14.458333333333,3.));
#1092 = CARTESIAN_POINT('',(28.24268028018,14.147240990991,3.));
#1093 = CARTESIAN_POINT('',(28.117117217117,13.857545045045,3.));
#1094 = ORIENTED_EDGE('',*,*,#1095,.T.);
#1095 = EDGE_CURVE('',#1088,#1096,#1098,.T.);
#1096 = VERTEX_POINT('',#1097);
#1097 = CARTESIAN_POINT('',(27.784346946847,13.287162162162,3.));
#1098 = B_SPLINE_CURVE_WITH_KNOTS('',2,(#1099,#1100,#1101),
  .UNSPECIFIED.,.F.,.F.,(3,3),(0.,1.),.PIECEWISE_BEZIER_KNOTS.);
#1099 = CARTESIAN_POINT('',(28.117117217117,13.857545045045,3.));
#1100 = CARTESIAN_POINT('',(27.991835685586,13.568130630631,3.));
#1101 = CARTESIAN_POINT('',(27.784346946847,13.287162162162,3.));
#1102 = ORIENTED_EDGE('',*,*,#1103,.T.);
#1103 = EDGE_CURVE('',#1096,#1104,#1106,.T.);
#1104 = VERTEX_POINT('',#1105);
#1105 = CARTESIAN_POINT('',(27.317286136036,12.734234234234,3.));
#1106 = B_SPLINE_CURVE_WITH_KNOTS('',2,(#1107,#1108,#1109),
  .UNSPECIFIED.,.F.,.F.,(3,3),(0.,1.),.PIECEWISE_BEZIER_KNOTS.);
#1107 = CARTESIAN_POINT('',(27.784346946847,13.287162162162,3.));
#1108 = CARTESIAN_POINT('',(27.576858208108,13.006475225225,3.));
#1109 = CARTESIAN_POINT('',(27.317286136036,12.734234234234,3.));
#1110 = ORIENTED_EDGE('',*,*,#1111,.T.);
#1111 = EDGE_CURVE('',#1104,#1112,#1114,.T.);
#1112 = VERTEX_POINT('',#1113);
#1113 = CARTESIAN_POINT('',(26.798423523423,12.203265765766,3.));
#1114 = B_SPLINE_CURVE_WITH_KNOTS('',2,(#1115,#1116,#1117),
  .UNSPECIFIED.,.F.,.F.,(3,3),(0.,1.),.PIECEWISE_BEZIER_KNOTS.);
#1115 = CARTESIAN_POINT('',(27.317286136036,12.734234234234,3.));
#1116 = CARTESIAN_POINT('',(27.057995595495,12.462274774775,3.));
#1117 = CARTESIAN_POINT('',(26.798423523423,12.203265765766,3.));
#1118 = ORIENTED_EDGE('',*,*,#1119,.T.);
#1119 = EDGE_CURVE('',#1112,#1120,#1122,.T.);
#1120 = VERTEX_POINT('',#1121);
#1121 = CARTESIAN_POINT('',(26.456644244144,11.857545045045,3.));
#1122 = B_SPLINE_CURVE_WITH_KNOTS('',2,(#1123,#1124,#1125),
  .UNSPECIFIED.,.F.,.F.,(3,3),(0.,1.),.PIECEWISE_BEZIER_KNOTS.);
#1123 = CARTESIAN_POINT('',(26.798423523423,12.203265765766,3.));
#1124 = CARTESIAN_POINT('',(26.651464063964,12.056306306306,3.));
#1125 = CARTESIAN_POINT('',(26.456644244144,11.857545045045,3.));
#1126 = ORIENTED_EDGE('',*,*,#1127,.T.);
#1127 = EDGE_CURVE('',#1120,#1128,#1130,.T.);
#1128 = VERTEX_POINT('',#1129);
#1129 = CARTESIAN_POINT('',(26.088964063964,11.443412162162,3.));
#1130 = B_SPLINE_CURVE_WITH_KNOTS('',2,(#1131,#1132,#1133),
  .UNSPECIFIED.,.F.,.F.,(3,3),(0.,1.),.PIECEWISE_BEZIER_KNOTS.);
#1131 = CARTESIAN_POINT('',(26.456644244144,11.857545045045,3.));
#1132 = CARTESIAN_POINT('',(26.262105955856,11.659065315315,3.));
#1133 = CARTESIAN_POINT('',(26.088964063964,11.443412162162,3.));
#1134 = ORIENTED_EDGE('',*,*,#1135,.T.);
#1135 = EDGE_CURVE('',#1128,#1136,#1138,.T.);
#1136 = VERTEX_POINT('',#1137);
#1137 = CARTESIAN_POINT('',(25.799268118018,11.029560810811,3.));
#1138 = B_SPLINE_CURVE_WITH_KNOTS('',2,(#1139,#1140,#1141),
  .UNSPECIFIED.,.F.,.F.,(3,3),(0.,1.),.PIECEWISE_BEZIER_KNOTS.);
#1139 = CARTESIAN_POINT('',(26.088964063964,11.443412162162,3.));
#1140 = CARTESIAN_POINT('',(25.916103703604,11.228040540541,3.));
#1141 = CARTESIAN_POINT('',(25.799268118018,11.029560810811,3.));
#1142 = ORIENTED_EDGE('',*,*,#1143,.T.);
#1143 = EDGE_CURVE('',#1136,#1144,#1146,.T.);
#1144 = VERTEX_POINT('',#1145);
#1145 = CARTESIAN_POINT('',(25.682714063964,10.684684684685,3.));
#1146 = B_SPLINE_CURVE_WITH_KNOTS('',2,(#1147,#1148,#1149),
  .UNSPECIFIED.,.F.,.F.,(3,3),(0.,1.),.PIECEWISE_BEZIER_KNOTS.);
#1147 = CARTESIAN_POINT('',(25.799268118018,11.029560810811,3.));
#1148 = CARTESIAN_POINT('',(25.682714063964,10.831362612613,3.));
#1149 = CARTESIAN_POINT('',(25.682714063964,10.684684684685,3.));
#1150 = ORIENTED_EDGE('',*,*,#1151,.T.);
#1151 = EDGE_CURVE('',#1144,#1152,#1154,.T.);
#1152 = VERTEX_POINT('',#1153);
#1153 = CARTESIAN_POINT('',(28.441723072973,10.684684684685,3.));
#1154 = LINE('',#1155,#1156);
#1155 = CARTESIAN_POINT('',(25.682714063964,10.684684684685,3.));
#1156 = VECTOR('',#1157,1.);
#1157 = DIRECTION('',(1.,0.,0.));
#1158 = ORIENTED_EDGE('',*,*,#1159,.T.);
#1159 = EDGE_CURVE('',#1152,#1160,#1162,.T.);
#1160 = VERTEX_POINT('',#1161);
#1161 = CARTESIAN_POINT('',(28.441723072973,10.,3.));
#1162 = LINE('',#1163,#1164);
#1163 = CARTESIAN_POINT('',(28.441723072973,10.684684684685,3.));
#1164 = VECTOR('',#1165,1.);
#1165 = DIRECTION('',(0.,-1.,0.));
#1166 = ORIENTED_EDGE('',*,*,#1167,.T.);
#1167 = EDGE_CURVE('',#1160,#1168,#1170,.T.);
#1168 = VERTEX_POINT('',#1169);
#1169 = CARTESIAN_POINT('',(24.809403253153,10.,3.));
#1170 = LINE('',#1171,#1172);
#1171 = CARTESIAN_POINT('',(28.441723072973,10.,3.));
#1172 = VECTOR('',#1173,1.);
#1173 = DIRECTION('',(-1.,0.,0.));
#1174 = ORIENTED_EDGE('',*,*,#1175,.T.);
#1175 = EDGE_CURVE('',#1168,#1176,#1178,.T.);
#1176 = VERTEX_POINT('',#1177);
#1177 = CARTESIAN_POINT('',(24.800675775676,10.103603603604,3.));
#1178 = B_SPLINE_CURVE_WITH_KNOTS('',2,(#1179,#1180,#1181),
  .UNSPECIFIED.,.F.,.F.,(3,3),(0.,1.),.PIECEWISE_BEZIER_KNOTS.);
#1179 = CARTESIAN_POINT('',(24.809403253153,10.,3.));
#1180 = CARTESIAN_POINT('',(24.800675775676,10.051801801802,3.));
#1181 = CARTESIAN_POINT('',(24.800675775676,10.103603603604,3.));
#1182 = ORIENTED_EDGE('',*,*,#1183,.T.);
#1183 = EDGE_CURVE('',#1176,#1184,#1186,.T.);
#1184 = VERTEX_POINT('',#1185);
#1185 = CARTESIAN_POINT('',(24.800675775676,10.198761261261,3.));
#1186 = B_SPLINE_CURVE_WITH_KNOTS('',2,(#1187,#1188,#1189),
  .UNSPECIFIED.,.F.,.F.,(3,3),(0.,1.),.PIECEWISE_BEZIER_KNOTS.);
#1187 = CARTESIAN_POINT('',(24.800675775676,10.103603603604,3.));
#1188 = CARTESIAN_POINT('',(24.800675775676,10.155686936937,3.));
#1189 = CARTESIAN_POINT('',(24.800675775676,10.198761261261,3.));
#1190 = ORIENTED_EDGE('',*,*,#1191,.T.);
#1191 = EDGE_CURVE('',#1184,#1192,#1194,.T.);
#1192 = VERTEX_POINT('',#1193);
#1193 = CARTESIAN_POINT('',(24.934684784685,10.954954954955,3.));
#1194 = B_SPLINE_CURVE_WITH_KNOTS('',2,(#1195,#1196,#1197),
  .UNSPECIFIED.,.F.,.F.,(3,3),(0.,1.),.PIECEWISE_BEZIER_KNOTS.);
#1195 = CARTESIAN_POINT('',(24.800675775676,10.198761261261,3.));
#1196 = CARTESIAN_POINT('',(24.800675775676,10.605011261261,3.));
#1197 = CARTESIAN_POINT('',(24.934684784685,10.954954954955,3.));
#1198 = ORIENTED_EDGE('',*,*,#1199,.T.);
#1199 = EDGE_CURVE('',#1192,#1200,#1202,.T.);
#1200 = VERTEX_POINT('',#1201);
#1201 = CARTESIAN_POINT('',(25.28491000991,11.615990990991,3.));
#1202 = B_SPLINE_CURVE_WITH_KNOTS('',2,(#1203,#1204,#1205),
  .UNSPECIFIED.,.F.,.F.,(3,3),(0.,1.),.PIECEWISE_BEZIER_KNOTS.);
#1203 = CARTESIAN_POINT('',(24.934684784685,10.954954954955,3.));
#1204 = CARTESIAN_POINT('',(25.068693793694,11.304898648649,3.));
#1205 = CARTESIAN_POINT('',(25.28491000991,11.615990990991,3.));
#1206 = ORIENTED_EDGE('',*,*,#1207,.T.);
#1207 = EDGE_CURVE('',#1200,#1208,#1210,.T.);
#1208 = VERTEX_POINT('',#1209);
#1209 = CARTESIAN_POINT('',(25.769144244144,12.203547297297,3.));
#1210 = B_SPLINE_CURVE_WITH_KNOTS('',2,(#1211,#1212,#1213),
  .UNSPECIFIED.,.F.,.F.,(3,3),(0.,1.),.PIECEWISE_BEZIER_KNOTS.);
#1211 = CARTESIAN_POINT('',(25.28491000991,11.615990990991,3.));
#1212 = CARTESIAN_POINT('',(25.501126226126,11.927083333333,3.));
#1213 = CARTESIAN_POINT('',(25.769144244144,12.203547297297,3.));
#1214 = ORIENTED_EDGE('',*,*,#1215,.T.);
#1215 = EDGE_CURVE('',#1208,#1216,#1218,.T.);
#1216 = VERTEX_POINT('',#1217);
#1217 = CARTESIAN_POINT('',(26.296734334234,12.73902027027,3.));
#1218 = B_SPLINE_CURVE_WITH_KNOTS('',2,(#1219,#1220,#1221),
  .UNSPECIFIED.,.F.,.F.,(3,3),(0.,1.),.PIECEWISE_BEZIER_KNOTS.);
#1219 = CARTESIAN_POINT('',(25.769144244144,12.203547297297,3.));
#1220 = CARTESIAN_POINT('',(26.037443793694,12.480011261261,3.));
#1221 = CARTESIAN_POINT('',(26.296734334234,12.73902027027,3.));
#1222 = ORIENTED_EDGE('',*,*,#1223,.T.);
#1223 = EDGE_CURVE('',#1216,#1224,#1226,.T.);
#1224 = VERTEX_POINT('',#1225);
#1225 = CARTESIAN_POINT('',(26.70777037027,13.149493243243,3.));
#1226 = B_SPLINE_CURVE_WITH_KNOTS('',2,(#1227,#1228,#1229),
  .UNSPECIFIED.,.F.,.F.,(3,3),(0.,1.),.PIECEWISE_BEZIER_KNOTS.);
#1227 = CARTESIAN_POINT('',(26.296734334234,12.73902027027,3.));
#1228 = CARTESIAN_POINT('',(26.513232081982,12.946509009009,3.));
#1229 = CARTESIAN_POINT('',(26.70777037027,13.149493243243,3.));
#1230 = ORIENTED_EDGE('',*,*,#1231,.T.);
#1231 = EDGE_CURVE('',#1224,#1232,#1234,.T.);
#1232 = VERTEX_POINT('',#1233);
#1233 = CARTESIAN_POINT('',(27.053491090991,13.55518018018,3.));
#1234 = B_SPLINE_CURVE_WITH_KNOTS('',2,(#1235,#1236,#1237),
  .UNSPECIFIED.,.F.,.F.,(3,3),(0.,1.),.PIECEWISE_BEZIER_KNOTS.);
#1235 = CARTESIAN_POINT('',(26.70777037027,13.149493243243,3.));
#1236 = CARTESIAN_POINT('',(26.902308658559,13.352477477477,3.));
#1237 = CARTESIAN_POINT('',(27.053491090991,13.55518018018,3.));
#1238 = ORIENTED_EDGE('',*,*,#1239,.T.);
#1239 = EDGE_CURVE('',#1232,#1240,#1242,.T.);
#1240 = VERTEX_POINT('',#1241);
#1241 = CARTESIAN_POINT('',(27.295608208108,13.973536036036,3.));
#1242 = B_SPLINE_CURVE_WITH_KNOTS('',2,(#1243,#1244,#1245),
  .UNSPECIFIED.,.F.,.F.,(3,3),(0.,1.),.PIECEWISE_BEZIER_KNOTS.);
#1243 = CARTESIAN_POINT('',(27.053491090991,13.55518018018,3.));
#1244 = CARTESIAN_POINT('',(27.204955054955,13.757882882883,3.));
#1245 = CARTESIAN_POINT('',(27.295608208108,13.973536036036,3.));
#1246 = ORIENTED_EDGE('',*,*,#1247,.T.);
#1247 = EDGE_CURVE('',#1240,#1248,#1250,.T.);
#1248 = VERTEX_POINT('',#1249);
#1249 = CARTESIAN_POINT('',(27.386542892793,14.430743243243,3.));
#1250 = B_SPLINE_CURVE_WITH_KNOTS('',2,(#1251,#1252,#1253),
  .UNSPECIFIED.,.F.,.F.,(3,3),(0.,1.),.PIECEWISE_BEZIER_KNOTS.);
#1251 = CARTESIAN_POINT('',(27.295608208108,13.973536036036,3.));
#1252 = CARTESIAN_POINT('',(27.386542892793,14.189189189189,3.));
#1253 = CARTESIAN_POINT('',(27.386542892793,14.430743243243,3.));
#1254 = ORIENTED_EDGE('',*,*,#1255,.T.);
#1255 = EDGE_CURVE('',#1248,#1256,#1258,.T.);
#1256 = VERTEX_POINT('',#1257);
#1257 = CARTESIAN_POINT('',(27.304335685586,14.870495495495,3.));
#1258 = B_SPLINE_CURVE_WITH_KNOTS('',2,(#1259,#1260,#1261),
  .UNSPECIFIED.,.F.,.F.,(3,3),(0.,1.),.PIECEWISE_BEZIER_KNOTS.);
#1259 = CARTESIAN_POINT('',(27.386542892793,14.430743243243,3.));
#1260 = CARTESIAN_POINT('',(27.386542892793,14.689470720721,3.));
#1261 = CARTESIAN_POINT('',(27.304335685586,14.870495495495,3.));
#1262 = ORIENTED_EDGE('',*,*,#1263,.T.);
#1263 = EDGE_CURVE('',#1256,#1264,#1266,.T.);
#1264 = VERTEX_POINT('',#1265);
#1265 = CARTESIAN_POINT('',(27.083614964865,15.172578828829,3.));
#1266 = B_SPLINE_CURVE_WITH_KNOTS('',2,(#1267,#1268,#1269),
  .UNSPECIFIED.,.F.,.F.,(3,3),(0.,1.),.PIECEWISE_BEZIER_KNOTS.);
#1267 = CARTESIAN_POINT('',(27.304335685586,14.870495495495,3.));
#1268 = CARTESIAN_POINT('',(27.222128478378,15.051801801802,3.));
#1269 = CARTESIAN_POINT('',(27.083614964865,15.172578828829,3.));
#1270 = ORIENTED_EDGE('',*,*,#1271,.T.);
#1271 = EDGE_CURVE('',#1264,#1272,#1274,.T.);
#1272 = VERTEX_POINT('',#1273);
#1273 = CARTESIAN_POINT('',(26.759290640541,15.349380630631,3.));
#1274 = B_SPLINE_CURVE_WITH_KNOTS('',2,(#1275,#1276,#1277),
  .UNSPECIFIED.,.F.,.F.,(3,3),(0.,1.),.PIECEWISE_BEZIER_KNOTS.);
#1275 = CARTESIAN_POINT('',(27.083614964865,15.172578828829,3.));
#1276 = CARTESIAN_POINT('',(26.945382982883,15.293355855856,3.));
#1277 = CARTESIAN_POINT('',(26.759290640541,15.349380630631,3.));
#1278 = ORIENTED_EDGE('',*,*,#1279,.T.);
#1279 = EDGE_CURVE('',#1272,#1280,#1282,.T.);
#1280 = VERTEX_POINT('',#1281);
#1281 = CARTESIAN_POINT('',(26.365991090991,15.405405405405,3.));
#1282 = B_SPLINE_CURVE_WITH_KNOTS('',2,(#1283,#1284,#1285),
  .UNSPECIFIED.,.F.,.F.,(3,3),(0.,1.),.PIECEWISE_BEZIER_KNOTS.);
#1283 = CARTESIAN_POINT('',(26.759290640541,15.349380630631,3.));
#1284 = CARTESIAN_POINT('',(26.57347982973,15.405405405405,3.));
#1285 = CARTESIAN_POINT('',(26.365991090991,15.405405405405,3.));
#1286 = ORIENTED_EDGE('',*,*,#1287,.T.);
#1287 = EDGE_CURVE('',#1280,#1288,#1290,.T.);
#1288 = VERTEX_POINT('',#1289);
#1289 = CARTESIAN_POINT('',(25.907376226126,15.336148648649,3.));
#1290 = B_SPLINE_CURVE_WITH_KNOTS('',2,(#1291,#1292,#1293),
  .UNSPECIFIED.,.F.,.F.,(3,3),(0.,1.),.PIECEWISE_BEZIER_KNOTS.);
#1291 = CARTESIAN_POINT('',(26.365991090991,15.405405405405,3.));
#1292 = CARTESIAN_POINT('',(26.115146496396,15.405405405405,3.));
#1293 = CARTESIAN_POINT('',(25.907376226126,15.336148648649,3.));
#1294 = ORIENTED_EDGE('',*,*,#1295,.T.);
#1295 = EDGE_CURVE('',#1288,#1296,#1298,.T.);
#1296 = VERTEX_POINT('',#1297);
#1297 = CARTESIAN_POINT('',(25.535473072973,15.175957207207,3.));
#1298 = B_SPLINE_CURVE_WITH_KNOTS('',2,(#1299,#1300,#1301),
  .UNSPECIFIED.,.F.,.F.,(3,3),(0.,1.),.PIECEWISE_BEZIER_KNOTS.);
#1299 = CARTESIAN_POINT('',(25.907376226126,15.336148648649,3.));
#1300 = CARTESIAN_POINT('',(25.699887487387,15.266891891892,3.));
#1301 = CARTESIAN_POINT('',(25.535473072973,15.175957207207,3.));
#1302 = ORIENTED_EDGE('',*,*,#1303,.T.);
#1303 = EDGE_CURVE('',#1296,#1304,#1306,.T.);
#1304 = VERTEX_POINT('',#1305);
#1305 = CARTESIAN_POINT('',(25.258727577477,14.985641891892,3.));
#1306 = B_SPLINE_CURVE_WITH_KNOTS('',2,(#1307,#1308,#1309),
  .UNSPECIFIED.,.F.,.F.,(3,3),(0.,1.),.PIECEWISE_BEZIER_KNOTS.);
#1307 = CARTESIAN_POINT('',(25.535473072973,15.175957207207,3.));
#1308 = CARTESIAN_POINT('',(25.37134019009,15.085304054054,3.));
#1309 = CARTESIAN_POINT('',(25.258727577477,14.985641891892,3.));
#1310 = ORIENTED_EDGE('',*,*,#1311,.T.);
#1311 = EDGE_CURVE('',#1304,#1312,#1314,.T.);
#1312 = VERTEX_POINT('',#1313);
#1313 = CARTESIAN_POINT('',(25.085867217117,14.834459459459,3.));
#1314 = B_SPLINE_CURVE_WITH_KNOTS('',2,(#1315,#1316,#1317),
  .UNSPECIFIED.,.F.,.F.,(3,3),(0.,1.),.PIECEWISE_BEZIER_KNOTS.);
#1315 = CARTESIAN_POINT('',(25.258727577477,14.985641891892,3.));
#1316 = CARTESIAN_POINT('',(25.146396496396,14.886261261261,3.));
#1317 = CARTESIAN_POINT('',(25.085867217117,14.834459459459,3.));
#1318 = ORIENTED_EDGE('',*,*,#1319,.T.);
#1319 = EDGE_CURVE('',#1312,#1320,#1322,.T.);
#1320 = VERTEX_POINT('',#1321);
#1321 = CARTESIAN_POINT('',(24.688063163063,15.408502252252,3.));
#1322 = LINE('',#1323,#1324);
#1323 = CARTESIAN_POINT('',(25.085867217117,14.834459459459,3.));
#1324 = VECTOR('',#1325,1.);
#1325 = DIRECTION('',(-0.569587225082,0.821930893095,0.));
#1326 = ORIENTED_EDGE('',*,*,#1327,.T.);
#1327 = EDGE_CURVE('',#1320,#1328,#1330,.T.);
#1328 = VERTEX_POINT('',#1329);
#1329 = CARTESIAN_POINT('',(24.921452802703,15.620213963964,3.));
#1330 = B_SPLINE_CURVE_WITH_KNOTS('',2,(#1331,#1332,#1333),
  .UNSPECIFIED.,.F.,.F.,(3,3),(0.,1.),.PIECEWISE_BEZIER_KNOTS.);
#1331 = CARTESIAN_POINT('',(24.688063163063,15.408502252252,3.));
#1332 = CARTESIAN_POINT('',(24.765765865766,15.494932432432,3.));
#1333 = CARTESIAN_POINT('',(24.921452802703,15.620213963964,3.));
#1334 = ORIENTED_EDGE('',*,*,#1335,.T.);
#1335 = EDGE_CURVE('',#1328,#1336,#1338,.T.);
#1336 = VERTEX_POINT('',#1337);
#1337 = CARTESIAN_POINT('',(25.293355955856,15.858108108108,3.));
#1338 = B_SPLINE_CURVE_WITH_KNOTS('',2,(#1339,#1340,#1341),
  .UNSPECIFIED.,.F.,.F.,(3,3),(0.,1.),.PIECEWISE_BEZIER_KNOTS.);
#1339 = CARTESIAN_POINT('',(24.921452802703,15.620213963964,3.));
#1340 = CARTESIAN_POINT('',(25.07713973964,15.745777027027,3.));
#1341 = CARTESIAN_POINT('',(25.293355955856,15.858108108108,3.));
#1342 = ORIENTED_EDGE('',*,*,#1343,.T.);
#1343 = EDGE_CURVE('',#1336,#1344,#1346,.T.);
#1344 = VERTEX_POINT('',#1345);
#1345 = CARTESIAN_POINT('',(25.77759019009,16.048141891892,3.));
#1346 = B_SPLINE_CURVE_WITH_KNOTS('',2,(#1347,#1348,#1349),
  .UNSPECIFIED.,.F.,.F.,(3,3),(0.,1.),.PIECEWISE_BEZIER_KNOTS.);
#1347 = CARTESIAN_POINT('',(25.293355955856,15.858108108108,3.));
#1348 = CARTESIAN_POINT('',(25.509572172072,15.970439189189,3.));
#1349 = CARTESIAN_POINT('',(25.77759019009,16.048141891892,3.));
#1350 = ORIENTED_EDGE('',*,*,#1351,.T.);
#1351 = EDGE_CURVE('',#1344,#1352,#1354,.T.);
#1352 = VERTEX_POINT('',#1353);
#1353 = CARTESIAN_POINT('',(26.357263613514,16.126126126126,3.));
#1354 = B_SPLINE_CURVE_WITH_KNOTS('',2,(#1355,#1356,#1357),
  .UNSPECIFIED.,.F.,.F.,(3,3),(0.,1.),.PIECEWISE_BEZIER_KNOTS.);
#1355 = CARTESIAN_POINT('',(25.77759019009,16.048141891892,3.));
#1356 = CARTESIAN_POINT('',(26.04588973964,16.126126126126,3.));
#1357 = CARTESIAN_POINT('',(26.357263613514,16.126126126126,3.));
#1358 = ORIENTED_EDGE('',*,*,#1359,.T.);
#1359 = EDGE_CURVE('',#1352,#1078,#1360,.T.);
#1360 = B_SPLINE_CURVE_WITH_KNOTS('',2,(#1361,#1362,#1363),
  .UNSPECIFIED.,.F.,.F.,(3,3),(0.,1.),.PIECEWISE_BEZIER_KNOTS.);
#1361 = CARTESIAN_POINT('',(26.357263613514,16.126126126126,3.));
#1362 = CARTESIAN_POINT('',(27.300112712613,16.126126126126,3.));
#1363 = CARTESIAN_POINT('',(27.771396496396,15.689752252252,3.));
#1364 = FACE_BOUND('',#1365,.T.);
#1365 = EDGE_LOOP('',(#1366,#1376,#1384,#1392,#1400,#1408,#1416,#1424,
    #1432,#1440,#1448,#1456,#1464,#1472));
#1366 = ORIENTED_EDGE('',*,*,#1367,.T.);
#1367 = EDGE_CURVE('',#1368,#1370,#1372,.T.);
#1368 = VERTEX_POINT('',#1369);
#1369 = CARTESIAN_POINT('',(31.55884019009,11.531531531532,3.));
#1370 = VERTEX_POINT('',#1371);
#1371 = CARTESIAN_POINT('',(31.55884019009,12.067849099099,3.));
#1372 = LINE('',#1373,#1374);
#1373 = CARTESIAN_POINT('',(31.55884019009,11.531531531532,3.));
#1374 = VECTOR('',#1375,1.);
#1375 = DIRECTION('',(0.,1.,0.));
#1376 = ORIENTED_EDGE('',*,*,#1377,.T.);
#1377 = EDGE_CURVE('',#1370,#1378,#1380,.T.);
#1378 = VERTEX_POINT('',#1379);
#1379 = CARTESIAN_POINT('',(32.008446045946,12.95777027027,3.));
#1380 = B_SPLINE_CURVE_WITH_KNOTS('',2,(#1381,#1382,#1383),
  .UNSPECIFIED.,.F.,.F.,(3,3),(0.,1.),.PIECEWISE_BEZIER_KNOTS.);
#1381 = CARTESIAN_POINT('',(31.55884019009,12.067849099099,3.));
#1382 = CARTESIAN_POINT('',(31.723254604505,12.449887387387,3.));
#1383 = CARTESIAN_POINT('',(32.008446045946,12.95777027027,3.));
#1384 = ORIENTED_EDGE('',*,*,#1385,.T.);
#1385 = EDGE_CURVE('',#1378,#1386,#1388,.T.);
#1386 = VERTEX_POINT('',#1387);
#1387 = CARTESIAN_POINT('',(32.652871721622,14.004222972973,3.));
#1388 = B_SPLINE_CURVE_WITH_KNOTS('',2,(#1389,#1390,#1391),
  .UNSPECIFIED.,.F.,.F.,(3,3),(0.,1.),.PIECEWISE_BEZIER_KNOTS.);
#1389 = CARTESIAN_POINT('',(32.008446045946,12.95777027027,3.));
#1390 = CARTESIAN_POINT('',(32.293919018919,13.465934684685,3.));
#1391 = CARTESIAN_POINT('',(32.652871721622,14.004222972973,3.));
#1392 = ORIENTED_EDGE('',*,*,#1393,.T.);
#1393 = EDGE_CURVE('',#1386,#1394,#1396,.T.);
#1394 = VERTEX_POINT('',#1395);
#1395 = CARTESIAN_POINT('',(33.422578928829,15.063626126126,3.));
#1396 = B_SPLINE_CURVE_WITH_KNOTS('',2,(#1397,#1398,#1399),
  .UNSPECIFIED.,.F.,.F.,(3,3),(0.,1.),.PIECEWISE_BEZIER_KNOTS.);
#1397 = CARTESIAN_POINT('',(32.652871721622,14.004222972973,3.));
#1398 = CARTESIAN_POINT('',(33.011824424324,14.542792792793,3.));
#1399 = CARTESIAN_POINT('',(33.422578928829,15.063626126126,3.));
#1400 = ORIENTED_EDGE('',*,*,#1401,.T.);
#1401 = EDGE_CURVE('',#1394,#1402,#1404,.T.);
#1402 = VERTEX_POINT('',#1403);
#1403 = CARTESIAN_POINT('',(34.248592442342,16.,3.));
#1404 = B_SPLINE_CURVE_WITH_KNOTS('',2,(#1405,#1406,#1407),
  .UNSPECIFIED.,.F.,.F.,(3,3),(0.,1.),.PIECEWISE_BEZIER_KNOTS.);
#1405 = CARTESIAN_POINT('',(33.422578928829,15.063626126126,3.));
#1406 = CARTESIAN_POINT('',(33.833333433333,15.584740990991,3.));
#1407 = CARTESIAN_POINT('',(34.248592442342,16.,3.));
#1408 = ORIENTED_EDGE('',*,*,#1409,.T.);
#1409 = EDGE_CURVE('',#1402,#1410,#1412,.T.);
#1410 = VERTEX_POINT('',#1411);
#1411 = CARTESIAN_POINT('',(35.01829964955,16.,3.));
#1412 = LINE('',#1413,#1414);
#1413 = CARTESIAN_POINT('',(34.248592442342,16.,3.));
#1414 = VECTOR('',#1415,1.);
#1415 = DIRECTION('',(1.,0.,0.));
#1416 = ORIENTED_EDGE('',*,*,#1417,.T.);
#1417 = EDGE_CURVE('',#1410,#1418,#1420,.T.);
#1418 = VERTEX_POINT('',#1419);
#1419 = CARTESIAN_POINT('',(35.01829964955,12.18018018018,3.));
#1420 = LINE('',#1421,#1422);
#1421 = CARTESIAN_POINT('',(35.01829964955,16.,3.));
#1422 = VECTOR('',#1423,1.);
#1423 = DIRECTION('',(0.,-1.,0.));
#1424 = ORIENTED_EDGE('',*,*,#1425,.T.);
#1425 = EDGE_CURVE('',#1418,#1426,#1428,.T.);
#1426 = VERTEX_POINT('',#1427);
#1427 = CARTESIAN_POINT('',(35.727477577477,12.18018018018,3.));
#1428 = LINE('',#1429,#1430);
#1429 = CARTESIAN_POINT('',(35.01829964955,12.18018018018,3.));
#1430 = VECTOR('',#1431,1.);
#1431 = DIRECTION('',(1.,0.,0.));
#1432 = ORIENTED_EDGE('',*,*,#1433,.T.);
#1433 = EDGE_CURVE('',#1426,#1434,#1436,.T.);
#1434 = VERTEX_POINT('',#1435);
#1435 = CARTESIAN_POINT('',(35.727477577477,11.531531531532,3.));
#1436 = LINE('',#1437,#1438);
#1437 = CARTESIAN_POINT('',(35.727477577477,12.18018018018,3.));
#1438 = VECTOR('',#1439,1.);
#1439 = DIRECTION('',(0.,-1.,0.));
#1440 = ORIENTED_EDGE('',*,*,#1441,.T.);
#1441 = EDGE_CURVE('',#1434,#1442,#1444,.T.);
#1442 = VERTEX_POINT('',#1443);
#1443 = CARTESIAN_POINT('',(35.01829964955,11.531531531532,3.));
#1444 = LINE('',#1445,#1446);
#1445 = CARTESIAN_POINT('',(35.727477577477,11.531531531532,3.));
#1446 = VECTOR('',#1447,1.);
#1447 = DIRECTION('',(-1.,0.,0.));
#1448 = ORIENTED_EDGE('',*,*,#1449,.T.);
#1449 = EDGE_CURVE('',#1442,#1450,#1452,.T.);
#1450 = VERTEX_POINT('',#1451);
#1451 = CARTESIAN_POINT('',(35.01829964955,10.,3.));
#1452 = LINE('',#1453,#1454);
#1453 = CARTESIAN_POINT('',(35.01829964955,11.531531531532,3.));
#1454 = VECTOR('',#1455,1.);
#1455 = DIRECTION('',(0.,-1.,0.));
#1456 = ORIENTED_EDGE('',*,*,#1457,.T.);
#1457 = EDGE_CURVE('',#1450,#1458,#1460,.T.);
#1458 = VERTEX_POINT('',#1459);
#1459 = CARTESIAN_POINT('',(34.239864964865,10.,3.));
#1460 = LINE('',#1461,#1462);
#1461 = CARTESIAN_POINT('',(35.01829964955,10.,3.));
#1462 = VECTOR('',#1463,1.);
#1463 = DIRECTION('',(-1.,0.,0.));
#1464 = ORIENTED_EDGE('',*,*,#1465,.T.);
#1465 = EDGE_CURVE('',#1458,#1466,#1468,.T.);
#1466 = VERTEX_POINT('',#1467);
#1467 = CARTESIAN_POINT('',(34.239864964865,11.531531531532,3.));
#1468 = LINE('',#1469,#1470);
#1469 = CARTESIAN_POINT('',(34.239864964865,10.,3.));
#1470 = VECTOR('',#1471,1.);
#1471 = DIRECTION('',(0.,1.,0.));
#1472 = ORIENTED_EDGE('',*,*,#1473,.T.);
#1473 = EDGE_CURVE('',#1466,#1368,#1474,.T.);
#1474 = LINE('',#1475,#1476);
#1475 = CARTESIAN_POINT('',(34.239864964865,11.531531531532,3.));
#1476 = VECTOR('',#1477,1.);
#1477 = DIRECTION('',(-1.,0.,0.));
#1478 = FACE_BOUND('',#1479,.T.);
#1479 = EDGE_LOOP('',(#1480));
#1480 = ORIENTED_EDGE('',*,*,#1481,.F.);
#1481 = EDGE_CURVE('',#1482,#1482,#1484,.T.);
#1482 = VERTEX_POINT('',#1483);
#1483 = CARTESIAN_POINT('',(43.9,13.,3.));
#1484 = CIRCLE('',#1485,1.4);
#1485 = AXIS2_PLACEMENT_3D('',#1486,#1487,#1488);
#1486 = CARTESIAN_POINT('',(42.5,13.,3.));
#1487 = DIRECTION('',(0.,0.,1.));
#1488 = DIRECTION('',(1.,0.,0.));
#1489 = FACE_BOUND('',#1490,.T.);
#1490 = EDGE_LOOP('',(#1491,#1501,#1509,#1517,#1525,#1533,#1541,#1549,
    #1557,#1565,#1573,#1581,#1589,#1597,#1605,#1613,#1621,#1629,#1637,
    #1645));
#1491 = ORIENTED_EDGE('',*,*,#1492,.T.);
#1492 = EDGE_CURVE('',#1493,#1495,#1497,.T.);
#1493 = VERTEX_POINT('',#1494);
#1494 = CARTESIAN_POINT('',(-2.664132882883,20.,3.));
#1495 = VERTEX_POINT('',#1496);
#1496 = CARTESIAN_POINT('',(-2.664132882883,29.468186936937,3.));
#1497 = LINE('',#1498,#1499);
#1498 = CARTESIAN_POINT('',(-2.664132882883,20.,3.));
#1499 = VECTOR('',#1500,1.);
#1500 = DIRECTION('',(0.,1.,0.));
#1501 = ORIENTED_EDGE('',*,*,#1502,.T.);
#1502 = EDGE_CURVE('',#1495,#1503,#1505,.T.);
#1503 = VERTEX_POINT('',#1504);
#1504 = CARTESIAN_POINT('',(-1.071462087087,29.786599099099,3.));
#1505 = B_SPLINE_CURVE_WITH_KNOTS('',2,(#1506,#1507,#1508),
  .UNSPECIFIED.,.F.,.F.,(3,3),(0.,1.),.PIECEWISE_BEZIER_KNOTS.);
#1506 = CARTESIAN_POINT('',(-2.664132882883,29.468186936937,3.));
#1507 = CARTESIAN_POINT('',(-2.064517642643,29.618243243243,3.));
#1508 = CARTESIAN_POINT('',(-1.071462087087,29.786599099099,3.));
#1509 = ORIENTED_EDGE('',*,*,#1510,.T.);
#1510 = EDGE_CURVE('',#1503,#1511,#1513,.T.);
#1511 = VERTEX_POINT('',#1512);
#1512 = CARTESIAN_POINT('',(1.214761636637,29.954954954955,3.));
#1513 = B_SPLINE_CURVE_WITH_KNOTS('',2,(#1514,#1515,#1516),
  .UNSPECIFIED.,.F.,.F.,(3,3),(0.,1.),.PIECEWISE_BEZIER_KNOTS.);
#1514 = CARTESIAN_POINT('',(-1.071462087087,29.786599099099,3.));
#1515 = CARTESIAN_POINT('',(-7.840653153153E-02,29.954954954955,3.));
#1516 = CARTESIAN_POINT('',(1.214761636637,29.954954954955,3.));
#1517 = ORIENTED_EDGE('',*,*,#1518,.T.);
#1518 = EDGE_CURVE('',#1511,#1519,#1521,.T.);
#1519 = VERTEX_POINT('',#1520);
#1520 = CARTESIAN_POINT('',(3.144144144144,29.626783033033,3.));
#1521 = B_SPLINE_CURVE_WITH_KNOTS('',2,(#1522,#1523,#1524),
  .UNSPECIFIED.,.F.,.F.,(3,3),(0.,1.),.PIECEWISE_BEZIER_KNOTS.);
#1522 = CARTESIAN_POINT('',(1.214761636637,29.954954954955,3.));
#1523 = CARTESIAN_POINT('',(2.376173048048,29.954954954955,3.));
#1524 = CARTESIAN_POINT('',(3.144144144144,29.626783033033,3.));
#1525 = ORIENTED_EDGE('',*,*,#1526,.T.);
#1526 = EDGE_CURVE('',#1519,#1527,#1529,.T.);
#1527 = VERTEX_POINT('',#1528);
#1528 = CARTESIAN_POINT('',(4.372043918919,28.708145645646,3.));
#1529 = B_SPLINE_CURVE_WITH_KNOTS('',2,(#1530,#1531,#1532),
  .UNSPECIFIED.,.F.,.F.,(3,3),(0.,1.),.PIECEWISE_BEZIER_KNOTS.);
#1530 = CARTESIAN_POINT('',(3.144144144144,29.626783033033,3.));
#1531 = CARTESIAN_POINT('',(3.912725225225,29.298611111111,3.));
#1532 = CARTESIAN_POINT('',(4.372043918919,28.708145645646,3.));
#1533 = ORIENTED_EDGE('',*,*,#1534,.T.);
#1534 = EDGE_CURVE('',#1527,#1535,#1537,.T.);
#1535 = VERTEX_POINT('',#1536);
#1536 = CARTESIAN_POINT('',(5.018628003003,27.292370495495,3.));
#1537 = B_SPLINE_CURVE_WITH_KNOTS('',2,(#1538,#1539,#1540),
  .UNSPECIFIED.,.F.,.F.,(3,3),(0.,1.),.PIECEWISE_BEZIER_KNOTS.);
#1538 = CARTESIAN_POINT('',(4.372043918919,28.708145645646,3.));
#1539 = CARTESIAN_POINT('',(4.831362612613,28.11768018018,3.));
#1540 = CARTESIAN_POINT('',(5.018628003003,27.292370495495,3.));
#1541 = ORIENTED_EDGE('',*,*,#1542,.T.);
#1542 = EDGE_CURVE('',#1535,#1543,#1545,.T.);
#1543 = VERTEX_POINT('',#1544);
#1544 = CARTESIAN_POINT('',(5.205893393393,25.474005255255,3.));
#1545 = B_SPLINE_CURVE_WITH_KNOTS('',2,(#1546,#1547,#1548),
  .UNSPECIFIED.,.F.,.F.,(3,3),(0.,1.),.PIECEWISE_BEZIER_KNOTS.);
#1546 = CARTESIAN_POINT('',(5.018628003003,27.292370495495,3.));
#1547 = CARTESIAN_POINT('',(5.205893393393,26.467670795796,3.));
#1548 = CARTESIAN_POINT('',(5.205893393393,25.474005255255,3.));
#1549 = ORIENTED_EDGE('',*,*,#1550,.T.);
#1550 = EDGE_CURVE('',#1543,#1551,#1553,.T.);
#1551 = VERTEX_POINT('',#1552);
#1552 = CARTESIAN_POINT('',(5.205893393393,20.,3.));
#1553 = LINE('',#1554,#1555);
#1554 = CARTESIAN_POINT('',(5.205893393393,25.474005255255,3.));
#1555 = VECTOR('',#1556,1.);
#1556 = DIRECTION('',(0.,-1.,0.));
#1557 = ORIENTED_EDGE('',*,*,#1558,.T.);
#1558 = EDGE_CURVE('',#1551,#1559,#1561,.T.);
#1559 = VERTEX_POINT('',#1560);
#1560 = CARTESIAN_POINT('',(3.463166291291,20.,3.));
#1561 = LINE('',#1562,#1563);
#1562 = CARTESIAN_POINT('',(5.205893393393,20.,3.));
#1563 = VECTOR('',#1564,1.);
#1564 = DIRECTION('',(-1.,0.,0.));
#1565 = ORIENTED_EDGE('',*,*,#1566,.T.);
#1566 = EDGE_CURVE('',#1559,#1567,#1569,.T.);
#1567 = VERTEX_POINT('',#1568);
#1568 = CARTESIAN_POINT('',(3.463166291291,25.108014264264,3.));
#1569 = LINE('',#1570,#1571);
#1570 = CARTESIAN_POINT('',(3.463166291291,20.,3.));
#1571 = VECTOR('',#1572,1.);
#1572 = DIRECTION('',(0.,1.,0.));
#1573 = ORIENTED_EDGE('',*,*,#1574,.T.);
#1574 = EDGE_CURVE('',#1567,#1575,#1577,.T.);
#1575 = VERTEX_POINT('',#1576);
#1576 = CARTESIAN_POINT('',(3.341169294294,26.648226351351,3.));
#1577 = B_SPLINE_CURVE_WITH_KNOTS('',2,(#1578,#1579,#1580),
  .UNSPECIFIED.,.F.,.F.,(3,3),(0.,1.),.PIECEWISE_BEZIER_KNOTS.);
#1578 = CARTESIAN_POINT('',(3.463166291291,25.108014264264,3.));
#1579 = CARTESIAN_POINT('',(3.463166291291,26.009572072072,3.));
#1580 = CARTESIAN_POINT('',(3.341169294294,26.648226351351,3.));
#1581 = ORIENTED_EDGE('',*,*,#1582,.T.);
#1582 = EDGE_CURVE('',#1575,#1583,#1585,.T.);
#1583 = VERTEX_POINT('',#1584);
#1584 = CARTESIAN_POINT('',(2.938579204204,27.680930930931,3.));
#1585 = B_SPLINE_CURVE_WITH_KNOTS('',2,(#1586,#1587,#1588),
  .UNSPECIFIED.,.F.,.F.,(3,3),(0.,1.),.PIECEWISE_BEZIER_KNOTS.);
#1586 = CARTESIAN_POINT('',(3.341169294294,26.648226351351,3.));
#1587 = CARTESIAN_POINT('',(3.219782282282,27.286880630631,3.));
#1588 = CARTESIAN_POINT('',(2.938579204204,27.680930930931,3.));
#1589 = ORIENTED_EDGE('',*,*,#1590,.T.);
#1590 = EDGE_CURVE('',#1583,#1591,#1593,.T.);
#1591 = VERTEX_POINT('',#1592);
#1592 = CARTESIAN_POINT('',(2.188907657658,28.253706831832,3.));
#1593 = B_SPLINE_CURVE_WITH_KNOTS('',2,(#1594,#1595,#1596),
  .UNSPECIFIED.,.F.,.F.,(3,3),(0.,1.),.PIECEWISE_BEZIER_KNOTS.);
#1594 = CARTESIAN_POINT('',(2.938579204204,27.680930930931,3.));
#1595 = CARTESIAN_POINT('',(2.657376126126,28.075591216216,3.));
#1596 = CARTESIAN_POINT('',(2.188907657658,28.253706831832,3.));
#1597 = ORIENTED_EDGE('',*,*,#1598,.T.);
#1598 = EDGE_CURVE('',#1591,#1599,#1601,.T.);
#1599 = VERTEX_POINT('',#1600);
#1600 = CARTESIAN_POINT('',(1.027496246246,28.432432432432,3.));
#1601 = B_SPLINE_CURVE_WITH_KNOTS('',2,(#1602,#1603,#1604),
  .UNSPECIFIED.,.F.,.F.,(3,3),(0.,1.),.PIECEWISE_BEZIER_KNOTS.);
#1602 = CARTESIAN_POINT('',(2.188907657658,28.253706831832,3.));
#1603 = CARTESIAN_POINT('',(1.720439189189,28.432432432432,3.));
#1604 = CARTESIAN_POINT('',(1.027496246246,28.432432432432,3.));
#1605 = ORIENTED_EDGE('',*,*,#1606,.T.);
#1606 = EDGE_CURVE('',#1599,#1607,#1609,.T.);
#1607 = VERTEX_POINT('',#1608);
#1608 = CARTESIAN_POINT('',(0.446180555556,28.413522897898,3.));
#1609 = B_SPLINE_CURVE_WITH_KNOTS('',2,(#1610,#1611,#1612),
  .UNSPECIFIED.,.F.,.F.,(3,3),(0.,1.),.PIECEWISE_BEZIER_KNOTS.);
#1610 = CARTESIAN_POINT('',(1.027496246246,28.432432432432,3.));
#1611 = CARTESIAN_POINT('',(0.746293168168,28.432432432432,3.));
#1612 = CARTESIAN_POINT('',(0.446180555556,28.413522897898,3.));
#1613 = ORIENTED_EDGE('',*,*,#1614,.T.);
#1614 = EDGE_CURVE('',#1607,#1615,#1617,.T.);
#1615 = VERTEX_POINT('',#1616);
#1616 = CARTESIAN_POINT('',(-0.125375375375,28.366554054054,3.));
#1617 = B_SPLINE_CURVE_WITH_KNOTS('',2,(#1618,#1619,#1620),
  .UNSPECIFIED.,.F.,.F.,(3,3),(0.,1.),.PIECEWISE_BEZIER_KNOTS.);
#1618 = CARTESIAN_POINT('',(0.446180555556,28.413522897898,3.));
#1619 = CARTESIAN_POINT('',(0.146677927928,28.395223348348,3.));
#1620 = CARTESIAN_POINT('',(-0.125375375375,28.366554054054,3.));
#1621 = ORIENTED_EDGE('',*,*,#1622,.T.);
#1622 = EDGE_CURVE('',#1615,#1623,#1625,.T.);
#1623 = VERTEX_POINT('',#1624);
#1624 = CARTESIAN_POINT('',(-0.612143393393,28.301285660661,3.));
#1625 = B_SPLINE_CURVE_WITH_KNOTS('',2,(#1626,#1627,#1628),
  .UNSPECIFIED.,.F.,.F.,(3,3),(0.,1.),.PIECEWISE_BEZIER_KNOTS.);
#1626 = CARTESIAN_POINT('',(-0.125375375375,28.366554054054,3.));
#1627 = CARTESIAN_POINT('',(-0.396818693694,28.338494744745,3.));
#1628 = CARTESIAN_POINT('',(-0.612143393393,28.301285660661,3.));
#1629 = ORIENTED_EDGE('',*,*,#1630,.T.);
#1630 = EDGE_CURVE('',#1623,#1631,#1633,.T.);
#1631 = VERTEX_POINT('',#1632);
#1632 = CARTESIAN_POINT('',(-0.921405780781,28.245167042042,3.));
#1633 = B_SPLINE_CURVE_WITH_KNOTS('',2,(#1634,#1635,#1636),
  .UNSPECIFIED.,.F.,.F.,(3,3),(0.,1.),.PIECEWISE_BEZIER_KNOTS.);
#1634 = CARTESIAN_POINT('',(-0.612143393393,28.301285660661,3.));
#1635 = CARTESIAN_POINT('',(-0.827468093093,28.264076576577,3.));
#1636 = CARTESIAN_POINT('',(-0.921405780781,28.245167042042,3.));
#1637 = ORIENTED_EDGE('',*,*,#1638,.T.);
#1638 = EDGE_CURVE('',#1631,#1639,#1641,.T.);
#1639 = VERTEX_POINT('',#1640);
#1640 = CARTESIAN_POINT('',(-0.921405780781,20.,3.));
#1641 = LINE('',#1642,#1643);
#1642 = CARTESIAN_POINT('',(-0.921405780781,28.245167042042,3.));
#1643 = VECTOR('',#1644,1.);
#1644 = DIRECTION('',(0.,-1.,0.));
#1645 = ORIENTED_EDGE('',*,*,#1646,.T.);
#1646 = EDGE_CURVE('',#1639,#1493,#1647,.T.);
#1647 = LINE('',#1648,#1649);
#1648 = CARTESIAN_POINT('',(-0.921405780781,20.,3.));
#1649 = VECTOR('',#1650,1.);
#1650 = DIRECTION('',(-1.,0.,0.));
#1651 = FACE_BOUND('',#1652,.T.);
#1652 = EDGE_LOOP('',(#1653,#1663,#1671,#1679,#1687,#1695,#1703,#1711,
    #1719,#1727,#1735,#1743,#1751,#1759,#1767,#1775,#1783,#1791,#1799));
#1653 = ORIENTED_EDGE('',*,*,#1654,.T.);
#1654 = EDGE_CURVE('',#1655,#1657,#1659,.T.);
#1655 = VERTEX_POINT('',#1656);
#1656 = CARTESIAN_POINT('',(16.271021021021,20.865568693694,3.));
#1657 = VERTEX_POINT('',#1658);
#1658 = CARTESIAN_POINT('',(11.727242867868,19.882882882883,3.));
#1659 = B_SPLINE_CURVE_WITH_KNOTS('',2,(#1660,#1661,#1662),
  .UNSPECIFIED.,.F.,.F.,(3,3),(0.,1.),.PIECEWISE_BEZIER_KNOTS.);
#1660 = CARTESIAN_POINT('',(16.271021021021,20.865568693694,3.));
#1661 = CARTESIAN_POINT('',(14.837556306306,19.882882882883,3.));
#1662 = CARTESIAN_POINT('',(11.727242867868,19.882882882883,3.));
#1663 = ORIENTED_EDGE('',*,*,#1664,.T.);
#1664 = EDGE_CURVE('',#1657,#1665,#1667,.T.);
#1665 = VERTEX_POINT('',#1666);
#1666 = CARTESIAN_POINT('',(10.873873873874,19.901792417417,3.));
#1667 = B_SPLINE_CURVE_WITH_KNOTS('',2,(#1668,#1669,#1670),
  .UNSPECIFIED.,.F.,.F.,(3,3),(0.,1.),.PIECEWISE_BEZIER_KNOTS.);
#1668 = CARTESIAN_POINT('',(11.727242867868,19.882882882883,3.));
#1669 = CARTESIAN_POINT('',(11.333192567568,19.882882882883,3.));
#1670 = CARTESIAN_POINT('',(10.873873873874,19.901792417417,3.));
#1671 = ORIENTED_EDGE('',*,*,#1672,.T.);
#1672 = EDGE_CURVE('',#1665,#1673,#1675,.T.);
#1673 = VERTEX_POINT('',#1674);
#1674 = CARTESIAN_POINT('',(9.955846471471,19.957911036036,3.));
#1675 = B_SPLINE_CURVE_WITH_KNOTS('',2,(#1676,#1677,#1678),
  .UNSPECIFIED.,.F.,.F.,(3,3),(0.,1.),.PIECEWISE_BEZIER_KNOTS.);
#1676 = CARTESIAN_POINT('',(10.873873873874,19.901792417417,3.));
#1677 = CARTESIAN_POINT('',(10.415165165165,19.920091966967,3.));
#1678 = CARTESIAN_POINT('',(9.955846471471,19.957911036036,3.));
#1679 = ORIENTED_EDGE('',*,*,#1680,.T.);
#1680 = EDGE_CURVE('',#1673,#1681,#1683,.T.);
#1681 = VERTEX_POINT('',#1682);
#1682 = CARTESIAN_POINT('',(9.046968843844,20.051238738739,3.));
#1683 = B_SPLINE_CURVE_WITH_KNOTS('',2,(#1684,#1685,#1686),
  .UNSPECIFIED.,.F.,.F.,(3,3),(0.,1.),.PIECEWISE_BEZIER_KNOTS.);
#1684 = CARTESIAN_POINT('',(9.955846471471,19.957911036036,3.));
#1685 = CARTESIAN_POINT('',(9.497137762763,19.99512012012,3.));
#1686 = CARTESIAN_POINT('',(9.046968843844,20.051238738739,3.));
#1687 = ORIENTED_EDGE('',*,*,#1688,.T.);
#1688 = EDGE_CURVE('',#1681,#1689,#1691,.T.);
#1689 = VERTEX_POINT('',#1690);
#1690 = CARTESIAN_POINT('',(8.222879129129,20.201295045045,3.));
#1691 = B_SPLINE_CURVE_WITH_KNOTS('',2,(#1692,#1693,#1694),
  .UNSPECIFIED.,.F.,.F.,(3,3),(0.,1.),.PIECEWISE_BEZIER_KNOTS.);
#1692 = CARTESIAN_POINT('',(9.046968843844,20.051238738739,3.));
#1693 = CARTESIAN_POINT('',(8.59740990991,20.107357357357,3.));
#1694 = CARTESIAN_POINT('',(8.222879129129,20.201295045045,3.));
#1695 = ORIENTED_EDGE('',*,*,#1696,.T.);
#1696 = EDGE_CURVE('',#1689,#1697,#1699,.T.);
#1697 = VERTEX_POINT('',#1698);
#1698 = CARTESIAN_POINT('',(8.222879129129,32.798704954955,3.));
#1699 = LINE('',#1700,#1701);
#1700 = CARTESIAN_POINT('',(8.222879129129,20.201295045045,3.));
#1701 = VECTOR('',#1702,1.);
#1702 = DIRECTION('',(0.,1.,0.));
#1703 = ORIENTED_EDGE('',*,*,#1704,.T.);
#1704 = EDGE_CURVE('',#1697,#1705,#1707,.T.);
#1705 = VERTEX_POINT('',#1706);
#1706 = CARTESIAN_POINT('',(9.046968843844,32.948761261261,3.));
#1707 = B_SPLINE_CURVE_WITH_KNOTS('',2,(#1708,#1709,#1710),
  .UNSPECIFIED.,.F.,.F.,(3,3),(0.,1.),.PIECEWISE_BEZIER_KNOTS.);
#1708 = CARTESIAN_POINT('',(8.222879129129,32.798704954955,3.));
#1709 = CARTESIAN_POINT('',(8.59740990991,32.892642642643,3.));
#1710 = CARTESIAN_POINT('',(9.046968843844,32.948761261261,3.));
#1711 = ORIENTED_EDGE('',*,*,#1712,.T.);
#1712 = EDGE_CURVE('',#1705,#1713,#1715,.T.);
#1713 = VERTEX_POINT('',#1714);
#1714 = CARTESIAN_POINT('',(9.955846471471,33.042088963964,3.));
#1715 = B_SPLINE_CURVE_WITH_KNOTS('',2,(#1716,#1717,#1718),
  .UNSPECIFIED.,.F.,.F.,(3,3),(0.,1.),.PIECEWISE_BEZIER_KNOTS.);
#1716 = CARTESIAN_POINT('',(9.046968843844,32.948761261261,3.));
#1717 = CARTESIAN_POINT('',(9.497137762763,33.00487987988,3.));
#1718 = CARTESIAN_POINT('',(9.955846471471,33.042088963964,3.));
#1719 = ORIENTED_EDGE('',*,*,#1720,.T.);
#1720 = EDGE_CURVE('',#1713,#1721,#1723,.T.);
#1721 = VERTEX_POINT('',#1722);
#1722 = CARTESIAN_POINT('',(10.864724099099,33.098207582583,3.));
#1723 = B_SPLINE_CURVE_WITH_KNOTS('',2,(#1724,#1725,#1726),
  .UNSPECIFIED.,.F.,.F.,(3,3),(0.,1.),.PIECEWISE_BEZIER_KNOTS.);
#1724 = CARTESIAN_POINT('',(9.955846471471,33.042088963964,3.));
#1725 = CARTESIAN_POINT('',(10.415165165165,33.079908033033,3.));
#1726 = CARTESIAN_POINT('',(10.864724099099,33.098207582583,3.));
#1727 = ORIENTED_EDGE('',*,*,#1728,.T.);
#1728 = EDGE_CURVE('',#1721,#1729,#1731,.T.);
#1729 = VERTEX_POINT('',#1730);
#1730 = CARTESIAN_POINT('',(11.708333333333,33.117117117117,3.));
#1731 = B_SPLINE_CURVE_WITH_KNOTS('',2,(#1732,#1733,#1734),
  .UNSPECIFIED.,.F.,.F.,(3,3),(0.,1.),.PIECEWISE_BEZIER_KNOTS.);
#1732 = CARTESIAN_POINT('',(10.864724099099,33.098207582583,3.));
#1733 = CARTESIAN_POINT('',(11.314893018018,33.117117117117,3.));
#1734 = CARTESIAN_POINT('',(11.708333333333,33.117117117117,3.));
#1735 = ORIENTED_EDGE('',*,*,#1736,.T.);
#1736 = EDGE_CURVE('',#1729,#1737,#1739,.T.);
#1737 = VERTEX_POINT('',#1738);
#1738 = CARTESIAN_POINT('',(13.816441441441,32.948151276276,3.));
#1739 = B_SPLINE_CURVE_WITH_KNOTS('',2,(#1740,#1741,#1742),
  .UNSPECIFIED.,.F.,.F.,(3,3),(0.,1.),.PIECEWISE_BEZIER_KNOTS.);
#1740 = CARTESIAN_POINT('',(11.708333333333,33.117117117117,3.));
#1741 = CARTESIAN_POINT('',(12.832535660661,33.117117117117,3.));
#1742 = CARTESIAN_POINT('',(13.816441441441,32.948151276276,3.));
#1743 = ORIENTED_EDGE('',*,*,#1744,.T.);
#1744 = EDGE_CURVE('',#1737,#1745,#1747,.T.);
#1745 = VERTEX_POINT('',#1746);
#1746 = CARTESIAN_POINT('',(15.521349474474,32.375375375375,3.));
#1747 = B_SPLINE_CURVE_WITH_KNOTS('',2,(#1748,#1749,#1750),
  .UNSPECIFIED.,.F.,.F.,(3,3),(0.,1.),.PIECEWISE_BEZIER_KNOTS.);
#1748 = CARTESIAN_POINT('',(13.816441441441,32.948151276276,3.));
#1749 = CARTESIAN_POINT('',(14.800347222222,32.779185435435,3.));
#1750 = CARTESIAN_POINT('',(15.521349474474,32.375375375375,3.));
#1751 = ORIENTED_EDGE('',*,*,#1752,.T.);
#1752 = EDGE_CURVE('',#1745,#1753,#1755,.T.);
#1753 = VERTEX_POINT('',#1754);
#1754 = CARTESIAN_POINT('',(16.655311561562,31.314611486486,3.));
#1755 = B_SPLINE_CURVE_WITH_KNOTS('',2,(#1756,#1757,#1758),
  .UNSPECIFIED.,.F.,.F.,(3,3),(0.,1.),.PIECEWISE_BEZIER_KNOTS.);
#1756 = CARTESIAN_POINT('',(15.521349474474,32.375375375375,3.));
#1757 = CARTESIAN_POINT('',(16.242961711712,31.971565315315,3.));
#1758 = CARTESIAN_POINT('',(16.655311561562,31.314611486486,3.));
#1759 = ORIENTED_EDGE('',*,*,#1760,.T.);
#1760 = EDGE_CURVE('',#1753,#1761,#1763,.T.);
#1761 = VERTEX_POINT('',#1762);
#1762 = CARTESIAN_POINT('',(17.067661411411,29.699981231231,3.));
#1763 = B_SPLINE_CURVE_WITH_KNOTS('',2,(#1764,#1765,#1766),
  .UNSPECIFIED.,.F.,.F.,(3,3),(0.,1.),.PIECEWISE_BEZIER_KNOTS.);
#1764 = CARTESIAN_POINT('',(16.655311561562,31.314611486486,3.));
#1765 = CARTESIAN_POINT('',(17.067661411411,30.657657657658,3.));
#1766 = CARTESIAN_POINT('',(17.067661411411,29.699981231231,3.));
#1767 = ORIENTED_EDGE('',*,*,#1768,.T.);
#1768 = EDGE_CURVE('',#1761,#1769,#1771,.T.);
#1769 = VERTEX_POINT('',#1770);
#1770 = CARTESIAN_POINT('',(16.561373873874,27.944444444444,3.));
#1771 = B_SPLINE_CURVE_WITH_KNOTS('',2,(#1772,#1773,#1774),
  .UNSPECIFIED.,.F.,.F.,(3,3),(0.,1.),.PIECEWISE_BEZIER_KNOTS.);
#1772 = CARTESIAN_POINT('',(17.067661411411,29.699981231231,3.));
#1773 = CARTESIAN_POINT('',(17.067661411411,28.630067567568,3.));
#1774 = CARTESIAN_POINT('',(16.561373873874,27.944444444444,3.));
#1775 = ORIENTED_EDGE('',*,*,#1776,.T.);
#1776 = EDGE_CURVE('',#1769,#1777,#1779,.T.);
#1777 = VERTEX_POINT('',#1778);
#1778 = CARTESIAN_POINT('',(15.212087087087,26.921499624625,3.));
#1779 = B_SPLINE_CURVE_WITH_KNOTS('',2,(#1780,#1781,#1782),
  .UNSPECIFIED.,.F.,.F.,(3,3),(0.,1.),.PIECEWISE_BEZIER_KNOTS.);
#1780 = CARTESIAN_POINT('',(16.561373873874,27.944444444444,3.));
#1781 = CARTESIAN_POINT('',(16.055696321321,27.259431306306,3.));
#1782 = CARTESIAN_POINT('',(15.212087087087,26.921499624625,3.));
#1783 = ORIENTED_EDGE('',*,*,#1784,.T.);
#1784 = EDGE_CURVE('',#1777,#1785,#1787,.T.);
#1785 = VERTEX_POINT('',#1786);
#1786 = CARTESIAN_POINT('',(17.029842342342,25.854635885886,3.));
#1787 = B_SPLINE_CURVE_WITH_KNOTS('',2,(#1788,#1789,#1790),
  .UNSPECIFIED.,.F.,.F.,(3,3),(0.,1.),.PIECEWISE_BEZIER_KNOTS.);
#1788 = CARTESIAN_POINT('',(15.212087087087,26.921499624625,3.));
#1789 = CARTESIAN_POINT('',(16.355198948949,26.584787912913,3.));
#1790 = CARTESIAN_POINT('',(17.029842342342,25.854635885886,3.));
#1791 = ORIENTED_EDGE('',*,*,#1792,.T.);
#1792 = EDGE_CURVE('',#1785,#1793,#1795,.T.);
#1793 = VERTEX_POINT('',#1794);
#1794 = CARTESIAN_POINT('',(17.704485735736,23.795326576577,3.));
#1795 = B_SPLINE_CURVE_WITH_KNOTS('',2,(#1796,#1797,#1798),
  .UNSPECIFIED.,.F.,.F.,(3,3),(0.,1.),.PIECEWISE_BEZIER_KNOTS.);
#1796 = CARTESIAN_POINT('',(17.029842342342,25.854635885886,3.));
#1797 = CARTESIAN_POINT('',(17.704485735736,25.124483858859,3.));
#1798 = CARTESIAN_POINT('',(17.704485735736,23.795326576577,3.));
#1799 = ORIENTED_EDGE('',*,*,#1800,.T.);
#1800 = EDGE_CURVE('',#1793,#1655,#1801,.T.);
#1801 = B_SPLINE_CURVE_WITH_KNOTS('',2,(#1802,#1803,#1804),
  .UNSPECIFIED.,.F.,.F.,(3,3),(0.,1.),.PIECEWISE_BEZIER_KNOTS.);
#1802 = CARTESIAN_POINT('',(17.704485735736,23.795326576577,3.));
#1803 = CARTESIAN_POINT('',(17.704485735736,21.848254504505,3.));
#1804 = CARTESIAN_POINT('',(16.271021021021,20.865568693694,3.));
#1805 = FACE_BOUND('',#1806,.T.);
#1806 = EDGE_LOOP('',(#1807,#1817,#1825,#1833,#1841,#1849,#1857,#1865,
    #1873,#1881,#1889,#1897,#1905,#1913,#1921,#1929));
#1807 = ORIENTED_EDGE('',*,*,#1808,.T.);
#1808 = EDGE_CURVE('',#1809,#1811,#1813,.T.);
#1809 = VERTEX_POINT('',#1810);
#1810 = CARTESIAN_POINT('',(28.437171546547,26.968468468468,3.));
#1811 = VERTEX_POINT('',#1812);
#1812 = CARTESIAN_POINT('',(28.774493243243,24.87987987988,3.));
#1813 = B_SPLINE_CURVE_WITH_KNOTS('',2,(#1814,#1815,#1816),
  .UNSPECIFIED.,.F.,.F.,(3,3),(0.,1.),.PIECEWISE_BEZIER_KNOTS.);
#1814 = CARTESIAN_POINT('',(28.437171546547,26.968468468468,3.));
#1815 = CARTESIAN_POINT('',(28.774493243243,26.022381756757,3.));
#1816 = CARTESIAN_POINT('',(28.774493243243,24.87987987988,3.));
#1817 = ORIENTED_EDGE('',*,*,#1818,.T.);
#1818 = EDGE_CURVE('',#1811,#1819,#1821,.T.);
#1819 = VERTEX_POINT('',#1820);
#1820 = CARTESIAN_POINT('',(28.437171546547,22.781531531532,3.));
#1821 = B_SPLINE_CURVE_WITH_KNOTS('',2,(#1822,#1823,#1824),
  .UNSPECIFIED.,.F.,.F.,(3,3),(0.,1.),.PIECEWISE_BEZIER_KNOTS.);
#1822 = CARTESIAN_POINT('',(28.774493243243,24.87987987988,3.));
#1823 = CARTESIAN_POINT('',(28.774493243243,23.718468468468,3.));
#1824 = CARTESIAN_POINT('',(28.437171546547,22.781531531532,3.));
#1825 = ORIENTED_EDGE('',*,*,#1826,.T.);
#1826 = EDGE_CURVE('',#1819,#1827,#1829,.T.);
#1827 = VERTEX_POINT('',#1828);
#1828 = CARTESIAN_POINT('',(27.49047484985,21.170561186186,3.));
#1829 = B_SPLINE_CURVE_WITH_KNOTS('',2,(#1830,#1831,#1832),
  .UNSPECIFIED.,.F.,.F.,(3,3),(0.,1.),.PIECEWISE_BEZIER_KNOTS.);
#1830 = CARTESIAN_POINT('',(28.437171546547,22.781531531532,3.));
#1831 = CARTESIAN_POINT('',(28.09984984985,21.84520457958,3.));
#1832 = CARTESIAN_POINT('',(27.49047484985,21.170561186186,3.));
#1833 = ORIENTED_EDGE('',*,*,#1834,.T.);
#1834 = EDGE_CURVE('',#1827,#1835,#1837,.T.);
#1835 = VERTEX_POINT('',#1836);
#1836 = CARTESIAN_POINT('',(26.038710585586,20.131146771772,3.));
#1837 = B_SPLINE_CURVE_WITH_KNOTS('',2,(#1838,#1839,#1840),
  .UNSPECIFIED.,.F.,.F.,(3,3),(0.,1.),.PIECEWISE_BEZIER_KNOTS.);
#1838 = CARTESIAN_POINT('',(27.49047484985,21.170561186186,3.));
#1839 = CARTESIAN_POINT('',(26.881709834835,20.496527777778,3.));
#1840 = CARTESIAN_POINT('',(26.038710585586,20.131146771772,3.));
#1841 = ORIENTED_EDGE('',*,*,#1842,.T.);
#1842 = EDGE_CURVE('',#1835,#1843,#1845,.T.);
#1843 = VERTEX_POINT('',#1844);
#1844 = CARTESIAN_POINT('',(24.202655780781,19.765765765766,3.));
#1845 = B_SPLINE_CURVE_WITH_KNOTS('',2,(#1846,#1847,#1848),
  .UNSPECIFIED.,.F.,.F.,(3,3),(0.,1.),.PIECEWISE_BEZIER_KNOTS.);
#1846 = CARTESIAN_POINT('',(26.038710585586,20.131146771772,3.));
#1847 = CARTESIAN_POINT('',(25.195711336336,19.765765765766,3.));
#1848 = CARTESIAN_POINT('',(24.202655780781,19.765765765766,3.));
#1849 = ORIENTED_EDGE('',*,*,#1850,.T.);
#1850 = EDGE_CURVE('',#1843,#1851,#1853,.T.);
#1851 = VERTEX_POINT('',#1852);
#1852 = CARTESIAN_POINT('',(22.365990990991,20.131146771772,3.));
#1853 = B_SPLINE_CURVE_WITH_KNOTS('',2,(#1854,#1855,#1856),
  .UNSPECIFIED.,.F.,.F.,(3,3),(0.,1.),.PIECEWISE_BEZIER_KNOTS.);
#1854 = CARTESIAN_POINT('',(24.202655780781,19.765765765766,3.));
#1855 = CARTESIAN_POINT('',(23.20899024024,19.765765765766,3.));
#1856 = CARTESIAN_POINT('',(22.365990990991,20.131146771772,3.));
#1857 = ORIENTED_EDGE('',*,*,#1858,.T.);
#1858 = EDGE_CURVE('',#1851,#1859,#1861,.T.);
#1859 = VERTEX_POINT('',#1860);
#1860 = CARTESIAN_POINT('',(20.913616741742,21.170561186186,3.));
#1861 = B_SPLINE_CURVE_WITH_KNOTS('',2,(#1862,#1863,#1864),
  .UNSPECIFIED.,.F.,.F.,(3,3),(0.,1.),.PIECEWISE_BEZIER_KNOTS.);
#1862 = CARTESIAN_POINT('',(22.365990990991,20.131146771772,3.));
#1863 = CARTESIAN_POINT('',(21.522991741742,20.496527777778,3.));
#1864 = CARTESIAN_POINT('',(20.913616741742,21.170561186186,3.));
#1865 = ORIENTED_EDGE('',*,*,#1866,.T.);
#1866 = EDGE_CURVE('',#1859,#1867,#1869,.T.);
#1867 = VERTEX_POINT('',#1868);
#1868 = CARTESIAN_POINT('',(19.96753003003,22.781531531532,3.));
#1869 = B_SPLINE_CURVE_WITH_KNOTS('',2,(#1870,#1871,#1872),
  .UNSPECIFIED.,.F.,.F.,(3,3),(0.,1.),.PIECEWISE_BEZIER_KNOTS.);
#1870 = CARTESIAN_POINT('',(20.913616741742,21.170561186186,3.));
#1871 = CARTESIAN_POINT('',(20.304851726727,21.84520457958,3.));
#1872 = CARTESIAN_POINT('',(19.96753003003,22.781531531532,3.));
#1873 = ORIENTED_EDGE('',*,*,#1874,.T.);
#1874 = EDGE_CURVE('',#1867,#1875,#1877,.T.);
#1875 = VERTEX_POINT('',#1876);
#1876 = CARTESIAN_POINT('',(19.630208333333,24.87987987988,3.));
#1877 = B_SPLINE_CURVE_WITH_KNOTS('',2,(#1878,#1879,#1880),
  .UNSPECIFIED.,.F.,.F.,(3,3),(0.,1.),.PIECEWISE_BEZIER_KNOTS.);
#1878 = CARTESIAN_POINT('',(19.96753003003,22.781531531532,3.));
#1879 = CARTESIAN_POINT('',(19.630208333333,23.718468468468,3.));
#1880 = CARTESIAN_POINT('',(19.630208333333,24.87987987988,3.));
#1881 = ORIENTED_EDGE('',*,*,#1882,.T.);
#1882 = EDGE_CURVE('',#1875,#1883,#1885,.T.);
#1883 = VERTEX_POINT('',#1884);
#1884 = CARTESIAN_POINT('',(19.96753003003,26.968468468468,3.));
#1885 = B_SPLINE_CURVE_WITH_KNOTS('',2,(#1886,#1887,#1888),
  .UNSPECIFIED.,.F.,.F.,(3,3),(0.,1.),.PIECEWISE_BEZIER_KNOTS.);
#1886 = CARTESIAN_POINT('',(19.630208333333,24.87987987988,3.));
#1887 = CARTESIAN_POINT('',(19.630208333333,26.022381756757,3.));
#1888 = CARTESIAN_POINT('',(19.96753003003,26.968468468468,3.));
#1889 = ORIENTED_EDGE('',*,*,#1890,.T.);
#1890 = EDGE_CURVE('',#1883,#1891,#1893,.T.);
#1891 = VERTEX_POINT('',#1892);
#1892 = CARTESIAN_POINT('',(20.913616741742,28.588588588589,3.));
#1893 = B_SPLINE_CURVE_WITH_KNOTS('',2,(#1894,#1895,#1896),
  .UNSPECIFIED.,.F.,.F.,(3,3),(0.,1.),.PIECEWISE_BEZIER_KNOTS.);
#1894 = CARTESIAN_POINT('',(19.96753003003,26.968468468468,3.));
#1895 = CARTESIAN_POINT('',(20.304851726727,27.91455518018,3.));
#1896 = CARTESIAN_POINT('',(20.913616741742,28.588588588589,3.));
#1897 = ORIENTED_EDGE('',*,*,#1898,.T.);
#1898 = EDGE_CURVE('',#1891,#1899,#1901,.T.);
#1899 = VERTEX_POINT('',#1900);
#1900 = CARTESIAN_POINT('',(22.365990990991,29.628612987988,3.));
#1901 = B_SPLINE_CURVE_WITH_KNOTS('',2,(#1902,#1903,#1904),
  .UNSPECIFIED.,.F.,.F.,(3,3),(0.,1.),.PIECEWISE_BEZIER_KNOTS.);
#1902 = CARTESIAN_POINT('',(20.913616741742,28.588588588589,3.));
#1903 = CARTESIAN_POINT('',(21.522991741742,29.263231981982,3.));
#1904 = CARTESIAN_POINT('',(22.365990990991,29.628612987988,3.));
#1905 = ORIENTED_EDGE('',*,*,#1906,.T.);
#1906 = EDGE_CURVE('',#1899,#1907,#1909,.T.);
#1907 = VERTEX_POINT('',#1908);
#1908 = CARTESIAN_POINT('',(24.202655780781,29.993993993994,3.));
#1909 = B_SPLINE_CURVE_WITH_KNOTS('',2,(#1910,#1911,#1912),
  .UNSPECIFIED.,.F.,.F.,(3,3),(0.,1.),.PIECEWISE_BEZIER_KNOTS.);
#1910 = CARTESIAN_POINT('',(22.365990990991,29.628612987988,3.));
#1911 = CARTESIAN_POINT('',(23.20899024024,29.993993993994,3.));
#1912 = CARTESIAN_POINT('',(24.202655780781,29.993993993994,3.));
#1913 = ORIENTED_EDGE('',*,*,#1914,.T.);
#1914 = EDGE_CURVE('',#1907,#1915,#1917,.T.);
#1915 = VERTEX_POINT('',#1916);
#1916 = CARTESIAN_POINT('',(26.038710585586,29.628612987988,3.));
#1917 = B_SPLINE_CURVE_WITH_KNOTS('',2,(#1918,#1919,#1920),
  .UNSPECIFIED.,.F.,.F.,(3,3),(0.,1.),.PIECEWISE_BEZIER_KNOTS.);
#1918 = CARTESIAN_POINT('',(24.202655780781,29.993993993994,3.));
#1919 = CARTESIAN_POINT('',(25.195711336336,29.993993993994,3.));
#1920 = CARTESIAN_POINT('',(26.038710585586,29.628612987988,3.));
#1921 = ORIENTED_EDGE('',*,*,#1922,.T.);
#1922 = EDGE_CURVE('',#1915,#1923,#1925,.T.);
#1923 = VERTEX_POINT('',#1924);
#1924 = CARTESIAN_POINT('',(27.49047484985,28.588588588589,3.));
#1925 = B_SPLINE_CURVE_WITH_KNOTS('',2,(#1926,#1927,#1928),
  .UNSPECIFIED.,.F.,.F.,(3,3),(0.,1.),.PIECEWISE_BEZIER_KNOTS.);
#1926 = CARTESIAN_POINT('',(26.038710585586,29.628612987988,3.));
#1927 = CARTESIAN_POINT('',(26.881709834835,29.263231981982,3.));
#1928 = CARTESIAN_POINT('',(27.49047484985,28.588588588589,3.));
#1929 = ORIENTED_EDGE('',*,*,#1930,.T.);
#1930 = EDGE_CURVE('',#1923,#1809,#1931,.T.);
#1931 = B_SPLINE_CURVE_WITH_KNOTS('',2,(#1932,#1933,#1934),
  .UNSPECIFIED.,.F.,.F.,(3,3),(0.,1.),.PIECEWISE_BEZIER_KNOTS.);
#1932 = CARTESIAN_POINT('',(27.49047484985,28.588588588589,3.));
#1933 = CARTESIAN_POINT('',(28.09984984985,27.91455518018,3.));
#1934 = CARTESIAN_POINT('',(28.437171546547,26.968468468468,3.));
#1935 = FACE_BOUND('',#1936,.T.);
#1936 = EDGE_LOOP('',(#1937,#1947,#1955,#1963,#1971,#1979,#1987,#1995,
    #2003,#2011,#2019,#2027,#2035,#2043,#2051,#2059,#2067,#2075,#2083,
    #2091));
#1937 = ORIENTED_EDGE('',*,*,#1938,.T.);
#1938 = EDGE_CURVE('',#1939,#1941,#1943,.T.);
#1939 = VERTEX_POINT('',#1940);
#1940 = CARTESIAN_POINT('',(32.851632882883,32.765765765766,3.));
#1941 = VERTEX_POINT('',#1942);
#1942 = CARTESIAN_POINT('',(32.851632882883,29.75975975976,3.));
#1943 = LINE('',#1944,#1945);
#1944 = CARTESIAN_POINT('',(32.851632882883,32.765765765766,3.));
#1945 = VECTOR('',#1946,1.);
#1946 = DIRECTION('',(0.,-1.,0.));
#1947 = ORIENTED_EDGE('',*,*,#1948,.T.);
#1948 = EDGE_CURVE('',#1941,#1949,#1951,.T.);
#1949 = VERTEX_POINT('',#1950);
#1950 = CARTESIAN_POINT('',(36.543262012012,29.75975975976,3.));
#1951 = LINE('',#1952,#1953);
#1952 = CARTESIAN_POINT('',(32.851632882883,29.75975975976,3.));
#1953 = VECTOR('',#1954,1.);
#1954 = DIRECTION('',(1.,0.,0.));
#1955 = ORIENTED_EDGE('',*,*,#1956,.T.);
#1956 = EDGE_CURVE('',#1949,#1957,#1959,.T.);
#1957 = VERTEX_POINT('',#1958);
#1958 = CARTESIAN_POINT('',(36.543262012012,28.315315315315,3.));
#1959 = LINE('',#1960,#1961);
#1960 = CARTESIAN_POINT('',(36.543262012012,29.75975975976,3.));
#1961 = VECTOR('',#1962,1.);
#1962 = DIRECTION('',(0.,-1.,0.));
#1963 = ORIENTED_EDGE('',*,*,#1964,.T.);
#1964 = EDGE_CURVE('',#1957,#1965,#1967,.T.);
#1965 = VERTEX_POINT('',#1966);
#1966 = CARTESIAN_POINT('',(32.851632882883,28.315315315315,3.));
#1967 = LINE('',#1968,#1969);
#1968 = CARTESIAN_POINT('',(36.543262012012,28.315315315315,3.));
#1969 = VECTOR('',#1970,1.);
#1970 = DIRECTION('',(-1.,0.,0.));
#1971 = ORIENTED_EDGE('',*,*,#1972,.T.);
#1972 = EDGE_CURVE('',#1965,#1973,#1975,.T.);
#1973 = VERTEX_POINT('',#1974);
#1974 = CARTESIAN_POINT('',(32.851632882883,23.794716591592,3.));
#1975 = LINE('',#1976,#1977);
#1976 = CARTESIAN_POINT('',(32.851632882883,28.315315315315,3.));
#1977 = VECTOR('',#1978,1.);
#1978 = DIRECTION('',(0.,-1.,0.));
#1979 = ORIENTED_EDGE('',*,*,#1980,.T.);
#1980 = EDGE_CURVE('',#1973,#1981,#1983,.T.);
#1981 = VERTEX_POINT('',#1982);
#1982 = CARTESIAN_POINT('',(32.96387012012,22.579626501502,3.));
#1983 = B_SPLINE_CURVE_WITH_KNOTS('',2,(#1984,#1985,#1986),
  .UNSPECIFIED.,.F.,.F.,(3,3),(0.,1.),.PIECEWISE_BEZIER_KNOTS.);
#1984 = CARTESIAN_POINT('',(32.851632882883,23.794716591592,3.));
#1985 = CARTESIAN_POINT('',(32.851632882883,23.06029466967,3.));
#1986 = CARTESIAN_POINT('',(32.96387012012,22.579626501502,3.));
#1987 = ORIENTED_EDGE('',*,*,#1988,.T.);
#1988 = EDGE_CURVE('',#1981,#1989,#1991,.T.);
#1989 = VERTEX_POINT('',#1990);
#1990 = CARTESIAN_POINT('',(33.301191816817,21.826295045045,3.));
#1991 = B_SPLINE_CURVE_WITH_KNOTS('',2,(#1992,#1993,#1994),
  .UNSPECIFIED.,.F.,.F.,(3,3),(0.,1.),.PIECEWISE_BEZIER_KNOTS.);
#1992 = CARTESIAN_POINT('',(32.96387012012,22.579626501502,3.));
#1993 = CARTESIAN_POINT('',(33.076717342342,22.099568318318,3.));
#1994 = CARTESIAN_POINT('',(33.301191816817,21.826295045045,3.));
#1995 = ORIENTED_EDGE('',*,*,#1996,.T.);
#1996 = EDGE_CURVE('',#1989,#1997,#1999,.T.);
#1997 = VERTEX_POINT('',#1998);
#1998 = CARTESIAN_POINT('',(33.863597972973,21.44017454955,3.));
#1999 = B_SPLINE_CURVE_WITH_KNOTS('',2,(#2000,#2001,#2002),
  .UNSPECIFIED.,.F.,.F.,(3,3),(0.,1.),.PIECEWISE_BEZIER_KNOTS.);
#2000 = CARTESIAN_POINT('',(33.301191816817,21.826295045045,3.));
#2001 = CARTESIAN_POINT('',(33.526276276276,21.553631756757,3.));
#2002 = CARTESIAN_POINT('',(33.863597972973,21.44017454955,3.));
#2003 = ORIENTED_EDGE('',*,*,#2004,.T.);
#2004 = EDGE_CURVE('',#1997,#2005,#2007,.T.);
#2005 = VERTEX_POINT('',#2006);
#2006 = CARTESIAN_POINT('',(34.650478603604,21.327327327327,3.));
#2007 = B_SPLINE_CURVE_WITH_KNOTS('',2,(#2008,#2009,#2010),
  .UNSPECIFIED.,.F.,.F.,(3,3),(0.,1.),.PIECEWISE_BEZIER_KNOTS.);
#2008 = CARTESIAN_POINT('',(33.863597972973,21.44017454955,3.));
#2009 = CARTESIAN_POINT('',(34.20091966967,21.327327327327,3.));
#2010 = CARTESIAN_POINT('',(34.650478603604,21.327327327327,3.));
#2011 = ORIENTED_EDGE('',*,*,#2012,.T.);
#2012 = EDGE_CURVE('',#2005,#2013,#2015,.T.);
#2013 = VERTEX_POINT('',#2014);
#2014 = CARTESIAN_POINT('',(35.915587462462,21.505442942943,3.));
#2015 = B_SPLINE_CURVE_WITH_KNOTS('',2,(#2016,#2017,#2018),
  .UNSPECIFIED.,.F.,.F.,(3,3),(0.,1.),.PIECEWISE_BEZIER_KNOTS.);
#2016 = CARTESIAN_POINT('',(34.650478603604,21.327327327327,3.));
#2017 = CARTESIAN_POINT('',(35.437969219219,21.327327327327,3.));
#2018 = CARTESIAN_POINT('',(35.915587462462,21.505442942943,3.));
#2019 = ORIENTED_EDGE('',*,*,#2020,.T.);
#2020 = EDGE_CURVE('',#2013,#2021,#2023,.T.);
#2021 = VERTEX_POINT('',#2022);
#2022 = CARTESIAN_POINT('',(36.581081081081,21.758586711712,3.));
#2023 = B_SPLINE_CURVE_WITH_KNOTS('',2,(#2024,#2025,#2026),
  .UNSPECIFIED.,.F.,.F.,(3,3),(0.,1.),.PIECEWISE_BEZIER_KNOTS.);
#2024 = CARTESIAN_POINT('',(35.915587462462,21.505442942943,3.));
#2025 = CARTESIAN_POINT('',(36.393815690691,21.683558558559,3.));
#2026 = CARTESIAN_POINT('',(36.581081081081,21.758586711712,3.));
#2027 = ORIENTED_EDGE('',*,*,#2028,.T.);
#2028 = EDGE_CURVE('',#2021,#2029,#2031,.T.);
#2029 = VERTEX_POINT('',#2030);
#2030 = CARTESIAN_POINT('',(36.917792792793,20.329391891892,3.));
#2031 = LINE('',#2032,#2033);
#2032 = CARTESIAN_POINT('',(36.581081081081,21.758586711712,3.));
#2033 = VECTOR('',#2034,1.);
#2034 = DIRECTION('',(0.22931718556,-0.973351749578,0.));
#2035 = ORIENTED_EDGE('',*,*,#2036,.T.);
#2036 = EDGE_CURVE('',#2029,#2037,#2039,.T.);
#2037 = VERTEX_POINT('',#2038);
#2038 = CARTESIAN_POINT('',(35.99976539039,20.00121996997,3.));
#2039 = B_SPLINE_CURVE_WITH_KNOTS('',2,(#2040,#2041,#2042),
  .UNSPECIFIED.,.F.,.F.,(3,3),(0.,1.),.PIECEWISE_BEZIER_KNOTS.);
#2040 = CARTESIAN_POINT('',(36.917792792793,20.329391891892,3.));
#2041 = CARTESIAN_POINT('',(36.655499249249,20.19824512012,3.));
#2042 = CARTESIAN_POINT('',(35.99976539039,20.00121996997,3.));
#2043 = ORIENTED_EDGE('',*,*,#2044,.T.);
#2044 = EDGE_CURVE('',#2037,#2045,#2047,.T.);
#2045 = VERTEX_POINT('',#2046);
#2046 = CARTESIAN_POINT('',(34.500422297297,19.804804804805,3.));
#2047 = B_SPLINE_CURVE_WITH_KNOTS('',2,(#2048,#2049,#2050),
  .UNSPECIFIED.,.F.,.F.,(3,3),(0.,1.),.PIECEWISE_BEZIER_KNOTS.);
#2048 = CARTESIAN_POINT('',(35.99976539039,20.00121996997,3.));
#2049 = CARTESIAN_POINT('',(35.344031531532,19.804804804805,3.));
#2050 = CARTESIAN_POINT('',(34.500422297297,19.804804804805,3.));
#2051 = ORIENTED_EDGE('',*,*,#2052,.T.);
#2052 = EDGE_CURVE('',#2045,#2053,#2055,.T.);
#2053 = VERTEX_POINT('',#2054);
#2054 = CARTESIAN_POINT('',(32.860782657658,20.057338588589,3.));
#2055 = B_SPLINE_CURVE_WITH_KNOTS('',2,(#2056,#2057,#2058),
  .UNSPECIFIED.,.F.,.F.,(3,3),(0.,1.),.PIECEWISE_BEZIER_KNOTS.);
#2056 = CARTESIAN_POINT('',(34.500422297297,19.804804804805,3.));
#2057 = CARTESIAN_POINT('',(33.507366741742,19.804804804805,3.));
#2058 = CARTESIAN_POINT('',(32.860782657658,20.057338588589,3.));
#2059 = ORIENTED_EDGE('',*,*,#2060,.T.);
#2060 = EDGE_CURVE('',#2053,#2061,#2063,.T.);
#2061 = VERTEX_POINT('',#2062);
#2062 = CARTESIAN_POINT('',(31.820758258258,20.81615990991,3.));
#2063 = B_SPLINE_CURVE_WITH_KNOTS('',2,(#2064,#2065,#2066),
  .UNSPECIFIED.,.F.,.F.,(3,3),(0.,1.),.PIECEWISE_BEZIER_KNOTS.);
#2064 = CARTESIAN_POINT('',(32.860782657658,20.057338588589,3.));
#2065 = CARTESIAN_POINT('',(32.214198573574,20.310482357357,3.));
#2066 = CARTESIAN_POINT('',(31.820758258258,20.81615990991,3.));
#2067 = ORIENTED_EDGE('',*,*,#2068,.T.);
#2068 = EDGE_CURVE('',#2061,#2069,#2071,.T.);
#2069 = VERTEX_POINT('',#2070);
#2070 = CARTESIAN_POINT('',(31.268111861862,22.061749249249,3.));
#2071 = B_SPLINE_CURVE_WITH_KNOTS('',2,(#2072,#2073,#2074),
  .UNSPECIFIED.,.F.,.F.,(3,3),(0.,1.),.PIECEWISE_BEZIER_KNOTS.);
#2072 = CARTESIAN_POINT('',(31.820758258258,20.81615990991,3.));
#2073 = CARTESIAN_POINT('',(31.427317942943,21.321837462462,3.));
#2074 = CARTESIAN_POINT('',(31.268111861862,22.061749249249,3.));
#2075 = ORIENTED_EDGE('',*,*,#2076,.T.);
#2076 = EDGE_CURVE('',#2069,#2077,#2079,.T.);
#2077 = VERTEX_POINT('',#2078);
#2078 = CARTESIAN_POINT('',(31.108905780781,23.775807057057,3.));
#2079 = B_SPLINE_CURVE_WITH_KNOTS('',2,(#2080,#2081,#2082),
  .UNSPECIFIED.,.F.,.F.,(3,3),(0.,1.),.PIECEWISE_BEZIER_KNOTS.);
#2080 = CARTESIAN_POINT('',(31.268111861862,22.061749249249,3.));
#2081 = CARTESIAN_POINT('',(31.108905780781,22.801661036036,3.));
#2082 = CARTESIAN_POINT('',(31.108905780781,23.775807057057,3.));
#2083 = ORIENTED_EDGE('',*,*,#2084,.T.);
#2084 = EDGE_CURVE('',#2077,#2085,#2087,.T.);
#2085 = VERTEX_POINT('',#2086);
#2086 = CARTESIAN_POINT('',(31.108905780781,32.466263138138,3.));
#2087 = LINE('',#2088,#2089);
#2088 = CARTESIAN_POINT('',(31.108905780781,23.775807057057,3.));
#2089 = VECTOR('',#2090,1.);
#2090 = DIRECTION('',(0.,1.,0.));
#2091 = ORIENTED_EDGE('',*,*,#2092,.T.);
#2092 = EDGE_CURVE('',#2085,#1939,#2093,.T.);
#2093 = LINE('',#2094,#2095);
#2094 = CARTESIAN_POINT('',(31.108905780781,32.466263138138,3.));
#2095 = VECTOR('',#2096,1.);
#2096 = DIRECTION('',(0.985551590111,0.169375509536,0.));
#2097 = PLANE('',#2098);
#2098 = AXIS2_PLACEMENT_3D('',#2099,#2100,#2101);
#2099 = CARTESIAN_POINT('',(9.E-17,-0.458124979959,3.));
#2100 = DIRECTION('',(0.,0.,1.));
#2101 = DIRECTION('',(1.,0.,0.));
#2102 = ADVANCED_FACE('',(#2103),#2114,.F.);
#2103 = FACE_BOUND('',#2104,.F.);
#2104 = EDGE_LOOP('',(#2105,#2106,#2107,#2108));
#2105 = ORIENTED_EDGE('',*,*,#126,.F.);
#2106 = ORIENTED_EDGE('',*,*,#47,.T.);
#2107 = ORIENTED_EDGE('',*,*,#219,.T.);
#2108 = ORIENTED_EDGE('',*,*,#2109,.T.);
#2109 = EDGE_CURVE('',#220,#127,#2110,.T.);
#2110 = LINE('',#2111,#2112);
#2111 = CARTESIAN_POINT('',(-3.5,-38.,3.));
#2112 = VECTOR('',#2113,1.);
#2113 = DIRECTION('',(-0.,-0.,-1.));
#2114 = PLANE('',#2115);
#2115 = AXIS2_PLACEMENT_3D('',#2116,#2117,#2118);
#2116 = CARTESIAN_POINT('',(-50.,-38.,0.));
#2117 = DIRECTION('',(0.,1.,0.));
#2118 = DIRECTION('',(1.,0.,0.));
#2119 = ADVANCED_FACE('',(#2120),#2132,.F.);
#2120 = FACE_BOUND('',#2121,.F.);
#2121 = EDGE_LOOP('',(#2122,#2123,#2124,#2130,#2131));
#2122 = ORIENTED_EDGE('',*,*,#69,.F.);
#2123 = ORIENTED_EDGE('',*,*,#151,.F.);
#2124 = ORIENTED_EDGE('',*,*,#2125,.T.);
#2125 = EDGE_CURVE('',#144,#210,#2126,.T.);
#2126 = LINE('',#2127,#2128);
#2127 = CARTESIAN_POINT('',(50.,-38.,0.));
#2128 = VECTOR('',#2129,1.);
#2129 = DIRECTION('',(0.,0.,1.));
#2130 = ORIENTED_EDGE('',*,*,#209,.T.);
#2131 = ORIENTED_EDGE('',*,*,#100,.F.);
#2132 = PLANE('',#2133);
#2133 = AXIS2_PLACEMENT_3D('',#2134,#2135,#2136);
#2134 = CARTESIAN_POINT('',(50.,-38.,0.));
#2135 = DIRECTION('',(-1.,0.,0.));
#2136 = DIRECTION('',(0.,1.,0.));
#2137 = ADVANCED_FACE('',(#2138),#2149,.F.);
#2138 = FACE_BOUND('',#2139,.F.);
#2139 = EDGE_LOOP('',(#2140,#2141,#2147,#2148));
#2140 = ORIENTED_EDGE('',*,*,#143,.F.);
#2141 = ORIENTED_EDGE('',*,*,#2142,.F.);
#2142 = EDGE_CURVE('',#228,#135,#2143,.T.);
#2143 = LINE('',#2144,#2145);
#2144 = CARTESIAN_POINT('',(3.5,-38.,3.));
#2145 = VECTOR('',#2146,1.);
#2146 = DIRECTION('',(-0.,-0.,-1.));
#2147 = ORIENTED_EDGE('',*,*,#236,.T.);
#2148 = ORIENTED_EDGE('',*,*,#2125,.F.);
#2149 = PLANE('',#2150);
#2150 = AXIS2_PLACEMENT_3D('',#2151,#2152,#2153);
#2151 = CARTESIAN_POINT('',(-50.,-38.,0.));
#2152 = DIRECTION('',(0.,1.,0.));
#2153 = DIRECTION('',(1.,0.,0.));
#2154 = ADVANCED_FACE('',(#2155),#2161,.F.);
#2155 = FACE_BOUND('',#2156,.F.);
#2156 = EDGE_LOOP('',(#2157,#2158,#2159,#2160));
#2157 = ORIENTED_EDGE('',*,*,#227,.F.);
#2158 = ORIENTED_EDGE('',*,*,#2142,.T.);
#2159 = ORIENTED_EDGE('',*,*,#134,.T.);
#2160 = ORIENTED_EDGE('',*,*,#2109,.F.);
#2161 = CYLINDRICAL_SURFACE('',#2162,3.5);
#2162 = AXIS2_PLACEMENT_3D('',#2163,#2164,#2165);
#2163 = CARTESIAN_POINT('',(0.,-38.,3.));
#2164 = DIRECTION('',(0.,0.,1.));
#2165 = DIRECTION('',(1.,0.,0.));
#2166 = ADVANCED_FACE('',(#2167),#2178,.F.);
#2167 = FACE_BOUND('',#2168,.T.);
#2168 = EDGE_LOOP('',(#2169,#2175,#2176,#2177));
#2169 = ORIENTED_EDGE('',*,*,#2170,.T.);
#2170 = EDGE_CURVE('',#160,#245,#2171,.T.);
#2171 = LINE('',#2172,#2173);
#2172 = CARTESIAN_POINT('',(-41.1,-25.,0.));
#2173 = VECTOR('',#2174,1.);
#2174 = DIRECTION('',(0.,0.,1.));
#2175 = ORIENTED_EDGE('',*,*,#244,.T.);
#2176 = ORIENTED_EDGE('',*,*,#2170,.F.);
#2177 = ORIENTED_EDGE('',*,*,#159,.F.);
#2178 = CYLINDRICAL_SURFACE('',#2179,1.4);
#2179 = AXIS2_PLACEMENT_3D('',#2180,#2181,#2182);
#2180 = CARTESIAN_POINT('',(-42.5,-25.,0.));
#2181 = DIRECTION('',(-0.,-0.,-1.));
#2182 = DIRECTION('',(1.,0.,0.));
#2183 = ADVANCED_FACE('',(#2184),#2195,.F.);
#2184 = FACE_BOUND('',#2185,.T.);
#2185 = EDGE_LOOP('',(#2186,#2192,#2193,#2194));
#2186 = ORIENTED_EDGE('',*,*,#2187,.T.);
#2187 = EDGE_CURVE('',#171,#256,#2188,.T.);
#2188 = LINE('',#2189,#2190);
#2189 = CARTESIAN_POINT('',(43.9,-25.,0.));
#2190 = VECTOR('',#2191,1.);
#2191 = DIRECTION('',(0.,0.,1.));
#2192 = ORIENTED_EDGE('',*,*,#255,.T.);
#2193 = ORIENTED_EDGE('',*,*,#2187,.F.);
#2194 = ORIENTED_EDGE('',*,*,#170,.F.);
#2195 = CYLINDRICAL_SURFACE('',#2196,1.4);
#2196 = AXIS2_PLACEMENT_3D('',#2197,#2198,#2199);
#2197 = CARTESIAN_POINT('',(42.5,-25.,0.));
#2198 = DIRECTION('',(-0.,-0.,-1.));
#2199 = DIRECTION('',(1.,0.,0.));
#2200 = ADVANCED_FACE('',(#2201),#2212,.F.);
#2201 = FACE_BOUND('',#2202,.T.);
#2202 = EDGE_LOOP('',(#2203,#2209,#2210,#2211));
#2203 = ORIENTED_EDGE('',*,*,#2204,.T.);
#2204 = EDGE_CURVE('',#182,#301,#2205,.T.);
#2205 = LINE('',#2206,#2207);
#2206 = CARTESIAN_POINT('',(-41.1,13.,0.));
#2207 = VECTOR('',#2208,1.);
#2208 = DIRECTION('',(0.,0.,1.));
#2209 = ORIENTED_EDGE('',*,*,#300,.T.);
#2210 = ORIENTED_EDGE('',*,*,#2204,.F.);
#2211 = ORIENTED_EDGE('',*,*,#181,.F.);
#2212 = CYLINDRICAL_SURFACE('',#2213,1.4);
#2213 = AXIS2_PLACEMENT_3D('',#2214,#2215,#2216);
#2214 = CARTESIAN_POINT('',(-42.5,13.,0.));
#2215 = DIRECTION('',(-0.,-0.,-1.));
#2216 = DIRECTION('',(1.,0.,0.));
#2217 = ADVANCED_FACE('',(#2218),#2229,.F.);
#2218 = FACE_BOUND('',#2219,.T.);
#2219 = EDGE_LOOP('',(#2220,#2226,#2227,#2228));
#2220 = ORIENTED_EDGE('',*,*,#2221,.T.);
#2221 = EDGE_CURVE('',#193,#1482,#2222,.T.);
#2222 = LINE('',#2223,#2224);
#2223 = CARTESIAN_POINT('',(43.9,13.,0.));
#2224 = VECTOR('',#2225,1.);
#2225 = DIRECTION('',(0.,0.,1.));
#2226 = ORIENTED_EDGE('',*,*,#1481,.T.);
#2227 = ORIENTED_EDGE('',*,*,#2221,.F.);
#2228 = ORIENTED_EDGE('',*,*,#192,.F.);
#2229 = CYLINDRICAL_SURFACE('',#2230,1.4);
#2230 = AXIS2_PLACEMENT_3D('',#2231,#2232,#2233);
#2231 = CARTESIAN_POINT('',(42.5,13.,0.));
#2232 = DIRECTION('',(-0.,-0.,-1.));
#2233 = DIRECTION('',(1.,0.,0.));
#2234 = ADVANCED_FACE('',(#2235),#2260,.F.);
#2235 = FACE_BOUND('',#2236,.F.);
#2236 = EDGE_LOOP('',(#2237,#2245,#2253,#2259));
#2237 = ORIENTED_EDGE('',*,*,#2238,.T.);
#2238 = EDGE_CURVE('',#267,#2239,#2241,.T.);
#2239 = VERTEX_POINT('',#2240);
#2240 = CARTESIAN_POINT('',(8.75,-15.,8.5));
#2241 = LINE('',#2242,#2243);
#2242 = CARTESIAN_POINT('',(8.75,-15.,3.));
#2243 = VECTOR('',#2244,1.);
#2244 = DIRECTION('',(0.,0.,1.));
#2245 = ORIENTED_EDGE('',*,*,#2246,.T.);
#2246 = EDGE_CURVE('',#2239,#2247,#2249,.T.);
#2247 = VERTEX_POINT('',#2248);
#2248 = CARTESIAN_POINT('',(8.75,3.5,8.5));
#2249 = LINE('',#2250,#2251);
#2250 = CARTESIAN_POINT('',(8.75,-15.,8.5));
#2251 = VECTOR('',#2252,1.);
#2252 = DIRECTION('',(0.,1.,0.));
#2253 = ORIENTED_EDGE('',*,*,#2254,.F.);
#2254 = EDGE_CURVE('',#269,#2247,#2255,.T.);
#2255 = LINE('',#2256,#2257);
#2256 = CARTESIAN_POINT('',(8.75,3.5,3.));
#2257 = VECTOR('',#2258,1.);
#2258 = DIRECTION('',(0.,0.,1.));
#2259 = ORIENTED_EDGE('',*,*,#266,.F.);
#2260 = PLANE('',#2261);
#2261 = AXIS2_PLACEMENT_3D('',#2262,#2263,#2264);
#2262 = CARTESIAN_POINT('',(8.75,-15.,3.));
#2263 = DIRECTION('',(-1.,0.,0.));
#2264 = DIRECTION('',(0.,1.,0.));
#2265 = ADVANCED_FACE('',(#2266),#2284,.F.);
#2266 = FACE_BOUND('',#2267,.F.);
#2267 = EDGE_LOOP('',(#2268,#2276,#2282,#2283));
#2268 = ORIENTED_EDGE('',*,*,#2269,.T.);
#2269 = EDGE_CURVE('',#277,#2270,#2272,.T.);
#2270 = VERTEX_POINT('',#2271);
#2271 = CARTESIAN_POINT('',(-8.75,-15.,8.5));
#2272 = LINE('',#2273,#2274);
#2273 = CARTESIAN_POINT('',(-8.75,-15.,3.));
#2274 = VECTOR('',#2275,1.);
#2275 = DIRECTION('',(0.,0.,1.));
#2276 = ORIENTED_EDGE('',*,*,#2277,.T.);
#2277 = EDGE_CURVE('',#2270,#2239,#2278,.T.);
#2278 = LINE('',#2279,#2280);
#2279 = CARTESIAN_POINT('',(-8.75,-15.,8.5));
#2280 = VECTOR('',#2281,1.);
#2281 = DIRECTION('',(1.,0.,0.));
#2282 = ORIENTED_EDGE('',*,*,#2238,.F.);
#2283 = ORIENTED_EDGE('',*,*,#276,.F.);
#2284 = PLANE('',#2285);
#2285 = AXIS2_PLACEMENT_3D('',#2286,#2287,#2288);
#2286 = CARTESIAN_POINT('',(-8.75,-15.,3.));
#2287 = DIRECTION('',(0.,1.,0.));
#2288 = DIRECTION('',(1.,0.,0.));
#2289 = ADVANCED_FACE('',(#2290),#2308,.F.);
#2290 = FACE_BOUND('',#2291,.F.);
#2291 = EDGE_LOOP('',(#2292,#2293,#2301,#2307));
#2292 = ORIENTED_EDGE('',*,*,#2254,.T.);
#2293 = ORIENTED_EDGE('',*,*,#2294,.T.);
#2294 = EDGE_CURVE('',#2247,#2295,#2297,.T.);
#2295 = VERTEX_POINT('',#2296);
#2296 = CARTESIAN_POINT('',(-8.75,3.5,8.5));
#2297 = LINE('',#2298,#2299);
#2298 = CARTESIAN_POINT('',(8.75,3.5,8.5));
#2299 = VECTOR('',#2300,1.);
#2300 = DIRECTION('',(-1.,-5.E-17,0.));
#2301 = ORIENTED_EDGE('',*,*,#2302,.F.);
#2302 = EDGE_CURVE('',#285,#2295,#2303,.T.);
#2303 = LINE('',#2304,#2305);
#2304 = CARTESIAN_POINT('',(-8.75,3.5,3.));
#2305 = VECTOR('',#2306,1.);
#2306 = DIRECTION('',(0.,0.,1.));
#2307 = ORIENTED_EDGE('',*,*,#292,.F.);
#2308 = PLANE('',#2309);
#2309 = AXIS2_PLACEMENT_3D('',#2310,#2311,#2312);
#2310 = CARTESIAN_POINT('',(8.75,3.5,3.));
#2311 = DIRECTION('',(5.E-17,-1.,0.));
#2312 = DIRECTION('',(-1.,-5.E-17,0.));
#2313 = ADVANCED_FACE('',(#2314),#2325,.F.);
#2314 = FACE_BOUND('',#2315,.F.);
#2315 = EDGE_LOOP('',(#2316,#2317,#2323,#2324));
#2316 = ORIENTED_EDGE('',*,*,#2302,.T.);
#2317 = ORIENTED_EDGE('',*,*,#2318,.T.);
#2318 = EDGE_CURVE('',#2295,#2270,#2319,.T.);
#2319 = LINE('',#2320,#2321);
#2320 = CARTESIAN_POINT('',(-8.75,3.5,8.5));
#2321 = VECTOR('',#2322,1.);
#2322 = DIRECTION('',(0.,-1.,0.));
#2323 = ORIENTED_EDGE('',*,*,#2269,.F.);
#2324 = ORIENTED_EDGE('',*,*,#284,.F.);
#2325 = PLANE('',#2326);
#2326 = AXIS2_PLACEMENT_3D('',#2327,#2328,#2329);
#2327 = CARTESIAN_POINT('',(-8.75,3.5,3.));
#2328 = DIRECTION('',(1.,0.,0.));
#2329 = DIRECTION('',(0.,-1.,0.));
#2330 = ADVANCED_FACE('',(#2331),#2356,.T.);
#2331 = FACE_BOUND('',#2332,.T.);
#2332 = EDGE_LOOP('',(#2333,#2341,#2349,#2355));
#2333 = ORIENTED_EDGE('',*,*,#2334,.T.);
#2334 = EDGE_CURVE('',#312,#2335,#2337,.T.);
#2335 = VERTEX_POINT('',#2336);
#2336 = CARTESIAN_POINT('',(-22.97846283783,29.75975975976,2.));
#2337 = LINE('',#2338,#2339);
#2338 = CARTESIAN_POINT('',(-22.97846283783,29.75975975976,3.));
#2339 = VECTOR('',#2340,1.);
#2340 = DIRECTION('',(-0.,-0.,-1.));
#2341 = ORIENTED_EDGE('',*,*,#2342,.T.);
#2342 = EDGE_CURVE('',#2335,#2343,#2345,.T.);
#2343 = VERTEX_POINT('',#2344);
#2344 = CARTESIAN_POINT('',(-22.97846283783,20.,2.));
#2345 = LINE('',#2346,#2347);
#2346 = CARTESIAN_POINT('',(-22.97846283783,29.75975975976,2.));
#2347 = VECTOR('',#2348,1.);
#2348 = DIRECTION('',(0.,-1.,0.));
#2349 = ORIENTED_EDGE('',*,*,#2350,.F.);
#2350 = EDGE_CURVE('',#314,#2343,#2351,.T.);
#2351 = LINE('',#2352,#2353);
#2352 = CARTESIAN_POINT('',(-22.97846283783,20.,3.));
#2353 = VECTOR('',#2354,1.);
#2354 = DIRECTION('',(-0.,-0.,-1.));
#2355 = ORIENTED_EDGE('',*,*,#311,.F.);
#2356 = PLANE('',#2357);
#2357 = AXIS2_PLACEMENT_3D('',#2358,#2359,#2360);
#2358 = CARTESIAN_POINT('',(-22.97846283783,29.75975975976,3.));
#2359 = DIRECTION('',(-1.,0.,0.));
#2360 = DIRECTION('',(0.,-1.,0.));
#2361 = ADVANCED_FACE('',(#2362),#2380,.T.);
#2362 = FACE_BOUND('',#2363,.T.);
#2363 = EDGE_LOOP('',(#2364,#2372,#2378,#2379));
#2364 = ORIENTED_EDGE('',*,*,#2365,.T.);
#2365 = EDGE_CURVE('',#330,#2366,#2368,.T.);
#2366 = VERTEX_POINT('',#2367);
#2367 = CARTESIAN_POINT('',(-24.72118993994,29.75975975976,2.));
#2368 = LINE('',#2369,#2370);
#2369 = CARTESIAN_POINT('',(-24.72118993994,29.75975975976,3.));
#2370 = VECTOR('',#2371,1.);
#2371 = DIRECTION('',(-0.,-0.,-1.));
#2372 = ORIENTED_EDGE('',*,*,#2373,.T.);
#2373 = EDGE_CURVE('',#2366,#2335,#2374,.T.);
#2374 = LINE('',#2375,#2376);
#2375 = CARTESIAN_POINT('',(-24.72118993994,29.75975975976,2.));
#2376 = VECTOR('',#2377,1.);
#2377 = DIRECTION('',(1.,0.,0.));
#2378 = ORIENTED_EDGE('',*,*,#2334,.F.);
#2379 = ORIENTED_EDGE('',*,*,#337,.F.);
#2380 = PLANE('',#2381);
#2381 = AXIS2_PLACEMENT_3D('',#2382,#2383,#2384);
#2382 = CARTESIAN_POINT('',(-24.72118993994,29.75975975976,3.));
#2383 = DIRECTION('',(0.,-1.,0.));
#2384 = DIRECTION('',(1.,0.,0.));
#2385 = ADVANCED_FACE('',(#2386),#2404,.T.);
#2386 = FACE_BOUND('',#2387,.T.);
#2387 = EDGE_LOOP('',(#2388,#2389,#2397,#2403));
#2388 = ORIENTED_EDGE('',*,*,#2350,.T.);
#2389 = ORIENTED_EDGE('',*,*,#2390,.T.);
#2390 = EDGE_CURVE('',#2343,#2391,#2393,.T.);
#2391 = VERTEX_POINT('',#2392);
#2392 = CARTESIAN_POINT('',(-24.72118993994,20.,2.));
#2393 = LINE('',#2394,#2395);
#2394 = CARTESIAN_POINT('',(-22.97846283783,20.,2.));
#2395 = VECTOR('',#2396,1.);
#2396 = DIRECTION('',(-1.,0.,0.));
#2397 = ORIENTED_EDGE('',*,*,#2398,.F.);
#2398 = EDGE_CURVE('',#322,#2391,#2399,.T.);
#2399 = LINE('',#2400,#2401);
#2400 = CARTESIAN_POINT('',(-24.72118993994,20.,3.));
#2401 = VECTOR('',#2402,1.);
#2402 = DIRECTION('',(-0.,-0.,-1.));
#2403 = ORIENTED_EDGE('',*,*,#321,.F.);
#2404 = PLANE('',#2405);
#2405 = AXIS2_PLACEMENT_3D('',#2406,#2407,#2408);
#2406 = CARTESIAN_POINT('',(-22.97846283783,20.,3.));
#2407 = DIRECTION('',(0.,1.,0.));
#2408 = DIRECTION('',(-1.,0.,0.));
#2409 = ADVANCED_FACE('',(#2410),#2421,.T.);
#2410 = FACE_BOUND('',#2411,.T.);
#2411 = EDGE_LOOP('',(#2412,#2413,#2419,#2420));
#2412 = ORIENTED_EDGE('',*,*,#2398,.T.);
#2413 = ORIENTED_EDGE('',*,*,#2414,.T.);
#2414 = EDGE_CURVE('',#2391,#2366,#2415,.T.);
#2415 = LINE('',#2416,#2417);
#2416 = CARTESIAN_POINT('',(-24.72118993994,20.,2.));
#2417 = VECTOR('',#2418,1.);
#2418 = DIRECTION('',(0.,1.,0.));
#2419 = ORIENTED_EDGE('',*,*,#2365,.F.);
#2420 = ORIENTED_EDGE('',*,*,#329,.F.);
#2421 = PLANE('',#2422);
#2422 = AXIS2_PLACEMENT_3D('',#2423,#2424,#2425);
#2423 = CARTESIAN_POINT('',(-24.72118993994,20.,3.));
#2424 = DIRECTION('',(1.,0.,0.));
#2425 = DIRECTION('',(0.,1.,0.));
#2426 = ADVANCED_FACE('',(#2427),#2452,.T.);
#2427 = FACE_BOUND('',#2428,.T.);
#2428 = EDGE_LOOP('',(#2429,#2437,#2445,#2451));
#2429 = ORIENTED_EDGE('',*,*,#2430,.T.);
#2430 = EDGE_CURVE('',#346,#2431,#2433,.T.);
#2431 = VERTEX_POINT('',#2432);
#2432 = CARTESIAN_POINT('',(-36.5,33.,2.));
#2433 = LINE('',#2434,#2435);
#2434 = CARTESIAN_POINT('',(-36.5,33.,3.));
#2435 = VECTOR('',#2436,1.);
#2436 = DIRECTION('',(-0.,-0.,-1.));
#2437 = ORIENTED_EDGE('',*,*,#2438,.T.);
#2438 = EDGE_CURVE('',#2431,#2439,#2441,.T.);
#2439 = VERTEX_POINT('',#2440);
#2440 = CARTESIAN_POINT('',(-26.51271584084,33.,2.));
#2441 = LINE('',#2442,#2443);
#2442 = CARTESIAN_POINT('',(-36.5,33.,2.));
#2443 = VECTOR('',#2444,1.);
#2444 = DIRECTION('',(1.,0.,0.));
#2445 = ORIENTED_EDGE('',*,*,#2446,.F.);
#2446 = EDGE_CURVE('',#348,#2439,#2447,.T.);
#2447 = LINE('',#2448,#2449);
#2448 = CARTESIAN_POINT('',(-26.51271584084,33.,3.));
#2449 = VECTOR('',#2450,1.);
#2450 = DIRECTION('',(-0.,-0.,-1.));
#2451 = ORIENTED_EDGE('',*,*,#345,.F.);
#2452 = PLANE('',#2453);
#2453 = AXIS2_PLACEMENT_3D('',#2454,#2455,#2456);
#2454 = CARTESIAN_POINT('',(-36.5,33.,3.));
#2455 = DIRECTION('',(0.,-1.,0.));
#2456 = DIRECTION('',(1.,0.,0.));
#2457 = ADVANCED_FACE('',(#2458),#2476,.T.);
#2458 = FACE_BOUND('',#2459,.T.);
#2459 = EDGE_LOOP('',(#2460,#2468,#2474,#2475));
#2460 = ORIENTED_EDGE('',*,*,#2461,.T.);
#2461 = EDGE_CURVE('',#396,#2462,#2464,.T.);
#2462 = VERTEX_POINT('',#2463);
#2463 = CARTESIAN_POINT('',(-36.5,31.438438438438,2.));
#2464 = LINE('',#2465,#2466);
#2465 = CARTESIAN_POINT('',(-36.5,31.438438438438,3.));
#2466 = VECTOR('',#2467,1.);
#2467 = DIRECTION('',(-0.,-0.,-1.));
#2468 = ORIENTED_EDGE('',*,*,#2469,.T.);
#2469 = EDGE_CURVE('',#2462,#2431,#2470,.T.);
#2470 = LINE('',#2471,#2472);
#2471 = CARTESIAN_POINT('',(-36.5,31.438438438438,2.));
#2472 = VECTOR('',#2473,1.);
#2473 = DIRECTION('',(0.,1.,0.));
#2474 = ORIENTED_EDGE('',*,*,#2430,.F.);
#2475 = ORIENTED_EDGE('',*,*,#403,.F.);
#2476 = PLANE('',#2477);
#2477 = AXIS2_PLACEMENT_3D('',#2478,#2479,#2480);
#2478 = CARTESIAN_POINT('',(-36.5,31.438438438438,3.));
#2479 = DIRECTION('',(1.,0.,0.));
#2480 = DIRECTION('',(0.,1.,0.));
#2481 = ADVANCED_FACE('',(#2482),#2500,.T.);
#2482 = FACE_BOUND('',#2483,.T.);
#2483 = EDGE_LOOP('',(#2484,#2485,#2493,#2499));
#2484 = ORIENTED_EDGE('',*,*,#2446,.T.);
#2485 = ORIENTED_EDGE('',*,*,#2486,.T.);
#2486 = EDGE_CURVE('',#2439,#2487,#2489,.T.);
#2487 = VERTEX_POINT('',#2488);
#2488 = CARTESIAN_POINT('',(-26.51271584084,31.438438438438,2.));
#2489 = LINE('',#2490,#2491);
#2490 = CARTESIAN_POINT('',(-26.51271584084,33.,2.));
#2491 = VECTOR('',#2492,1.);
#2492 = DIRECTION('',(0.,-1.,0.));
#2493 = ORIENTED_EDGE('',*,*,#2494,.F.);
#2494 = EDGE_CURVE('',#356,#2487,#2495,.T.);
#2495 = LINE('',#2496,#2497);
#2496 = CARTESIAN_POINT('',(-26.51271584084,31.438438438438,3.));
#2497 = VECTOR('',#2498,1.);
#2498 = DIRECTION('',(-0.,-0.,-1.));
#2499 = ORIENTED_EDGE('',*,*,#355,.F.);
#2500 = PLANE('',#2501);
#2501 = AXIS2_PLACEMENT_3D('',#2502,#2503,#2504);
#2502 = CARTESIAN_POINT('',(-26.51271584084,33.,3.));
#2503 = DIRECTION('',(-1.,0.,0.));
#2504 = DIRECTION('',(0.,-1.,0.));
#2505 = ADVANCED_FACE('',(#2506),#2524,.T.);
#2506 = FACE_BOUND('',#2507,.T.);
#2507 = EDGE_LOOP('',(#2508,#2516,#2522,#2523));
#2508 = ORIENTED_EDGE('',*,*,#2509,.T.);
#2509 = EDGE_CURVE('',#388,#2510,#2512,.T.);
#2510 = VERTEX_POINT('',#2511);
#2511 = CARTESIAN_POINT('',(-32.41554054054,31.438438438438,2.));
#2512 = LINE('',#2513,#2514);
#2513 = CARTESIAN_POINT('',(-32.41554054054,31.438438438438,3.));
#2514 = VECTOR('',#2515,1.);
#2515 = DIRECTION('',(-0.,-0.,-1.));
#2516 = ORIENTED_EDGE('',*,*,#2517,.T.);
#2517 = EDGE_CURVE('',#2510,#2462,#2518,.T.);
#2518 = LINE('',#2519,#2520);
#2519 = CARTESIAN_POINT('',(-32.41554054054,31.438438438438,2.));
#2520 = VECTOR('',#2521,1.);
#2521 = DIRECTION('',(-1.,0.,0.));
#2522 = ORIENTED_EDGE('',*,*,#2461,.F.);
#2523 = ORIENTED_EDGE('',*,*,#395,.F.);
#2524 = PLANE('',#2525);
#2525 = AXIS2_PLACEMENT_3D('',#2526,#2527,#2528);
#2526 = CARTESIAN_POINT('',(-32.41554054054,31.438438438438,3.));
#2527 = DIRECTION('',(0.,1.,0.));
#2528 = DIRECTION('',(-1.,0.,0.));
#2529 = ADVANCED_FACE('',(#2530),#2548,.T.);
#2530 = FACE_BOUND('',#2531,.T.);
#2531 = EDGE_LOOP('',(#2532,#2533,#2541,#2547));
#2532 = ORIENTED_EDGE('',*,*,#2494,.T.);
#2533 = ORIENTED_EDGE('',*,*,#2534,.T.);
#2534 = EDGE_CURVE('',#2487,#2535,#2537,.T.);
#2535 = VERTEX_POINT('',#2536);
#2536 = CARTESIAN_POINT('',(-30.59778528528,31.438438438438,2.));
#2537 = LINE('',#2538,#2539);
#2538 = CARTESIAN_POINT('',(-26.51271584084,31.438438438438,2.));
#2539 = VECTOR('',#2540,1.);
#2540 = DIRECTION('',(-1.,0.,0.));
#2541 = ORIENTED_EDGE('',*,*,#2542,.F.);
#2542 = EDGE_CURVE('',#364,#2535,#2543,.T.);
#2543 = LINE('',#2544,#2545);
#2544 = CARTESIAN_POINT('',(-30.59778528528,31.438438438438,3.));
#2545 = VECTOR('',#2546,1.);
#2546 = DIRECTION('',(-0.,-0.,-1.));
#2547 = ORIENTED_EDGE('',*,*,#363,.F.);
#2548 = PLANE('',#2549);
#2549 = AXIS2_PLACEMENT_3D('',#2550,#2551,#2552);
#2550 = CARTESIAN_POINT('',(-26.51271584084,31.438438438438,3.));
#2551 = DIRECTION('',(0.,1.,0.));
#2552 = DIRECTION('',(-1.,0.,0.));
#2553 = ADVANCED_FACE('',(#2554),#2572,.T.);
#2554 = FACE_BOUND('',#2555,.T.);
#2555 = EDGE_LOOP('',(#2556,#2564,#2570,#2571));
#2556 = ORIENTED_EDGE('',*,*,#2557,.T.);
#2557 = EDGE_CURVE('',#380,#2558,#2560,.T.);
#2558 = VERTEX_POINT('',#2559);
#2559 = CARTESIAN_POINT('',(-32.41554054054,20.,2.));
#2560 = LINE('',#2561,#2562);
#2561 = CARTESIAN_POINT('',(-32.41554054054,20.,3.));
#2562 = VECTOR('',#2563,1.);
#2563 = DIRECTION('',(-0.,-0.,-1.));
#2564 = ORIENTED_EDGE('',*,*,#2565,.T.);
#2565 = EDGE_CURVE('',#2558,#2510,#2566,.T.);
#2566 = LINE('',#2567,#2568);
#2567 = CARTESIAN_POINT('',(-32.41554054054,20.,2.));
#2568 = VECTOR('',#2569,1.);
#2569 = DIRECTION('',(0.,1.,0.));
#2570 = ORIENTED_EDGE('',*,*,#2509,.F.);
#2571 = ORIENTED_EDGE('',*,*,#387,.F.);
#2572 = PLANE('',#2573);
#2573 = AXIS2_PLACEMENT_3D('',#2574,#2575,#2576);
#2574 = CARTESIAN_POINT('',(-32.41554054054,20.,3.));
#2575 = DIRECTION('',(1.,0.,0.));
#2576 = DIRECTION('',(0.,1.,0.));
#2577 = ADVANCED_FACE('',(#2578),#2596,.T.);
#2578 = FACE_BOUND('',#2579,.T.);
#2579 = EDGE_LOOP('',(#2580,#2581,#2589,#2595));
#2580 = ORIENTED_EDGE('',*,*,#2542,.T.);
#2581 = ORIENTED_EDGE('',*,*,#2582,.T.);
#2582 = EDGE_CURVE('',#2535,#2583,#2585,.T.);
#2583 = VERTEX_POINT('',#2584);
#2584 = CARTESIAN_POINT('',(-30.59778528528,20.,2.));
#2585 = LINE('',#2586,#2587);
#2586 = CARTESIAN_POINT('',(-30.59778528528,31.438438438438,2.));
#2587 = VECTOR('',#2588,1.);
#2588 = DIRECTION('',(0.,-1.,0.));
#2589 = ORIENTED_EDGE('',*,*,#2590,.F.);
#2590 = EDGE_CURVE('',#372,#2583,#2591,.T.);
#2591 = LINE('',#2592,#2593);
#2592 = CARTESIAN_POINT('',(-30.59778528528,20.,3.));
#2593 = VECTOR('',#2594,1.);
#2594 = DIRECTION('',(-0.,-0.,-1.));
#2595 = ORIENTED_EDGE('',*,*,#371,.F.);
#2596 = PLANE('',#2597);
#2597 = AXIS2_PLACEMENT_3D('',#2598,#2599,#2600);
#2598 = CARTESIAN_POINT('',(-30.59778528528,31.438438438438,3.));
#2599 = DIRECTION('',(-1.,0.,0.));
#2600 = DIRECTION('',(0.,-1.,0.));
#2601 = ADVANCED_FACE('',(#2602),#2613,.T.);
#2602 = FACE_BOUND('',#2603,.T.);
#2603 = EDGE_LOOP('',(#2604,#2605,#2611,#2612));
#2604 = ORIENTED_EDGE('',*,*,#2590,.T.);
#2605 = ORIENTED_EDGE('',*,*,#2606,.T.);
#2606 = EDGE_CURVE('',#2583,#2558,#2607,.T.);
#2607 = LINE('',#2608,#2609);
#2608 = CARTESIAN_POINT('',(-30.59778528528,20.,2.));
#2609 = VECTOR('',#2610,1.);
#2610 = DIRECTION('',(-1.,0.,0.));
#2611 = ORIENTED_EDGE('',*,*,#2557,.F.);
#2612 = ORIENTED_EDGE('',*,*,#379,.F.);
#2613 = PLANE('',#2614);
#2614 = AXIS2_PLACEMENT_3D('',#2615,#2616,#2617);
#2615 = CARTESIAN_POINT('',(-30.59778528528,20.,3.));
#2616 = DIRECTION('',(0.,1.,0.));
#2617 = DIRECTION('',(-1.,0.,0.));
#2618 = ADVANCED_FACE('',(#2619),#2644,.T.);
#2619 = FACE_BOUND('',#2620,.T.);
#2620 = EDGE_LOOP('',(#2621,#2629,#2637,#2643));
#2621 = ORIENTED_EDGE('',*,*,#2622,.T.);
#2622 = EDGE_CURVE('',#412,#2623,#2625,.T.);
#2623 = VERTEX_POINT('',#2624);
#2624 = CARTESIAN_POINT('',(-23.06325075075,31.78856981982,2.));
#2625 = LINE('',#2626,#2627);
#2626 = CARTESIAN_POINT('',(-23.06325075075,31.78856981982,3.));
#2627 = VECTOR('',#2628,1.);
#2628 = DIRECTION('',(-0.,-0.,-1.));
#2629 = ORIENTED_EDGE('',*,*,#2630,.T.);
#2630 = EDGE_CURVE('',#2623,#2631,#2633,.T.);
#2631 = VERTEX_POINT('',#2632);
#2632 = CARTESIAN_POINT('',(-23.85928115615,31.477477477477,2.));
#2633 = B_SPLINE_CURVE_WITH_KNOTS('',2,(#2634,#2635,#2636),
  .UNSPECIFIED.,.F.,.F.,(3,3),(0.,1.),.PIECEWISE_BEZIER_KNOTS.);
#2634 = CARTESIAN_POINT('',(-23.06325075075,31.78856981982,2.));
#2635 = CARTESIAN_POINT('',(-23.39081268768,31.477477477477,2.));
#2636 = CARTESIAN_POINT('',(-23.85928115615,31.477477477477,2.));
#2637 = ORIENTED_EDGE('',*,*,#2638,.F.);
#2638 = EDGE_CURVE('',#414,#2631,#2639,.T.);
#2639 = LINE('',#2640,#2641);
#2640 = CARTESIAN_POINT('',(-23.85928115615,31.477477477477,3.));
#2641 = VECTOR('',#2642,1.);
#2642 = DIRECTION('',(-0.,-0.,-1.));
#2643 = ORIENTED_EDGE('',*,*,#411,.F.);
#2644 = SURFACE_OF_LINEAR_EXTRUSION('',#2645,#2649);
#2645 = B_SPLINE_CURVE_WITH_KNOTS('',2,(#2646,#2647,#2648),
  .UNSPECIFIED.,.F.,.F.,(3,3),(0.,1.),.PIECEWISE_BEZIER_KNOTS.);
#2646 = CARTESIAN_POINT('',(-23.06325075075,31.78856981982,3.));
#2647 = CARTESIAN_POINT('',(-23.39081268768,31.477477477477,3.));
#2648 = CARTESIAN_POINT('',(-23.85928115615,31.477477477477,3.));
#2649 = VECTOR('',#2650,1.);
#2650 = DIRECTION('',(0.,0.,1.));
#2651 = ADVANCED_FACE('',(#2652),#2670,.T.);
#2652 = FACE_BOUND('',#2653,.T.);
#2653 = EDGE_LOOP('',(#2654,#2662,#2668,#2669));
#2654 = ORIENTED_EDGE('',*,*,#2655,.T.);
#2655 = EDGE_CURVE('',#462,#2656,#2658,.T.);
#2656 = VERTEX_POINT('',#2657);
#2657 = CARTESIAN_POINT('',(-22.73507882882,32.629129129129,2.));
#2658 = LINE('',#2659,#2660);
#2659 = CARTESIAN_POINT('',(-22.73507882882,32.629129129129,3.));
#2660 = VECTOR('',#2661,1.);
#2661 = DIRECTION('',(-0.,-0.,-1.));
#2662 = ORIENTED_EDGE('',*,*,#2663,.T.);
#2663 = EDGE_CURVE('',#2656,#2623,#2664,.T.);
#2664 = B_SPLINE_CURVE_WITH_KNOTS('',2,(#2665,#2666,#2667),
  .UNSPECIFIED.,.F.,.F.,(3,3),(0.,1.),.PIECEWISE_BEZIER_KNOTS.);
#2665 = CARTESIAN_POINT('',(-22.73507882882,32.629129129129,2.));
#2666 = CARTESIAN_POINT('',(-22.73507882882,32.100272147147,2.));
#2667 = CARTESIAN_POINT('',(-23.06325075075,31.78856981982,2.));
#2668 = ORIENTED_EDGE('',*,*,#2622,.F.);
#2669 = ORIENTED_EDGE('',*,*,#469,.F.);
#2670 = SURFACE_OF_LINEAR_EXTRUSION('',#2671,#2675);
#2671 = B_SPLINE_CURVE_WITH_KNOTS('',2,(#2672,#2673,#2674),
  .UNSPECIFIED.,.F.,.F.,(3,3),(0.,1.),.PIECEWISE_BEZIER_KNOTS.);
#2672 = CARTESIAN_POINT('',(-22.73507882882,32.629129129129,3.));
#2673 = CARTESIAN_POINT('',(-22.73507882882,32.100272147147,3.));
#2674 = CARTESIAN_POINT('',(-23.06325075075,31.78856981982,3.));
#2675 = VECTOR('',#2676,1.);
#2676 = DIRECTION('',(0.,0.,1.));
#2677 = ADVANCED_FACE('',(#2678),#2696,.T.);
#2678 = FACE_BOUND('',#2679,.T.);
#2679 = EDGE_LOOP('',(#2680,#2681,#2689,#2695));
#2680 = ORIENTED_EDGE('',*,*,#2638,.T.);
#2681 = ORIENTED_EDGE('',*,*,#2682,.T.);
#2682 = EDGE_CURVE('',#2631,#2683,#2685,.T.);
#2683 = VERTEX_POINT('',#2684);
#2684 = CARTESIAN_POINT('',(-24.65592154654,31.78856981982,2.));
#2685 = B_SPLINE_CURVE_WITH_KNOTS('',2,(#2686,#2687,#2688),
  .UNSPECIFIED.,.F.,.F.,(3,3),(0.,1.),.PIECEWISE_BEZIER_KNOTS.);
#2686 = CARTESIAN_POINT('',(-23.85928115615,31.477477477477,2.));
#2687 = CARTESIAN_POINT('',(-24.32774962462,31.477477477477,2.));
#2688 = CARTESIAN_POINT('',(-24.65592154654,31.78856981982,2.));
#2689 = ORIENTED_EDGE('',*,*,#2690,.F.);
#2690 = EDGE_CURVE('',#422,#2683,#2691,.T.);
#2691 = LINE('',#2692,#2693);
#2692 = CARTESIAN_POINT('',(-24.65592154654,31.78856981982,3.));
#2693 = VECTOR('',#2694,1.);
#2694 = DIRECTION('',(-0.,-0.,-1.));
#2695 = ORIENTED_EDGE('',*,*,#421,.F.);
#2696 = SURFACE_OF_LINEAR_EXTRUSION('',#2697,#2701);
#2697 = B_SPLINE_CURVE_WITH_KNOTS('',2,(#2698,#2699,#2700),
  .UNSPECIFIED.,.F.,.F.,(3,3),(0.,1.),.PIECEWISE_BEZIER_KNOTS.);
#2698 = CARTESIAN_POINT('',(-23.85928115615,31.477477477477,3.));
#2699 = CARTESIAN_POINT('',(-24.32774962462,31.477477477477,3.));
#2700 = CARTESIAN_POINT('',(-24.65592154654,31.78856981982,3.));
#2701 = VECTOR('',#2702,1.);
#2702 = DIRECTION('',(0.,0.,1.));
#2703 = ADVANCED_FACE('',(#2704),#2722,.T.);
#2704 = FACE_BOUND('',#2705,.T.);
#2705 = EDGE_LOOP('',(#2706,#2714,#2720,#2721));
#2706 = ORIENTED_EDGE('',*,*,#2707,.T.);
#2707 = EDGE_CURVE('',#454,#2708,#2710,.T.);
#2708 = VERTEX_POINT('',#2709);
#2709 = CARTESIAN_POINT('',(-23.06325075075,33.469078453453,2.));
#2710 = LINE('',#2711,#2712);
#2711 = CARTESIAN_POINT('',(-23.06325075075,33.469078453453,3.));
#2712 = VECTOR('',#2713,1.);
#2713 = DIRECTION('',(-0.,-0.,-1.));
#2714 = ORIENTED_EDGE('',*,*,#2715,.T.);
#2715 = EDGE_CURVE('',#2708,#2656,#2716,.T.);
#2716 = B_SPLINE_CURVE_WITH_KNOTS('',2,(#2717,#2718,#2719),
  .UNSPECIFIED.,.F.,.F.,(3,3),(0.,1.),.PIECEWISE_BEZIER_KNOTS.);
#2717 = CARTESIAN_POINT('',(-23.06325075075,33.469078453453,2.));
#2718 = CARTESIAN_POINT('',(-22.73507882882,33.157986111111,2.));
#2719 = CARTESIAN_POINT('',(-22.73507882882,32.629129129129,2.));
#2720 = ORIENTED_EDGE('',*,*,#2655,.F.);
#2721 = ORIENTED_EDGE('',*,*,#461,.F.);
#2722 = SURFACE_OF_LINEAR_EXTRUSION('',#2723,#2727);
#2723 = B_SPLINE_CURVE_WITH_KNOTS('',2,(#2724,#2725,#2726),
  .UNSPECIFIED.,.F.,.F.,(3,3),(0.,1.),.PIECEWISE_BEZIER_KNOTS.);
#2724 = CARTESIAN_POINT('',(-23.06325075075,33.469078453453,3.));
#2725 = CARTESIAN_POINT('',(-22.73507882882,33.157986111111,3.));
#2726 = CARTESIAN_POINT('',(-22.73507882882,32.629129129129,3.));
#2727 = VECTOR('',#2728,1.);
#2728 = DIRECTION('',(0.,0.,1.));
#2729 = ADVANCED_FACE('',(#2730),#2748,.T.);
#2730 = FACE_BOUND('',#2731,.T.);
#2731 = EDGE_LOOP('',(#2732,#2733,#2741,#2747));
#2732 = ORIENTED_EDGE('',*,*,#2690,.T.);
#2733 = ORIENTED_EDGE('',*,*,#2734,.T.);
#2734 = EDGE_CURVE('',#2683,#2735,#2737,.T.);
#2735 = VERTEX_POINT('',#2736);
#2736 = CARTESIAN_POINT('',(-24.98348348348,32.629129129129,2.));
#2737 = B_SPLINE_CURVE_WITH_KNOTS('',2,(#2738,#2739,#2740),
  .UNSPECIFIED.,.F.,.F.,(3,3),(0.,1.),.PIECEWISE_BEZIER_KNOTS.);
#2738 = CARTESIAN_POINT('',(-24.65592154654,31.78856981982,2.));
#2739 = CARTESIAN_POINT('',(-24.98348348348,32.100272147147,2.));
#2740 = CARTESIAN_POINT('',(-24.98348348348,32.629129129129,2.));
#2741 = ORIENTED_EDGE('',*,*,#2742,.F.);
#2742 = EDGE_CURVE('',#430,#2735,#2743,.T.);
#2743 = LINE('',#2744,#2745);
#2744 = CARTESIAN_POINT('',(-24.98348348348,32.629129129129,3.));
#2745 = VECTOR('',#2746,1.);
#2746 = DIRECTION('',(-0.,-0.,-1.));
#2747 = ORIENTED_EDGE('',*,*,#429,.F.);
#2748 = SURFACE_OF_LINEAR_EXTRUSION('',#2749,#2753);
#2749 = B_SPLINE_CURVE_WITH_KNOTS('',2,(#2750,#2751,#2752),
  .UNSPECIFIED.,.F.,.F.,(3,3),(0.,1.),.PIECEWISE_BEZIER_KNOTS.);
#2750 = CARTESIAN_POINT('',(-24.65592154654,31.78856981982,3.));
#2751 = CARTESIAN_POINT('',(-24.98348348348,32.100272147147,3.));
#2752 = CARTESIAN_POINT('',(-24.98348348348,32.629129129129,3.));
#2753 = VECTOR('',#2754,1.);
#2754 = DIRECTION('',(0.,0.,1.));
#2755 = ADVANCED_FACE('',(#2756),#2774,.T.);
#2756 = FACE_BOUND('',#2757,.T.);
#2757 = EDGE_LOOP('',(#2758,#2766,#2772,#2773));
#2758 = ORIENTED_EDGE('',*,*,#2759,.T.);
#2759 = EDGE_CURVE('',#446,#2760,#2762,.T.);
#2760 = VERTEX_POINT('',#2761);
#2761 = CARTESIAN_POINT('',(-23.85928115615,33.780780780781,2.));
#2762 = LINE('',#2763,#2764);
#2763 = CARTESIAN_POINT('',(-23.85928115615,33.780780780781,3.));
#2764 = VECTOR('',#2765,1.);
#2765 = DIRECTION('',(-0.,-0.,-1.));
#2766 = ORIENTED_EDGE('',*,*,#2767,.T.);
#2767 = EDGE_CURVE('',#2760,#2708,#2768,.T.);
#2768 = B_SPLINE_CURVE_WITH_KNOTS('',2,(#2769,#2770,#2771),
  .UNSPECIFIED.,.F.,.F.,(3,3),(0.,1.),.PIECEWISE_BEZIER_KNOTS.);
#2769 = CARTESIAN_POINT('',(-23.85928115615,33.780780780781,2.));
#2770 = CARTESIAN_POINT('',(-23.39081268768,33.780780780781,2.));
#2771 = CARTESIAN_POINT('',(-23.06325075075,33.469078453453,2.));
#2772 = ORIENTED_EDGE('',*,*,#2707,.F.);
#2773 = ORIENTED_EDGE('',*,*,#453,.F.);
#2774 = SURFACE_OF_LINEAR_EXTRUSION('',#2775,#2779);
#2775 = B_SPLINE_CURVE_WITH_KNOTS('',2,(#2776,#2777,#2778),
  .UNSPECIFIED.,.F.,.F.,(3,3),(0.,1.),.PIECEWISE_BEZIER_KNOTS.);
#2776 = CARTESIAN_POINT('',(-23.85928115615,33.780780780781,3.));
#2777 = CARTESIAN_POINT('',(-23.39081268768,33.780780780781,3.));
#2778 = CARTESIAN_POINT('',(-23.06325075075,33.469078453453,3.));
#2779 = VECTOR('',#2780,1.);
#2780 = DIRECTION('',(0.,0.,1.));
#2781 = ADVANCED_FACE('',(#2782),#2800,.T.);
#2782 = FACE_BOUND('',#2783,.T.);
#2783 = EDGE_LOOP('',(#2784,#2785,#2793,#2799));
#2784 = ORIENTED_EDGE('',*,*,#2742,.T.);
#2785 = ORIENTED_EDGE('',*,*,#2786,.T.);
#2786 = EDGE_CURVE('',#2735,#2787,#2789,.T.);
#2787 = VERTEX_POINT('',#2788);
#2788 = CARTESIAN_POINT('',(-24.65592154654,33.469078453453,2.));
#2789 = B_SPLINE_CURVE_WITH_KNOTS('',2,(#2790,#2791,#2792),
  .UNSPECIFIED.,.F.,.F.,(3,3),(0.,1.),.PIECEWISE_BEZIER_KNOTS.);
#2790 = CARTESIAN_POINT('',(-24.98348348348,32.629129129129,2.));
#2791 = CARTESIAN_POINT('',(-24.98348348348,33.157986111111,2.));
#2792 = CARTESIAN_POINT('',(-24.65592154654,33.469078453453,2.));
#2793 = ORIENTED_EDGE('',*,*,#2794,.F.);
#2794 = EDGE_CURVE('',#438,#2787,#2795,.T.);
#2795 = LINE('',#2796,#2797);
#2796 = CARTESIAN_POINT('',(-24.65592154654,33.469078453453,3.));
#2797 = VECTOR('',#2798,1.);
#2798 = DIRECTION('',(-0.,-0.,-1.));
#2799 = ORIENTED_EDGE('',*,*,#437,.F.);
#2800 = SURFACE_OF_LINEAR_EXTRUSION('',#2801,#2805);
#2801 = B_SPLINE_CURVE_WITH_KNOTS('',2,(#2802,#2803,#2804),
  .UNSPECIFIED.,.F.,.F.,(3,3),(0.,1.),.PIECEWISE_BEZIER_KNOTS.);
#2802 = CARTESIAN_POINT('',(-24.98348348348,32.629129129129,3.));
#2803 = CARTESIAN_POINT('',(-24.98348348348,33.157986111111,3.));
#2804 = CARTESIAN_POINT('',(-24.65592154654,33.469078453453,3.));
#2805 = VECTOR('',#2806,1.);
#2806 = DIRECTION('',(0.,0.,1.));
#2807 = ADVANCED_FACE('',(#2808),#2819,.T.);
#2808 = FACE_BOUND('',#2809,.T.);
#2809 = EDGE_LOOP('',(#2810,#2811,#2817,#2818));
#2810 = ORIENTED_EDGE('',*,*,#2794,.T.);
#2811 = ORIENTED_EDGE('',*,*,#2812,.T.);
#2812 = EDGE_CURVE('',#2787,#2760,#2813,.T.);
#2813 = B_SPLINE_CURVE_WITH_KNOTS('',2,(#2814,#2815,#2816),
  .UNSPECIFIED.,.F.,.F.,(3,3),(0.,1.),.PIECEWISE_BEZIER_KNOTS.);
#2814 = CARTESIAN_POINT('',(-24.65592154654,33.469078453453,2.));
#2815 = CARTESIAN_POINT('',(-24.32774962462,33.780780780781,2.));
#2816 = CARTESIAN_POINT('',(-23.85928115615,33.780780780781,2.));
#2817 = ORIENTED_EDGE('',*,*,#2759,.F.);
#2818 = ORIENTED_EDGE('',*,*,#445,.F.);
#2819 = SURFACE_OF_LINEAR_EXTRUSION('',#2820,#2824);
#2820 = B_SPLINE_CURVE_WITH_KNOTS('',2,(#2821,#2822,#2823),
  .UNSPECIFIED.,.F.,.F.,(3,3),(0.,1.),.PIECEWISE_BEZIER_KNOTS.);
#2821 = CARTESIAN_POINT('',(-24.65592154654,33.469078453453,3.));
#2822 = CARTESIAN_POINT('',(-24.32774962462,33.780780780781,3.));
#2823 = CARTESIAN_POINT('',(-23.85928115615,33.780780780781,3.));
#2824 = VECTOR('',#2825,1.);
#2825 = DIRECTION('',(0.,0.,1.));
#2826 = ADVANCED_FACE('',(#2827),#2852,.T.);
#2827 = FACE_BOUND('',#2828,.T.);
#2828 = EDGE_LOOP('',(#2829,#2837,#2845,#2851));
#2829 = ORIENTED_EDGE('',*,*,#2830,.T.);
#2830 = EDGE_CURVE('',#478,#2831,#2833,.T.);
#2831 = VERTEX_POINT('',#2832);
#2832 = CARTESIAN_POINT('',(-11.02031719219,29.853087462462,2.));
#2833 = LINE('',#2834,#2835);
#2834 = CARTESIAN_POINT('',(-11.02031719219,29.853087462462,3.));
#2835 = VECTOR('',#2836,1.);
#2836 = DIRECTION('',(-0.,-0.,-1.));
#2837 = ORIENTED_EDGE('',*,*,#2838,.T.);
#2838 = EDGE_CURVE('',#2831,#2839,#2841,.T.);
#2839 = VERTEX_POINT('',#2840);
#2840 = CARTESIAN_POINT('',(-9.314799174174,29.993993993994,2.));
#2841 = B_SPLINE_CURVE_WITH_KNOTS('',2,(#2842,#2843,#2844),
  .UNSPECIFIED.,.F.,.F.,(3,3),(0.,1.),.PIECEWISE_BEZIER_KNOTS.);
#2842 = CARTESIAN_POINT('',(-11.02031719219,29.853087462462,2.));
#2843 = CARTESIAN_POINT('',(-10.23282657657,29.993993993994,2.));
#2844 = CARTESIAN_POINT('',(-9.314799174174,29.993993993994,2.));
#2845 = ORIENTED_EDGE('',*,*,#2846,.F.);
#2846 = EDGE_CURVE('',#480,#2839,#2847,.T.);
#2847 = LINE('',#2848,#2849);
#2848 = CARTESIAN_POINT('',(-9.314799174174,29.993993993994,3.));
#2849 = VECTOR('',#2850,1.);
#2850 = DIRECTION('',(-0.,-0.,-1.));
#2851 = ORIENTED_EDGE('',*,*,#477,.F.);
#2852 = SURFACE_OF_LINEAR_EXTRUSION('',#2853,#2857);
#2853 = B_SPLINE_CURVE_WITH_KNOTS('',2,(#2854,#2855,#2856),
  .UNSPECIFIED.,.F.,.F.,(3,3),(0.,1.),.PIECEWISE_BEZIER_KNOTS.);
#2854 = CARTESIAN_POINT('',(-11.02031719219,29.853087462462,3.));
#2855 = CARTESIAN_POINT('',(-10.23282657657,29.993993993994,3.));
#2856 = CARTESIAN_POINT('',(-9.314799174174,29.993993993994,3.));
#2857 = VECTOR('',#2858,1.);
#2858 = DIRECTION('',(0.,0.,1.));
#2859 = ADVANCED_FACE('',(#2860),#2878,.T.);
#2860 = FACE_BOUND('',#2861,.T.);
#2861 = EDGE_LOOP('',(#2862,#2870,#2876,#2877));
#2862 = ORIENTED_EDGE('',*,*,#2863,.T.);
#2863 = EDGE_CURVE('',#712,#2864,#2866,.T.);
#2864 = VERTEX_POINT('',#2865);
#2865 = CARTESIAN_POINT('',(-12.14451951952,29.56273460961,2.));
#2866 = LINE('',#2867,#2868);
#2867 = CARTESIAN_POINT('',(-12.14451951952,29.56273460961,3.));
#2868 = VECTOR('',#2869,1.);
#2869 = DIRECTION('',(-0.,-0.,-1.));
#2870 = ORIENTED_EDGE('',*,*,#2871,.T.);
#2871 = EDGE_CURVE('',#2864,#2831,#2872,.T.);
#2872 = B_SPLINE_CURVE_WITH_KNOTS('',2,(#2873,#2874,#2875),
  .UNSPECIFIED.,.F.,.F.,(3,3),(0.,1.),.PIECEWISE_BEZIER_KNOTS.);
#2873 = CARTESIAN_POINT('',(-12.14451951952,29.56273460961,2.));
#2874 = CARTESIAN_POINT('',(-11.80719782282,29.712790915916,2.));
#2875 = CARTESIAN_POINT('',(-11.02031719219,29.853087462462,2.));
#2876 = ORIENTED_EDGE('',*,*,#2830,.F.);
#2877 = ORIENTED_EDGE('',*,*,#719,.F.);
#2878 = SURFACE_OF_LINEAR_EXTRUSION('',#2879,#2883);
#2879 = B_SPLINE_CURVE_WITH_KNOTS('',2,(#2880,#2881,#2882),
  .UNSPECIFIED.,.F.,.F.,(3,3),(0.,1.),.PIECEWISE_BEZIER_KNOTS.);
#2880 = CARTESIAN_POINT('',(-12.14451951952,29.56273460961,3.));
#2881 = CARTESIAN_POINT('',(-11.80719782282,29.712790915916,3.));
#2882 = CARTESIAN_POINT('',(-11.02031719219,29.853087462462,3.));
#2883 = VECTOR('',#2884,1.);
#2884 = DIRECTION('',(0.,0.,1.));
#2885 = ADVANCED_FACE('',(#2886),#2904,.T.);
#2886 = FACE_BOUND('',#2887,.T.);
#2887 = EDGE_LOOP('',(#2888,#2889,#2897,#2903));
#2888 = ORIENTED_EDGE('',*,*,#2846,.T.);
#2889 = ORIENTED_EDGE('',*,*,#2890,.T.);
#2890 = EDGE_CURVE('',#2839,#2891,#2893,.T.);
#2891 = VERTEX_POINT('',#2892);
#2892 = CARTESIAN_POINT('',(-7.544012762763,29.722550675676,2.));
#2893 = B_SPLINE_CURVE_WITH_KNOTS('',2,(#2894,#2895,#2896),
  .UNSPECIFIED.,.F.,.F.,(3,3),(0.,1.),.PIECEWISE_BEZIER_KNOTS.);
#2894 = CARTESIAN_POINT('',(-9.314799174174,29.993993993994,2.));
#2895 = CARTESIAN_POINT('',(-8.265625,29.993993993994,2.));
#2896 = CARTESIAN_POINT('',(-7.544012762763,29.722550675676,2.));
#2897 = ORIENTED_EDGE('',*,*,#2898,.F.);
#2898 = EDGE_CURVE('',#488,#2891,#2899,.T.);
#2899 = LINE('',#2900,#2901);
#2900 = CARTESIAN_POINT('',(-7.544012762763,29.722550675676,3.));
#2901 = VECTOR('',#2902,1.);
#2902 = DIRECTION('',(-0.,-0.,-1.));
#2903 = ORIENTED_EDGE('',*,*,#487,.F.);
#2904 = SURFACE_OF_LINEAR_EXTRUSION('',#2905,#2909);
#2905 = B_SPLINE_CURVE_WITH_KNOTS('',2,(#2906,#2907,#2908),
  .UNSPECIFIED.,.F.,.F.,(3,3),(0.,1.),.PIECEWISE_BEZIER_KNOTS.);
#2906 = CARTESIAN_POINT('',(-9.314799174174,29.993993993994,3.));
#2907 = CARTESIAN_POINT('',(-8.265625,29.993993993994,3.));
#2908 = CARTESIAN_POINT('',(-7.544012762763,29.722550675676,3.));
#2909 = VECTOR('',#2910,1.);
#2910 = DIRECTION('',(0.,0.,1.));
#2911 = ADVANCED_FACE('',(#2912),#2930,.T.);
#2912 = FACE_BOUND('',#2913,.T.);
#2913 = EDGE_LOOP('',(#2914,#2922,#2928,#2929));
#2914 = ORIENTED_EDGE('',*,*,#2915,.T.);
#2915 = EDGE_CURVE('',#704,#2916,#2918,.T.);
#2916 = VERTEX_POINT('',#2917);
#2917 = CARTESIAN_POINT('',(-11.93834459459,28.13597972973,2.));
#2918 = LINE('',#2919,#2920);
#2919 = CARTESIAN_POINT('',(-11.93834459459,28.13597972973,3.));
#2920 = VECTOR('',#2921,1.);
#2921 = DIRECTION('',(-0.,-0.,-1.));
#2922 = ORIENTED_EDGE('',*,*,#2923,.T.);
#2923 = EDGE_CURVE('',#2916,#2864,#2924,.T.);
#2924 = LINE('',#2925,#2926);
#2925 = CARTESIAN_POINT('',(-11.93834459459,28.13597972973,2.));
#2926 = VECTOR('',#2927,1.);
#2927 = DIRECTION('',(-0.143020633167,0.989719707033,0.));
#2928 = ORIENTED_EDGE('',*,*,#2863,.F.);
#2929 = ORIENTED_EDGE('',*,*,#711,.F.);
#2930 = PLANE('',#2931);
#2931 = AXIS2_PLACEMENT_3D('',#2932,#2933,#2934);
#2932 = CARTESIAN_POINT('',(-11.93834459459,28.13597972973,3.));
#2933 = DIRECTION('',(0.989719707033,0.143020633167,0.));
#2934 = DIRECTION('',(-0.143020633167,0.989719707033,0.));
#2935 = ADVANCED_FACE('',(#2936),#2954,.T.);
#2936 = FACE_BOUND('',#2937,.T.);
#2937 = EDGE_LOOP('',(#2938,#2939,#2947,#2953));
#2938 = ORIENTED_EDGE('',*,*,#2898,.T.);
#2939 = ORIENTED_EDGE('',*,*,#2940,.T.);
#2940 = EDGE_CURVE('',#2891,#2941,#2943,.T.);
#2941 = VERTEX_POINT('',#2942);
#2942 = CARTESIAN_POINT('',(-6.381991366366,28.95457957958,2.));
#2943 = B_SPLINE_CURVE_WITH_KNOTS('',2,(#2944,#2945,#2946),
  .UNSPECIFIED.,.F.,.F.,(3,3),(0.,1.),.PIECEWISE_BEZIER_KNOTS.);
#2944 = CARTESIAN_POINT('',(-7.544012762763,29.722550675676,2.));
#2945 = CARTESIAN_POINT('',(-6.822400525526,29.451107357357,2.));
#2946 = CARTESIAN_POINT('',(-6.381991366366,28.95457957958,2.));
#2947 = ORIENTED_EDGE('',*,*,#2948,.F.);
#2948 = EDGE_CURVE('',#496,#2941,#2949,.T.);
#2949 = LINE('',#2950,#2951);
#2950 = CARTESIAN_POINT('',(-6.381991366366,28.95457957958,3.));
#2951 = VECTOR('',#2952,1.);
#2952 = DIRECTION('',(-0.,-0.,-1.));
#2953 = ORIENTED_EDGE('',*,*,#495,.F.);
#2954 = SURFACE_OF_LINEAR_EXTRUSION('',#2955,#2959);
#2955 = B_SPLINE_CURVE_WITH_KNOTS('',2,(#2956,#2957,#2958),
  .UNSPECIFIED.,.F.,.F.,(3,3),(0.,1.),.PIECEWISE_BEZIER_KNOTS.);
#2956 = CARTESIAN_POINT('',(-7.544012762763,29.722550675676,3.));
#2957 = CARTESIAN_POINT('',(-6.822400525526,29.451107357357,3.));
#2958 = CARTESIAN_POINT('',(-6.381991366366,28.95457957958,3.));
#2959 = VECTOR('',#2960,1.);
#2960 = DIRECTION('',(0.,0.,1.));
#2961 = ADVANCED_FACE('',(#2962),#2980,.T.);
#2962 = FACE_BOUND('',#2963,.T.);
#2963 = EDGE_LOOP('',(#2964,#2972,#2978,#2979));
#2964 = ORIENTED_EDGE('',*,*,#2965,.T.);
#2965 = EDGE_CURVE('',#696,#2966,#2968,.T.);
#2966 = VERTEX_POINT('',#2967);
#2967 = CARTESIAN_POINT('',(-10.97334834834,28.388513513514,2.));
#2968 = LINE('',#2969,#2970);
#2969 = CARTESIAN_POINT('',(-10.97334834834,28.388513513514,3.));
#2970 = VECTOR('',#2971,1.);
#2971 = DIRECTION('',(-0.,-0.,-1.));
#2972 = ORIENTED_EDGE('',*,*,#2973,.T.);
#2973 = EDGE_CURVE('',#2966,#2916,#2974,.T.);
#2974 = B_SPLINE_CURVE_WITH_KNOTS('',2,(#2975,#2976,#2977),
  .UNSPECIFIED.,.F.,.F.,(3,3),(0.,1.),.PIECEWISE_BEZIER_KNOTS.);
#2975 = CARTESIAN_POINT('',(-10.97334834834,28.388513513514,2.));
#2976 = CARTESIAN_POINT('',(-11.61993243243,28.267126501502,2.));
#2977 = CARTESIAN_POINT('',(-11.93834459459,28.13597972973,2.));
#2978 = ORIENTED_EDGE('',*,*,#2915,.F.);
#2979 = ORIENTED_EDGE('',*,*,#703,.F.);
#2980 = SURFACE_OF_LINEAR_EXTRUSION('',#2981,#2985);
#2981 = B_SPLINE_CURVE_WITH_KNOTS('',2,(#2982,#2983,#2984),
  .UNSPECIFIED.,.F.,.F.,(3,3),(0.,1.),.PIECEWISE_BEZIER_KNOTS.);
#2982 = CARTESIAN_POINT('',(-10.97334834834,28.388513513514,3.));
#2983 = CARTESIAN_POINT('',(-11.61993243243,28.267126501502,3.));
#2984 = CARTESIAN_POINT('',(-11.93834459459,28.13597972973,3.));
#2985 = VECTOR('',#2986,1.);
#2986 = DIRECTION('',(0.,0.,1.));
#2987 = ADVANCED_FACE('',(#2988),#3006,.T.);
#2988 = FACE_BOUND('',#2989,.T.);
#2989 = EDGE_LOOP('',(#2990,#2991,#2999,#3005));
#2990 = ORIENTED_EDGE('',*,*,#2948,.T.);
#2991 = ORIENTED_EDGE('',*,*,#2992,.T.);
#2992 = EDGE_CURVE('',#2941,#2993,#2995,.T.);
#2993 = VERTEX_POINT('',#2994);
#2994 = CARTESIAN_POINT('',(-5.754316816817,27.774258633634,2.));
#2995 = B_SPLINE_CURVE_WITH_KNOTS('',2,(#2996,#2997,#2998),
  .UNSPECIFIED.,.F.,.F.,(3,3),(0.,1.),.PIECEWISE_BEZIER_KNOTS.);
#2996 = CARTESIAN_POINT('',(-6.381991366366,28.95457957958,2.));
#2997 = CARTESIAN_POINT('',(-5.941582207207,28.458051801802,2.));
#2998 = CARTESIAN_POINT('',(-5.754316816817,27.774258633634,2.));
#2999 = ORIENTED_EDGE('',*,*,#3000,.F.);
#3000 = EDGE_CURVE('',#504,#2993,#3001,.T.);
#3001 = LINE('',#3002,#3003);
#3002 = CARTESIAN_POINT('',(-5.754316816817,27.774258633634,3.));
#3003 = VECTOR('',#3004,1.);
#3004 = DIRECTION('',(-0.,-0.,-1.));
#3005 = ORIENTED_EDGE('',*,*,#503,.F.);
#3006 = SURFACE_OF_LINEAR_EXTRUSION('',#3007,#3011);
#3007 = B_SPLINE_CURVE_WITH_KNOTS('',2,(#3008,#3009,#3010),
  .UNSPECIFIED.,.F.,.F.,(3,3),(0.,1.),.PIECEWISE_BEZIER_KNOTS.);
#3008 = CARTESIAN_POINT('',(-6.381991366366,28.95457957958,3.));
#3009 = CARTESIAN_POINT('',(-5.941582207207,28.458051801802,3.));
#3010 = CARTESIAN_POINT('',(-5.754316816817,27.774258633634,3.));
#3011 = VECTOR('',#3012,1.);
#3012 = DIRECTION('',(0.,0.,1.));
#3013 = ADVANCED_FACE('',(#3014),#3032,.T.);
#3014 = FACE_BOUND('',#3015,.T.);
#3015 = EDGE_LOOP('',(#3016,#3024,#3030,#3031));
#3016 = ORIENTED_EDGE('',*,*,#3017,.T.);
#3017 = EDGE_CURVE('',#688,#3018,#3020,.T.);
#3018 = VERTEX_POINT('',#3019);
#3019 = CARTESIAN_POINT('',(-9.46485548048,28.510510510511,2.));
#3020 = LINE('',#3021,#3022);
#3021 = CARTESIAN_POINT('',(-9.46485548048,28.510510510511,3.));
#3022 = VECTOR('',#3023,1.);
#3023 = DIRECTION('',(-0.,-0.,-1.));
#3024 = ORIENTED_EDGE('',*,*,#3025,.T.);
#3025 = EDGE_CURVE('',#3018,#2966,#3026,.T.);
#3026 = B_SPLINE_CURVE_WITH_KNOTS('',2,(#3027,#3028,#3029),
  .UNSPECIFIED.,.F.,.F.,(3,3),(0.,1.),.PIECEWISE_BEZIER_KNOTS.);
#3027 = CARTESIAN_POINT('',(-9.46485548048,28.510510510511,2.));
#3028 = CARTESIAN_POINT('',(-10.32676426426,28.510510510511,2.));
#3029 = CARTESIAN_POINT('',(-10.97334834834,28.388513513514,2.));
#3030 = ORIENTED_EDGE('',*,*,#2965,.F.);
#3031 = ORIENTED_EDGE('',*,*,#695,.F.);
#3032 = SURFACE_OF_LINEAR_EXTRUSION('',#3033,#3037);
#3033 = B_SPLINE_CURVE_WITH_KNOTS('',2,(#3034,#3035,#3036),
  .UNSPECIFIED.,.F.,.F.,(3,3),(0.,1.),.PIECEWISE_BEZIER_KNOTS.);
#3034 = CARTESIAN_POINT('',(-9.46485548048,28.510510510511,3.));
#3035 = CARTESIAN_POINT('',(-10.32676426426,28.510510510511,3.));
#3036 = CARTESIAN_POINT('',(-10.97334834834,28.388513513514,3.));
#3037 = VECTOR('',#3038,1.);
#3038 = DIRECTION('',(0.,0.,1.));
#3039 = ADVANCED_FACE('',(#3040),#3058,.T.);
#3040 = FACE_BOUND('',#3041,.T.);
#3041 = EDGE_LOOP('',(#3042,#3043,#3051,#3057));
#3042 = ORIENTED_EDGE('',*,*,#3000,.T.);
#3043 = ORIENTED_EDGE('',*,*,#3044,.T.);
#3044 = EDGE_CURVE('',#2993,#3045,#3047,.T.);
#3045 = VERTEX_POINT('',#3046);
#3046 = CARTESIAN_POINT('',(-5.567051426426,26.266375750751,2.));
#3047 = B_SPLINE_CURVE_WITH_KNOTS('',2,(#3048,#3049,#3050),
  .UNSPECIFIED.,.F.,.F.,(3,3),(0.,1.),.PIECEWISE_BEZIER_KNOTS.);
#3048 = CARTESIAN_POINT('',(-5.754316816817,27.774258633634,2.));
#3049 = CARTESIAN_POINT('',(-5.567051426426,27.09107545045,2.));
#3050 = CARTESIAN_POINT('',(-5.567051426426,26.266375750751,2.));
#3051 = ORIENTED_EDGE('',*,*,#3052,.F.);
#3052 = EDGE_CURVE('',#512,#3045,#3053,.T.);
#3053 = LINE('',#3054,#3055);
#3054 = CARTESIAN_POINT('',(-5.567051426426,26.266375750751,3.));
#3055 = VECTOR('',#3056,1.);
#3056 = DIRECTION('',(-0.,-0.,-1.));
#3057 = ORIENTED_EDGE('',*,*,#511,.F.);
#3058 = SURFACE_OF_LINEAR_EXTRUSION('',#3059,#3063);
#3059 = B_SPLINE_CURVE_WITH_KNOTS('',2,(#3060,#3061,#3062),
  .UNSPECIFIED.,.F.,.F.,(3,3),(0.,1.),.PIECEWISE_BEZIER_KNOTS.);
#3060 = CARTESIAN_POINT('',(-5.754316816817,27.774258633634,3.));
#3061 = CARTESIAN_POINT('',(-5.567051426426,27.09107545045,3.));
#3062 = CARTESIAN_POINT('',(-5.567051426426,26.266375750751,3.));
#3063 = VECTOR('',#3064,1.);
#3064 = DIRECTION('',(0.,0.,1.));
#3065 = ADVANCED_FACE('',(#3066),#3084,.T.);
#3066 = FACE_BOUND('',#3067,.T.);
#3067 = EDGE_LOOP('',(#3068,#3076,#3082,#3083));
#3068 = ORIENTED_EDGE('',*,*,#3069,.T.);
#3069 = EDGE_CURVE('',#680,#3070,#3072,.T.);
#3070 = VERTEX_POINT('',#3071);
#3071 = CARTESIAN_POINT('',(-8.368712462462,28.312875375375,2.));
#3072 = LINE('',#3073,#3074);
#3073 = CARTESIAN_POINT('',(-8.368712462462,28.312875375375,3.));
#3074 = VECTOR('',#3075,1.);
#3075 = DIRECTION('',(-0.,-0.,-1.));
#3076 = ORIENTED_EDGE('',*,*,#3077,.T.);
#3077 = EDGE_CURVE('',#3070,#3018,#3078,.T.);
#3078 = B_SPLINE_CURVE_WITH_KNOTS('',2,(#3079,#3080,#3081),
  .UNSPECIFIED.,.F.,.F.,(3,3),(0.,1.),.PIECEWISE_BEZIER_KNOTS.);
#3079 = CARTESIAN_POINT('',(-8.368712462462,28.312875375375,2.));
#3080 = CARTESIAN_POINT('',(-8.790212087087,28.510510510511,2.));
#3081 = CARTESIAN_POINT('',(-9.46485548048,28.510510510511,2.));
#3082 = ORIENTED_EDGE('',*,*,#3017,.F.);
#3083 = ORIENTED_EDGE('',*,*,#687,.F.);
#3084 = SURFACE_OF_LINEAR_EXTRUSION('',#3085,#3089);
#3085 = B_SPLINE_CURVE_WITH_KNOTS('',2,(#3086,#3087,#3088),
  .UNSPECIFIED.,.F.,.F.,(3,3),(0.,1.),.PIECEWISE_BEZIER_KNOTS.);
#3086 = CARTESIAN_POINT('',(-8.368712462462,28.312875375375,3.));
#3087 = CARTESIAN_POINT('',(-8.790212087087,28.510510510511,3.));
#3088 = CARTESIAN_POINT('',(-9.46485548048,28.510510510511,3.));
#3089 = VECTOR('',#3090,1.);
#3090 = DIRECTION('',(0.,0.,1.));
#3091 = ADVANCED_FACE('',(#3092),#3110,.T.);
#3092 = FACE_BOUND('',#3093,.T.);
#3093 = EDGE_LOOP('',(#3094,#3095,#3103,#3109));
#3094 = ORIENTED_EDGE('',*,*,#3052,.T.);
#3095 = ORIENTED_EDGE('',*,*,#3096,.T.);
#3096 = EDGE_CURVE('',#3045,#3097,#3099,.T.);
#3097 = VERTEX_POINT('',#3098);
#3098 = CARTESIAN_POINT('',(-5.567051426426,20.179335585586,2.));
#3099 = LINE('',#3100,#3101);
#3100 = CARTESIAN_POINT('',(-5.567051426426,26.266375750751,2.));
#3101 = VECTOR('',#3102,1.);
#3102 = DIRECTION('',(0.,-1.,0.));
#3103 = ORIENTED_EDGE('',*,*,#3104,.F.);
#3104 = EDGE_CURVE('',#520,#3097,#3105,.T.);
#3105 = LINE('',#3106,#3107);
#3106 = CARTESIAN_POINT('',(-5.567051426426,20.179335585586,3.));
#3107 = VECTOR('',#3108,1.);
#3108 = DIRECTION('',(-0.,-0.,-1.));
#3109 = ORIENTED_EDGE('',*,*,#519,.F.);
#3110 = PLANE('',#3111);
#3111 = AXIS2_PLACEMENT_3D('',#3112,#3113,#3114);
#3112 = CARTESIAN_POINT('',(-5.567051426426,26.266375750751,3.));
#3113 = DIRECTION('',(-1.,0.,0.));
#3114 = DIRECTION('',(0.,-1.,0.));
#3115 = ADVANCED_FACE('',(#3116),#3134,.T.);
#3116 = FACE_BOUND('',#3117,.T.);
#3117 = EDGE_LOOP('',(#3118,#3126,#3132,#3133));
#3118 = ORIENTED_EDGE('',*,*,#3119,.T.);
#3119 = EDGE_CURVE('',#672,#3120,#3122,.T.);
#3120 = VERTEX_POINT('',#3121);
#3121 = CARTESIAN_POINT('',(-7.703828828829,27.786458333333,2.));
#3122 = LINE('',#3123,#3124);
#3123 = CARTESIAN_POINT('',(-7.703828828829,27.786458333333,3.));
#3124 = VECTOR('',#3125,1.);
#3125 = DIRECTION('',(-0.,-0.,-1.));
#3126 = ORIENTED_EDGE('',*,*,#3127,.T.);
#3127 = EDGE_CURVE('',#3120,#3070,#3128,.T.);
#3128 = B_SPLINE_CURVE_WITH_KNOTS('',2,(#3129,#3130,#3131),
  .UNSPECIFIED.,.F.,.F.,(3,3),(0.,1.),.PIECEWISE_BEZIER_KNOTS.);
#3129 = CARTESIAN_POINT('',(-7.703828828829,27.786458333333,2.));
#3130 = CARTESIAN_POINT('',(-7.947212837838,28.115850225225,2.));
#3131 = CARTESIAN_POINT('',(-8.368712462462,28.312875375375,2.));
#3132 = ORIENTED_EDGE('',*,*,#3069,.F.);
#3133 = ORIENTED_EDGE('',*,*,#679,.F.);
#3134 = SURFACE_OF_LINEAR_EXTRUSION('',#3135,#3139);
#3135 = B_SPLINE_CURVE_WITH_KNOTS('',2,(#3136,#3137,#3138),
  .UNSPECIFIED.,.F.,.F.,(3,3),(0.,1.),.PIECEWISE_BEZIER_KNOTS.);
#3136 = CARTESIAN_POINT('',(-7.703828828829,27.786458333333,3.));
#3137 = CARTESIAN_POINT('',(-7.947212837838,28.115850225225,3.));
#3138 = CARTESIAN_POINT('',(-8.368712462462,28.312875375375,3.));
#3139 = VECTOR('',#3140,1.);
#3140 = DIRECTION('',(0.,0.,1.));
#3141 = ADVANCED_FACE('',(#3142),#3160,.T.);
#3142 = FACE_BOUND('',#3143,.T.);
#3143 = EDGE_LOOP('',(#3144,#3145,#3153,#3159));
#3144 = ORIENTED_EDGE('',*,*,#3104,.T.);
#3145 = ORIENTED_EDGE('',*,*,#3146,.T.);
#3146 = EDGE_CURVE('',#3097,#3147,#3149,.T.);
#3147 = VERTEX_POINT('',#3148);
#3148 = CARTESIAN_POINT('',(-6.195335960961,20.076248123123,2.));
#3149 = B_SPLINE_CURVE_WITH_KNOTS('',2,(#3150,#3151,#3152),
  .UNSPECIFIED.,.F.,.F.,(3,3),(0.,1.),.PIECEWISE_BEZIER_KNOTS.);
#3150 = CARTESIAN_POINT('',(-5.567051426426,20.179335585586,2.));
#3151 = CARTESIAN_POINT('',(-5.792135885886,20.142126501502,2.));
#3152 = CARTESIAN_POINT('',(-6.195335960961,20.076248123123,2.));
#3153 = ORIENTED_EDGE('',*,*,#3154,.F.);
#3154 = EDGE_CURVE('',#528,#3147,#3155,.T.);
#3155 = LINE('',#3156,#3157);
#3156 = CARTESIAN_POINT('',(-6.195335960961,20.076248123123,3.));
#3157 = VECTOR('',#3158,1.);
#3158 = DIRECTION('',(-0.,-0.,-1.));
#3159 = ORIENTED_EDGE('',*,*,#527,.F.);
#3160 = SURFACE_OF_LINEAR_EXTRUSION('',#3161,#3165);
#3161 = B_SPLINE_CURVE_WITH_KNOTS('',2,(#3162,#3163,#3164),
  .UNSPECIFIED.,.F.,.F.,(3,3),(0.,1.),.PIECEWISE_BEZIER_KNOTS.);
#3162 = CARTESIAN_POINT('',(-5.567051426426,20.179335585586,3.));
#3163 = CARTESIAN_POINT('',(-5.792135885886,20.142126501502,3.));
#3164 = CARTESIAN_POINT('',(-6.195335960961,20.076248123123,3.));
#3165 = VECTOR('',#3166,1.);
#3166 = DIRECTION('',(0.,0.,1.));
#3167 = ADVANCED_FACE('',(#3168),#3186,.T.);
#3168 = FACE_BOUND('',#3169,.T.);
#3169 = EDGE_LOOP('',(#3170,#3178,#3184,#3185));
#3170 = ORIENTED_EDGE('',*,*,#3171,.T.);
#3171 = EDGE_CURVE('',#664,#3172,#3174,.T.);
#3172 = VERTEX_POINT('',#3173);
#3173 = CARTESIAN_POINT('',(-7.366507132132,27.034346846847,2.));
#3174 = LINE('',#3175,#3176);
#3175 = CARTESIAN_POINT('',(-7.366507132132,27.034346846847,3.));
#3176 = VECTOR('',#3177,1.);
#3177 = DIRECTION('',(-0.,-0.,-1.));
#3178 = ORIENTED_EDGE('',*,*,#3179,.T.);
#3179 = EDGE_CURVE('',#3172,#3120,#3180,.T.);
#3180 = B_SPLINE_CURVE_WITH_KNOTS('',2,(#3181,#3182,#3183),
  .UNSPECIFIED.,.F.,.F.,(3,3),(0.,1.),.PIECEWISE_BEZIER_KNOTS.);
#3181 = CARTESIAN_POINT('',(-7.366507132132,27.034346846847,2.));
#3182 = CARTESIAN_POINT('',(-7.459834834835,27.457676426426,2.));
#3183 = CARTESIAN_POINT('',(-7.703828828829,27.786458333333,2.));
#3184 = ORIENTED_EDGE('',*,*,#3119,.F.);
#3185 = ORIENTED_EDGE('',*,*,#671,.F.);
#3186 = SURFACE_OF_LINEAR_EXTRUSION('',#3187,#3191);
#3187 = B_SPLINE_CURVE_WITH_KNOTS('',2,(#3188,#3189,#3190),
  .UNSPECIFIED.,.F.,.F.,(3,3),(0.,1.),.PIECEWISE_BEZIER_KNOTS.);
#3188 = CARTESIAN_POINT('',(-7.366507132132,27.034346846847,3.));
#3189 = CARTESIAN_POINT('',(-7.459834834835,27.457676426426,3.));
#3190 = CARTESIAN_POINT('',(-7.703828828829,27.786458333333,3.));
#3191 = VECTOR('',#3192,1.);
#3192 = DIRECTION('',(0.,0.,1.));
#3193 = ADVANCED_FACE('',(#3194),#3212,.T.);
#3194 = FACE_BOUND('',#3195,.T.);
#3195 = EDGE_LOOP('',(#3196,#3197,#3205,#3211));
#3196 = ORIENTED_EDGE('',*,*,#3154,.T.);
#3197 = ORIENTED_EDGE('',*,*,#3198,.T.);
#3198 = EDGE_CURVE('',#3147,#3199,#3201,.T.);
#3199 = VERTEX_POINT('',#3200);
#3200 = CARTESIAN_POINT('',(-7.104213588589,19.954861111111,2.));
#3201 = B_SPLINE_CURVE_WITH_KNOTS('',2,(#3202,#3203,#3204),
  .UNSPECIFIED.,.F.,.F.,(3,3),(0.,1.),.PIECEWISE_BEZIER_KNOTS.);
#3202 = CARTESIAN_POINT('',(-6.195335960961,20.076248123123,2.));
#3203 = CARTESIAN_POINT('',(-6.597926051051,20.01097972973,2.));
#3204 = CARTESIAN_POINT('',(-7.104213588589,19.954861111111,2.));
#3205 = ORIENTED_EDGE('',*,*,#3206,.F.);
#3206 = EDGE_CURVE('',#536,#3199,#3207,.T.);
#3207 = LINE('',#3208,#3209);
#3208 = CARTESIAN_POINT('',(-7.104213588589,19.954861111111,3.));
#3209 = VECTOR('',#3210,1.);
#3210 = DIRECTION('',(-0.,-0.,-1.));
#3211 = ORIENTED_EDGE('',*,*,#535,.F.);
#3212 = SURFACE_OF_LINEAR_EXTRUSION('',#3213,#3217);
#3213 = B_SPLINE_CURVE_WITH_KNOTS('',2,(#3214,#3215,#3216),
  .UNSPECIFIED.,.F.,.F.,(3,3),(0.,1.),.PIECEWISE_BEZIER_KNOTS.);
#3214 = CARTESIAN_POINT('',(-6.195335960961,20.076248123123,3.));
#3215 = CARTESIAN_POINT('',(-6.597926051051,20.01097972973,3.));
#3216 = CARTESIAN_POINT('',(-7.104213588589,19.954861111111,3.));
#3217 = VECTOR('',#3218,1.);
#3218 = DIRECTION('',(0.,0.,1.));
#3219 = ADVANCED_FACE('',(#3220),#3238,.T.);
#3220 = FACE_BOUND('',#3221,.T.);
#3221 = EDGE_LOOP('',(#3222,#3230,#3236,#3237));
#3222 = ORIENTED_EDGE('',*,*,#3223,.T.);
#3223 = EDGE_CURVE('',#656,#3224,#3226,.T.);
#3224 = VERTEX_POINT('',#3225);
#3225 = CARTESIAN_POINT('',(-7.272569444444,26.178537912913,2.));
#3226 = LINE('',#3227,#3228);
#3227 = CARTESIAN_POINT('',(-7.272569444444,26.178537912913,3.));
#3228 = VECTOR('',#3229,1.);
#3229 = DIRECTION('',(-0.,-0.,-1.));
#3230 = ORIENTED_EDGE('',*,*,#3231,.T.);
#3231 = EDGE_CURVE('',#3224,#3172,#3232,.T.);
#3232 = B_SPLINE_CURVE_WITH_KNOTS('',2,(#3233,#3234,#3235),
  .UNSPECIFIED.,.F.,.F.,(3,3),(0.,1.),.PIECEWISE_BEZIER_KNOTS.);
#3233 = CARTESIAN_POINT('',(-7.272569444444,26.178537912913,2.));
#3234 = CARTESIAN_POINT('',(-7.272569444444,26.611627252252,2.));
#3235 = CARTESIAN_POINT('',(-7.366507132132,27.034346846847,2.));
#3236 = ORIENTED_EDGE('',*,*,#3171,.F.);
#3237 = ORIENTED_EDGE('',*,*,#663,.F.);
#3238 = SURFACE_OF_LINEAR_EXTRUSION('',#3239,#3243);
#3239 = B_SPLINE_CURVE_WITH_KNOTS('',2,(#3240,#3241,#3242),
  .UNSPECIFIED.,.F.,.F.,(3,3),(0.,1.),.PIECEWISE_BEZIER_KNOTS.);
#3240 = CARTESIAN_POINT('',(-7.272569444444,26.178537912913,3.));
#3241 = CARTESIAN_POINT('',(-7.272569444444,26.611627252252,3.));
#3242 = CARTESIAN_POINT('',(-7.366507132132,27.034346846847,3.));
#3243 = VECTOR('',#3244,1.);
#3244 = DIRECTION('',(0.,0.,1.));
#3245 = ADVANCED_FACE('',(#3246),#3264,.T.);
#3246 = FACE_BOUND('',#3247,.T.);
#3247 = EDGE_LOOP('',(#3248,#3249,#3257,#3263));
#3248 = ORIENTED_EDGE('',*,*,#3206,.T.);
#3249 = ORIENTED_EDGE('',*,*,#3250,.T.);
#3250 = EDGE_CURVE('',#3199,#3251,#3253,.T.);
#3251 = VERTEX_POINT('',#3252);
#3252 = CARTESIAN_POINT('',(-8.200356606607,19.851773648649,2.));
#3253 = B_SPLINE_CURVE_WITH_KNOTS('',2,(#3254,#3255,#3256),
  .UNSPECIFIED.,.F.,.F.,(3,3),(0.,1.),.PIECEWISE_BEZIER_KNOTS.);
#3254 = CARTESIAN_POINT('',(-7.104213588589,19.954861111111,2.));
#3255 = CARTESIAN_POINT('',(-7.609891141141,19.898132507508,2.));
#3256 = CARTESIAN_POINT('',(-8.200356606607,19.851773648649,2.));
#3257 = ORIENTED_EDGE('',*,*,#3258,.F.);
#3258 = EDGE_CURVE('',#544,#3251,#3259,.T.);
#3259 = LINE('',#3260,#3261);
#3260 = CARTESIAN_POINT('',(-8.200356606607,19.851773648649,3.));
#3261 = VECTOR('',#3262,1.);
#3262 = DIRECTION('',(-0.,-0.,-1.));
#3263 = ORIENTED_EDGE('',*,*,#543,.F.);
#3264 = SURFACE_OF_LINEAR_EXTRUSION('',#3265,#3269);
#3265 = B_SPLINE_CURVE_WITH_KNOTS('',2,(#3266,#3267,#3268),
  .UNSPECIFIED.,.F.,.F.,(3,3),(0.,1.),.PIECEWISE_BEZIER_KNOTS.);
#3266 = CARTESIAN_POINT('',(-7.104213588589,19.954861111111,3.));
#3267 = CARTESIAN_POINT('',(-7.609891141141,19.898132507508,3.));
#3268 = CARTESIAN_POINT('',(-8.200356606607,19.851773648649,3.));
#3269 = VECTOR('',#3270,1.);
#3270 = DIRECTION('',(0.,0.,1.));
#3271 = ADVANCED_FACE('',(#3272),#3290,.T.);
#3272 = FACE_BOUND('',#3273,.T.);
#3273 = EDGE_LOOP('',(#3274,#3282,#3288,#3289));
#3274 = ORIENTED_EDGE('',*,*,#3275,.T.);
#3275 = EDGE_CURVE('',#648,#3276,#3278,.T.);
#3276 = VERTEX_POINT('',#3277);
#3277 = CARTESIAN_POINT('',(-7.272569444444,25.68993993994,2.));
#3278 = LINE('',#3279,#3280);
#3279 = CARTESIAN_POINT('',(-7.272569444444,25.68993993994,3.));
#3280 = VECTOR('',#3281,1.);
#3281 = DIRECTION('',(-0.,-0.,-1.));
#3282 = ORIENTED_EDGE('',*,*,#3283,.T.);
#3283 = EDGE_CURVE('',#3276,#3224,#3284,.T.);
#3284 = LINE('',#3285,#3286);
#3285 = CARTESIAN_POINT('',(-7.272569444444,25.68993993994,2.));
#3286 = VECTOR('',#3287,1.);
#3287 = DIRECTION('',(0.,1.,0.));
#3288 = ORIENTED_EDGE('',*,*,#3223,.F.);
#3289 = ORIENTED_EDGE('',*,*,#655,.F.);
#3290 = PLANE('',#3291);
#3291 = AXIS2_PLACEMENT_3D('',#3292,#3293,#3294);
#3292 = CARTESIAN_POINT('',(-7.272569444444,25.68993993994,3.));
#3293 = DIRECTION('',(1.,0.,0.));
#3294 = DIRECTION('',(0.,1.,0.));
#3295 = ADVANCED_FACE('',(#3296),#3314,.T.);
#3296 = FACE_BOUND('',#3297,.T.);
#3297 = EDGE_LOOP('',(#3298,#3299,#3307,#3313));
#3298 = ORIENTED_EDGE('',*,*,#3258,.T.);
#3299 = ORIENTED_EDGE('',*,*,#3300,.T.);
#3300 = EDGE_CURVE('',#3251,#3301,#3303,.T.);
#3301 = VERTEX_POINT('',#3302);
#3302 = CARTESIAN_POINT('',(-9.370917792793,19.804804804805,2.));
#3303 = B_SPLINE_CURVE_WITH_KNOTS('',2,(#3304,#3305,#3306),
  .UNSPECIFIED.,.F.,.F.,(3,3),(0.,1.),.PIECEWISE_BEZIER_KNOTS.);
#3304 = CARTESIAN_POINT('',(-8.200356606607,19.851773648649,2.));
#3305 = CARTESIAN_POINT('',(-8.790212087087,19.804804804805,2.));
#3306 = CARTESIAN_POINT('',(-9.370917792793,19.804804804805,2.));
#3307 = ORIENTED_EDGE('',*,*,#3308,.F.);
#3308 = EDGE_CURVE('',#552,#3301,#3309,.T.);
#3309 = LINE('',#3310,#3311);
#3310 = CARTESIAN_POINT('',(-9.370917792793,19.804804804805,3.));
#3311 = VECTOR('',#3312,1.);
#3312 = DIRECTION('',(-0.,-0.,-1.));
#3313 = ORIENTED_EDGE('',*,*,#551,.F.);
#3314 = SURFACE_OF_LINEAR_EXTRUSION('',#3315,#3319);
#3315 = B_SPLINE_CURVE_WITH_KNOTS('',2,(#3316,#3317,#3318),
  .UNSPECIFIED.,.F.,.F.,(3,3),(0.,1.),.PIECEWISE_BEZIER_KNOTS.);
#3316 = CARTESIAN_POINT('',(-8.200356606607,19.851773648649,3.));
#3317 = CARTESIAN_POINT('',(-8.790212087087,19.804804804805,3.));
#3318 = CARTESIAN_POINT('',(-9.370917792793,19.804804804805,3.));
#3319 = VECTOR('',#3320,1.);
#3320 = DIRECTION('',(0.,0.,1.));
#3321 = ADVANCED_FACE('',(#3322),#3340,.T.);
#3322 = FACE_BOUND('',#3323,.T.);
#3323 = EDGE_LOOP('',(#3324,#3332,#3338,#3339));
#3324 = ORIENTED_EDGE('',*,*,#3325,.T.);
#3325 = EDGE_CURVE('',#640,#3326,#3328,.T.);
#3326 = VERTEX_POINT('',#3327);
#3327 = CARTESIAN_POINT('',(-7.534862987988,25.746058558559,2.));
#3328 = LINE('',#3329,#3330);
#3329 = CARTESIAN_POINT('',(-7.534862987988,25.746058558559,3.));
#3330 = VECTOR('',#3331,1.);
#3331 = DIRECTION('',(-0.,-0.,-1.));
#3332 = ORIENTED_EDGE('',*,*,#3333,.T.);
#3333 = EDGE_CURVE('',#3326,#3276,#3334,.T.);
#3334 = B_SPLINE_CURVE_WITH_KNOTS('',2,(#3335,#3336,#3337),
  .UNSPECIFIED.,.F.,.F.,(3,3),(0.,1.),.PIECEWISE_BEZIER_KNOTS.);
#3335 = CARTESIAN_POINT('',(-7.534862987988,25.746058558559,2.));
#3336 = CARTESIAN_POINT('',(-7.347597597598,25.708849474474,2.));
#3337 = CARTESIAN_POINT('',(-7.272569444444,25.68993993994,2.));
#3338 = ORIENTED_EDGE('',*,*,#3275,.F.);
#3339 = ORIENTED_EDGE('',*,*,#647,.F.);
#3340 = SURFACE_OF_LINEAR_EXTRUSION('',#3341,#3345);
#3341 = B_SPLINE_CURVE_WITH_KNOTS('',2,(#3342,#3343,#3344),
  .UNSPECIFIED.,.F.,.F.,(3,3),(0.,1.),.PIECEWISE_BEZIER_KNOTS.);
#3342 = CARTESIAN_POINT('',(-7.534862987988,25.746058558559,3.));
#3343 = CARTESIAN_POINT('',(-7.347597597598,25.708849474474,3.));
#3344 = CARTESIAN_POINT('',(-7.272569444444,25.68993993994,3.));
#3345 = VECTOR('',#3346,1.);
#3346 = DIRECTION('',(0.,0.,1.));
#3347 = ADVANCED_FACE('',(#3348),#3366,.T.);
#3348 = FACE_BOUND('',#3349,.T.);
#3349 = EDGE_LOOP('',(#3350,#3351,#3359,#3365));
#3350 = ORIENTED_EDGE('',*,*,#3308,.T.);
#3351 = ORIENTED_EDGE('',*,*,#3352,.T.);
#3352 = EDGE_CURVE('',#3301,#3353,#3355,.T.);
#3353 = VERTEX_POINT('',#3354);
#3354 = CARTESIAN_POINT('',(-10.88917042042,19.973770645646,2.));
#3355 = B_SPLINE_CURVE_WITH_KNOTS('',2,(#3356,#3357,#3358),
  .UNSPECIFIED.,.F.,.F.,(3,3),(0.,1.),.PIECEWISE_BEZIER_KNOTS.);
#3356 = CARTESIAN_POINT('',(-9.370917792793,19.804804804805,2.));
#3357 = CARTESIAN_POINT('',(-10.19561749249,19.804804804805,2.));
#3358 = CARTESIAN_POINT('',(-10.88917042042,19.973770645646,2.));
#3359 = ORIENTED_EDGE('',*,*,#3360,.F.);
#3360 = EDGE_CURVE('',#560,#3353,#3361,.T.);
#3361 = LINE('',#3362,#3363);
#3362 = CARTESIAN_POINT('',(-10.88917042042,19.973770645646,3.));
#3363 = VECTOR('',#3364,1.);
#3364 = DIRECTION('',(-0.,-0.,-1.));
#3365 = ORIENTED_EDGE('',*,*,#559,.F.);
#3366 = SURFACE_OF_LINEAR_EXTRUSION('',#3367,#3371);
#3367 = B_SPLINE_CURVE_WITH_KNOTS('',2,(#3368,#3369,#3370),
  .UNSPECIFIED.,.F.,.F.,(3,3),(0.,1.),.PIECEWISE_BEZIER_KNOTS.);
#3368 = CARTESIAN_POINT('',(-9.370917792793,19.804804804805,3.));
#3369 = CARTESIAN_POINT('',(-10.19561749249,19.804804804805,3.));
#3370 = CARTESIAN_POINT('',(-10.88917042042,19.973770645646,3.));
#3371 = VECTOR('',#3372,1.);
#3372 = DIRECTION('',(0.,0.,1.));
#3373 = ADVANCED_FACE('',(#3374),#3392,.T.);
#3374 = FACE_BOUND('',#3375,.T.);
#3375 = EDGE_LOOP('',(#3376,#3384,#3390,#3391));
#3376 = ORIENTED_EDGE('',*,*,#3377,.T.);
#3377 = EDGE_CURVE('',#632,#3378,#3380,.T.);
#3378 = VERTEX_POINT('',#3379);
#3379 = CARTESIAN_POINT('',(-7.975272147147,25.830846471471,2.));
#3380 = LINE('',#3381,#3382);
#3381 = CARTESIAN_POINT('',(-7.975272147147,25.830846471471,3.));
#3382 = VECTOR('',#3383,1.);
#3383 = DIRECTION('',(-0.,-0.,-1.));
#3384 = ORIENTED_EDGE('',*,*,#3385,.T.);
#3385 = EDGE_CURVE('',#3378,#3326,#3386,.T.);
#3386 = B_SPLINE_CURVE_WITH_KNOTS('',2,(#3387,#3388,#3389),
  .UNSPECIFIED.,.F.,.F.,(3,3),(0.,1.),.PIECEWISE_BEZIER_KNOTS.);
#3387 = CARTESIAN_POINT('',(-7.975272147147,25.830846471471,2.));
#3388 = CARTESIAN_POINT('',(-7.722128378378,25.783877627628,2.));
#3389 = CARTESIAN_POINT('',(-7.534862987988,25.746058558559,2.));
#3390 = ORIENTED_EDGE('',*,*,#3325,.F.);
#3391 = ORIENTED_EDGE('',*,*,#639,.F.);
#3392 = SURFACE_OF_LINEAR_EXTRUSION('',#3393,#3397);
#3393 = B_SPLINE_CURVE_WITH_KNOTS('',2,(#3394,#3395,#3396),
  .UNSPECIFIED.,.F.,.F.,(3,3),(0.,1.),.PIECEWISE_BEZIER_KNOTS.);
#3394 = CARTESIAN_POINT('',(-7.975272147147,25.830846471471,3.));
#3395 = CARTESIAN_POINT('',(-7.722128378378,25.783877627628,3.));
#3396 = CARTESIAN_POINT('',(-7.534862987988,25.746058558559,3.));
#3397 = VECTOR('',#3398,1.);
#3398 = DIRECTION('',(0.,0.,1.));
#3399 = ADVANCED_FACE('',(#3400),#3418,.T.);
#3400 = FACE_BOUND('',#3401,.T.);
#3401 = EDGE_LOOP('',(#3402,#3403,#3411,#3417));
#3402 = ORIENTED_EDGE('',*,*,#3360,.T.);
#3403 = ORIENTED_EDGE('',*,*,#3404,.T.);
#3404 = EDGE_CURVE('',#3353,#3405,#3407,.T.);
#3405 = VERTEX_POINT('',#3406);
#3406 = CARTESIAN_POINT('',(-12.0884009009,20.507507507508,2.));
#3407 = B_SPLINE_CURVE_WITH_KNOTS('',2,(#3408,#3409,#3410),
  .UNSPECIFIED.,.F.,.F.,(3,3),(0.,1.),.PIECEWISE_BEZIER_KNOTS.);
#3408 = CARTESIAN_POINT('',(-10.88917042042,19.973770645646,2.));
#3409 = CARTESIAN_POINT('',(-11.58211336336,20.142126501502,2.));
#3410 = CARTESIAN_POINT('',(-12.0884009009,20.507507507508,2.));
#3411 = ORIENTED_EDGE('',*,*,#3412,.F.);
#3412 = EDGE_CURVE('',#568,#3405,#3413,.T.);
#3413 = LINE('',#3414,#3415);
#3414 = CARTESIAN_POINT('',(-12.0884009009,20.507507507508,3.));
#3415 = VECTOR('',#3416,1.);
#3416 = DIRECTION('',(-0.,-0.,-1.));
#3417 = ORIENTED_EDGE('',*,*,#567,.F.);
#3418 = SURFACE_OF_LINEAR_EXTRUSION('',#3419,#3423);
#3419 = B_SPLINE_CURVE_WITH_KNOTS('',2,(#3420,#3421,#3422),
  .UNSPECIFIED.,.F.,.F.,(3,3),(0.,1.),.PIECEWISE_BEZIER_KNOTS.);
#3420 = CARTESIAN_POINT('',(-10.88917042042,19.973770645646,3.));
#3421 = CARTESIAN_POINT('',(-11.58211336336,20.142126501502,3.));
#3422 = CARTESIAN_POINT('',(-12.0884009009,20.507507507508,3.));
#3423 = VECTOR('',#3424,1.);
#3424 = DIRECTION('',(0.,0.,1.));
#3425 = ADVANCED_FACE('',(#3426),#3444,.T.);
#3426 = FACE_BOUND('',#3427,.T.);
#3427 = EDGE_LOOP('',(#3428,#3436,#3442,#3443));
#3428 = ORIENTED_EDGE('',*,*,#3429,.T.);
#3429 = EDGE_CURVE('',#624,#3430,#3432,.T.);
#3430 = VERTEX_POINT('',#3431);
#3431 = CARTESIAN_POINT('',(-8.509618993994,25.905874624625,2.));
#3432 = LINE('',#3433,#3434);
#3433 = CARTESIAN_POINT('',(-8.509618993994,25.905874624625,3.));
#3434 = VECTOR('',#3435,1.);
#3435 = DIRECTION('',(-0.,-0.,-1.));
#3436 = ORIENTED_EDGE('',*,*,#3437,.T.);
#3437 = EDGE_CURVE('',#3430,#3378,#3438,.T.);
#3438 = B_SPLINE_CURVE_WITH_KNOTS('',2,(#3439,#3440,#3441),
  .UNSPECIFIED.,.F.,.F.,(3,3),(0.,1.),.PIECEWISE_BEZIER_KNOTS.);
#3439 = CARTESIAN_POINT('',(-8.509618993994,25.905874624625,2.));
#3440 = CARTESIAN_POINT('',(-8.228415915916,25.877815315315,2.));
#3441 = CARTESIAN_POINT('',(-7.975272147147,25.830846471471,2.));
#3442 = ORIENTED_EDGE('',*,*,#3377,.F.);
#3443 = ORIENTED_EDGE('',*,*,#631,.F.);
#3444 = SURFACE_OF_LINEAR_EXTRUSION('',#3445,#3449);
#3445 = B_SPLINE_CURVE_WITH_KNOTS('',2,(#3446,#3447,#3448),
  .UNSPECIFIED.,.F.,.F.,(3,3),(0.,1.),.PIECEWISE_BEZIER_KNOTS.);
#3446 = CARTESIAN_POINT('',(-8.509618993994,25.905874624625,3.));
#3447 = CARTESIAN_POINT('',(-8.228415915916,25.877815315315,3.));
#3448 = CARTESIAN_POINT('',(-7.975272147147,25.830846471471,3.));
#3449 = VECTOR('',#3450,1.);
#3450 = DIRECTION('',(0.,0.,1.));
#3451 = ADVANCED_FACE('',(#3452),#3470,.T.);
#3452 = FACE_BOUND('',#3453,.T.);
#3453 = EDGE_LOOP('',(#3454,#3455,#3463,#3469));
#3454 = ORIENTED_EDGE('',*,*,#3412,.T.);
#3455 = ORIENTED_EDGE('',*,*,#3456,.T.);
#3456 = EDGE_CURVE('',#3405,#3457,#3459,.T.);
#3457 = VERTEX_POINT('',#3458);
#3458 = CARTESIAN_POINT('',(-12.87528153153,21.472503753754,2.));
#3459 = B_SPLINE_CURVE_WITH_KNOTS('',2,(#3460,#3461,#3462),
  .UNSPECIFIED.,.F.,.F.,(3,3),(0.,1.),.PIECEWISE_BEZIER_KNOTS.);
#3460 = CARTESIAN_POINT('',(-12.0884009009,20.507507507508,2.));
#3461 = CARTESIAN_POINT('',(-12.59407845345,20.872888513514,2.));
#3462 = CARTESIAN_POINT('',(-12.87528153153,21.472503753754,2.));
#3463 = ORIENTED_EDGE('',*,*,#3464,.F.);
#3464 = EDGE_CURVE('',#576,#3457,#3465,.T.);
#3465 = LINE('',#3466,#3467);
#3466 = CARTESIAN_POINT('',(-12.87528153153,21.472503753754,3.));
#3467 = VECTOR('',#3468,1.);
#3468 = DIRECTION('',(-0.,-0.,-1.));
#3469 = ORIENTED_EDGE('',*,*,#575,.F.);
#3470 = SURFACE_OF_LINEAR_EXTRUSION('',#3471,#3475);
#3471 = B_SPLINE_CURVE_WITH_KNOTS('',2,(#3472,#3473,#3474),
  .UNSPECIFIED.,.F.,.F.,(3,3),(0.,1.),.PIECEWISE_BEZIER_KNOTS.);
#3472 = CARTESIAN_POINT('',(-12.0884009009,20.507507507508,3.));
#3473 = CARTESIAN_POINT('',(-12.59407845345,20.872888513514,3.));
#3474 = CARTESIAN_POINT('',(-12.87528153153,21.472503753754,3.));
#3475 = VECTOR('',#3476,1.);
#3476 = DIRECTION('',(0.,0.,1.));
#3477 = ADVANCED_FACE('',(#3478),#3496,.T.);
#3478 = FACE_BOUND('',#3479,.T.);
#3479 = EDGE_LOOP('',(#3480,#3488,#3494,#3495));
#3480 = ORIENTED_EDGE('',*,*,#3481,.T.);
#3481 = EDGE_CURVE('',#616,#3482,#3484,.T.);
#3482 = VERTEX_POINT('',#3483);
#3483 = CARTESIAN_POINT('',(-9.052505630631,25.933933933934,2.));
#3484 = LINE('',#3485,#3486);
#3485 = CARTESIAN_POINT('',(-9.052505630631,25.933933933934,3.));
#3486 = VECTOR('',#3487,1.);
#3487 = DIRECTION('',(-0.,-0.,-1.));
#3488 = ORIENTED_EDGE('',*,*,#3489,.T.);
#3489 = EDGE_CURVE('',#3482,#3430,#3490,.T.);
#3490 = B_SPLINE_CURVE_WITH_KNOTS('',2,(#3491,#3492,#3493),
  .UNSPECIFIED.,.F.,.F.,(3,3),(0.,1.),.PIECEWISE_BEZIER_KNOTS.);
#3491 = CARTESIAN_POINT('',(-9.052505630631,25.933933933934,2.));
#3492 = CARTESIAN_POINT('',(-8.790212087087,25.933933933934,2.));
#3493 = CARTESIAN_POINT('',(-8.509618993994,25.905874624625,2.));
#3494 = ORIENTED_EDGE('',*,*,#3429,.F.);
#3495 = ORIENTED_EDGE('',*,*,#623,.F.);
#3496 = SURFACE_OF_LINEAR_EXTRUSION('',#3497,#3501);
#3497 = B_SPLINE_CURVE_WITH_KNOTS('',2,(#3498,#3499,#3500),
  .UNSPECIFIED.,.F.,.F.,(3,3),(0.,1.),.PIECEWISE_BEZIER_KNOTS.);
#3498 = CARTESIAN_POINT('',(-9.052505630631,25.933933933934,3.));
#3499 = CARTESIAN_POINT('',(-8.790212087087,25.933933933934,3.));
#3500 = CARTESIAN_POINT('',(-8.509618993994,25.905874624625,3.));
#3501 = VECTOR('',#3502,1.);
#3502 = DIRECTION('',(0.,0.,1.));
#3503 = ADVANCED_FACE('',(#3504),#3522,.T.);
#3504 = FACE_BOUND('',#3505,.T.);
#3505 = EDGE_LOOP('',(#3506,#3507,#3515,#3521));
#3506 = ORIENTED_EDGE('',*,*,#3464,.T.);
#3507 = ORIENTED_EDGE('',*,*,#3508,.T.);
#3508 = EDGE_CURVE('',#3457,#3509,#3511,.T.);
#3509 = VERTEX_POINT('',#3510);
#3510 = CARTESIAN_POINT('',(-13.15648460961,22.916338213213,2.));
#3511 = B_SPLINE_CURVE_WITH_KNOTS('',2,(#3512,#3513,#3514),
  .UNSPECIFIED.,.F.,.F.,(3,3),(0.,1.),.PIECEWISE_BEZIER_KNOTS.);
#3512 = CARTESIAN_POINT('',(-12.87528153153,21.472503753754,2.));
#3513 = CARTESIAN_POINT('',(-13.15648460961,22.072728978979,2.));
#3514 = CARTESIAN_POINT('',(-13.15648460961,22.916338213213,2.));
#3515 = ORIENTED_EDGE('',*,*,#3516,.F.);
#3516 = EDGE_CURVE('',#584,#3509,#3517,.T.);
#3517 = LINE('',#3518,#3519);
#3518 = CARTESIAN_POINT('',(-13.15648460961,22.916338213213,3.));
#3519 = VECTOR('',#3520,1.);
#3520 = DIRECTION('',(-0.,-0.,-1.));
#3521 = ORIENTED_EDGE('',*,*,#583,.F.);
#3522 = SURFACE_OF_LINEAR_EXTRUSION('',#3523,#3527);
#3523 = B_SPLINE_CURVE_WITH_KNOTS('',2,(#3524,#3525,#3526),
  .UNSPECIFIED.,.F.,.F.,(3,3),(0.,1.),.PIECEWISE_BEZIER_KNOTS.);
#3524 = CARTESIAN_POINT('',(-12.87528153153,21.472503753754,3.));
#3525 = CARTESIAN_POINT('',(-13.15648460961,22.072728978979,3.));
#3526 = CARTESIAN_POINT('',(-13.15648460961,22.916338213213,3.));
#3527 = VECTOR('',#3528,1.);
#3528 = DIRECTION('',(0.,0.,1.));
#3529 = ADVANCED_FACE('',(#3530),#3548,.T.);
#3530 = FACE_BOUND('',#3531,.T.);
#3531 = EDGE_LOOP('',(#3532,#3540,#3546,#3547));
#3532 = ORIENTED_EDGE('',*,*,#3533,.T.);
#3533 = EDGE_CURVE('',#608,#3534,#3536,.T.);
#3534 = VERTEX_POINT('',#3535);
#3535 = CARTESIAN_POINT('',(-10.62687687687,25.764968093093,2.));
#3536 = LINE('',#3537,#3538);
#3537 = CARTESIAN_POINT('',(-10.62687687687,25.764968093093,3.));
#3538 = VECTOR('',#3539,1.);
#3539 = DIRECTION('',(-0.,-0.,-1.));
#3540 = ORIENTED_EDGE('',*,*,#3541,.T.);
#3541 = EDGE_CURVE('',#3534,#3482,#3542,.T.);
#3542 = B_SPLINE_CURVE_WITH_KNOTS('',2,(#3543,#3544,#3545),
  .UNSPECIFIED.,.F.,.F.,(3,3),(0.,1.),.PIECEWISE_BEZIER_KNOTS.);
#3543 = CARTESIAN_POINT('',(-10.62687687687,25.764968093093,2.));
#3544 = CARTESIAN_POINT('',(-9.87720533033,25.933933933934,2.));
#3545 = CARTESIAN_POINT('',(-9.052505630631,25.933933933934,2.));
#3546 = ORIENTED_EDGE('',*,*,#3481,.F.);
#3547 = ORIENTED_EDGE('',*,*,#615,.F.);
#3548 = SURFACE_OF_LINEAR_EXTRUSION('',#3549,#3553);
#3549 = B_SPLINE_CURVE_WITH_KNOTS('',2,(#3550,#3551,#3552),
  .UNSPECIFIED.,.F.,.F.,(3,3),(0.,1.),.PIECEWISE_BEZIER_KNOTS.);
#3550 = CARTESIAN_POINT('',(-10.62687687687,25.764968093093,3.));
#3551 = CARTESIAN_POINT('',(-9.87720533033,25.933933933934,3.));
#3552 = CARTESIAN_POINT('',(-9.052505630631,25.933933933934,3.));
#3553 = VECTOR('',#3554,1.);
#3554 = DIRECTION('',(0.,0.,1.));
#3555 = ADVANCED_FACE('',(#3556),#3574,.T.);
#3556 = FACE_BOUND('',#3557,.T.);
#3557 = EDGE_LOOP('',(#3558,#3559,#3567,#3573));
#3558 = ORIENTED_EDGE('',*,*,#3516,.T.);
#3559 = ORIENTED_EDGE('',*,*,#3560,.T.);
#3560 = EDGE_CURVE('',#3509,#3561,#3563,.T.);
#3561 = VERTEX_POINT('',#3562);
#3562 = CARTESIAN_POINT('',(-12.82892267267,24.302834084084,2.));
#3563 = B_SPLINE_CURVE_WITH_KNOTS('',2,(#3564,#3565,#3566),
  .UNSPECIFIED.,.F.,.F.,(3,3),(0.,1.),.PIECEWISE_BEZIER_KNOTS.);
#3564 = CARTESIAN_POINT('',(-13.15648460961,22.916338213213,2.));
#3565 = CARTESIAN_POINT('',(-13.15648460961,23.722128378378,2.));
#3566 = CARTESIAN_POINT('',(-12.82892267267,24.302834084084,2.));
#3567 = ORIENTED_EDGE('',*,*,#3568,.F.);
#3568 = EDGE_CURVE('',#592,#3561,#3569,.T.);
#3569 = LINE('',#3570,#3571);
#3570 = CARTESIAN_POINT('',(-12.82892267267,24.302834084084,3.));
#3571 = VECTOR('',#3572,1.);
#3572 = DIRECTION('',(-0.,-0.,-1.));
#3573 = ORIENTED_EDGE('',*,*,#591,.F.);
#3574 = SURFACE_OF_LINEAR_EXTRUSION('',#3575,#3579);
#3575 = B_SPLINE_CURVE_WITH_KNOTS('',2,(#3576,#3577,#3578),
  .UNSPECIFIED.,.F.,.F.,(3,3),(0.,1.),.PIECEWISE_BEZIER_KNOTS.);
#3576 = CARTESIAN_POINT('',(-13.15648460961,22.916338213213,3.));
#3577 = CARTESIAN_POINT('',(-13.15648460961,23.722128378378,3.));
#3578 = CARTESIAN_POINT('',(-12.82892267267,24.302834084084,3.));
#3579 = VECTOR('',#3580,1.);
#3580 = DIRECTION('',(0.,0.,1.));
#3581 = ADVANCED_FACE('',(#3582),#3600,.T.);
#3582 = FACE_BOUND('',#3583,.T.);
#3583 = EDGE_LOOP('',(#3584,#3592,#3598,#3599));
#3584 = ORIENTED_EDGE('',*,*,#3585,.T.);
#3585 = EDGE_CURVE('',#600,#3586,#3588,.T.);
#3586 = VERTEX_POINT('',#3587);
#3587 = CARTESIAN_POINT('',(-11.93895457958,25.240381006006,2.));
#3588 = LINE('',#3589,#3590);
#3589 = CARTESIAN_POINT('',(-11.93895457958,25.240381006006,3.));
#3590 = VECTOR('',#3591,1.);
#3591 = DIRECTION('',(-0.,-0.,-1.));
#3592 = ORIENTED_EDGE('',*,*,#3593,.T.);
#3593 = EDGE_CURVE('',#3586,#3534,#3594,.T.);
#3594 = B_SPLINE_CURVE_WITH_KNOTS('',2,(#3595,#3596,#3597),
  .UNSPECIFIED.,.F.,.F.,(3,3),(0.,1.),.PIECEWISE_BEZIER_KNOTS.);
#3595 = CARTESIAN_POINT('',(-11.93895457958,25.240381006006,2.));
#3596 = CARTESIAN_POINT('',(-11.37654842342,25.596612237237,2.));
#3597 = CARTESIAN_POINT('',(-10.62687687687,25.764968093093,2.));
#3598 = ORIENTED_EDGE('',*,*,#3533,.F.);
#3599 = ORIENTED_EDGE('',*,*,#607,.F.);
#3600 = SURFACE_OF_LINEAR_EXTRUSION('',#3601,#3605);
#3601 = B_SPLINE_CURVE_WITH_KNOTS('',2,(#3602,#3603,#3604),
  .UNSPECIFIED.,.F.,.F.,(3,3),(0.,1.),.PIECEWISE_BEZIER_KNOTS.);
#3602 = CARTESIAN_POINT('',(-11.93895457958,25.240381006006,3.));
#3603 = CARTESIAN_POINT('',(-11.37654842342,25.596612237237,3.));
#3604 = CARTESIAN_POINT('',(-10.62687687687,25.764968093093,3.));
#3605 = VECTOR('',#3606,1.);
#3606 = DIRECTION('',(0.,0.,1.));
#3607 = ADVANCED_FACE('',(#3608),#3619,.T.);
#3608 = FACE_BOUND('',#3609,.T.);
#3609 = EDGE_LOOP('',(#3610,#3611,#3617,#3618));
#3610 = ORIENTED_EDGE('',*,*,#3568,.T.);
#3611 = ORIENTED_EDGE('',*,*,#3612,.T.);
#3612 = EDGE_CURVE('',#3561,#3586,#3613,.T.);
#3613 = B_SPLINE_CURVE_WITH_KNOTS('',2,(#3614,#3615,#3616),
  .UNSPECIFIED.,.F.,.F.,(3,3),(0.,1.),.PIECEWISE_BEZIER_KNOTS.);
#3614 = CARTESIAN_POINT('',(-12.82892267267,24.302834084084,2.));
#3615 = CARTESIAN_POINT('',(-12.50075075075,24.884149774775,2.));
#3616 = CARTESIAN_POINT('',(-11.93895457958,25.240381006006,2.));
#3617 = ORIENTED_EDGE('',*,*,#3585,.F.);
#3618 = ORIENTED_EDGE('',*,*,#599,.F.);
#3619 = SURFACE_OF_LINEAR_EXTRUSION('',#3620,#3624);
#3620 = B_SPLINE_CURVE_WITH_KNOTS('',2,(#3621,#3622,#3623),
  .UNSPECIFIED.,.F.,.F.,(3,3),(0.,1.),.PIECEWISE_BEZIER_KNOTS.);
#3621 = CARTESIAN_POINT('',(-12.82892267267,24.302834084084,3.));
#3622 = CARTESIAN_POINT('',(-12.50075075075,24.884149774775,3.));
#3623 = CARTESIAN_POINT('',(-11.93895457958,25.240381006006,3.));
#3624 = VECTOR('',#3625,1.);
#3625 = DIRECTION('',(0.,0.,1.));
#3626 = ADVANCED_FACE('',(#3627),#3652,.T.);
#3627 = FACE_BOUND('',#3628,.T.);
#3628 = EDGE_LOOP('',(#3629,#3637,#3645,#3651));
#3629 = ORIENTED_EDGE('',*,*,#3630,.T.);
#3630 = EDGE_CURVE('',#728,#3631,#3633,.T.);
#3631 = VERTEX_POINT('',#3632);
#3632 = CARTESIAN_POINT('',(-18.36758633633,32.765765765766,2.));
#3633 = LINE('',#3634,#3635);
#3634 = CARTESIAN_POINT('',(-18.36758633633,32.765765765766,3.));
#3635 = VECTOR('',#3636,1.);
#3636 = DIRECTION('',(-0.,-0.,-1.));
#3637 = ORIENTED_EDGE('',*,*,#3638,.T.);
#3638 = EDGE_CURVE('',#3631,#3639,#3641,.T.);
#3639 = VERTEX_POINT('',#3640);
#3640 = CARTESIAN_POINT('',(-18.36758633633,29.75975975976,2.));
#3641 = LINE('',#3642,#3643);
#3642 = CARTESIAN_POINT('',(-18.36758633633,32.765765765766,2.));
#3643 = VECTOR('',#3644,1.);
#3644 = DIRECTION('',(0.,-1.,0.));
#3645 = ORIENTED_EDGE('',*,*,#3646,.F.);
#3646 = EDGE_CURVE('',#730,#3639,#3647,.T.);
#3647 = LINE('',#3648,#3649);
#3648 = CARTESIAN_POINT('',(-18.36758633633,29.75975975976,3.));
#3649 = VECTOR('',#3650,1.);
#3650 = DIRECTION('',(-0.,-0.,-1.));
#3651 = ORIENTED_EDGE('',*,*,#727,.F.);
#3652 = PLANE('',#3653);
#3653 = AXIS2_PLACEMENT_3D('',#3654,#3655,#3656);
#3654 = CARTESIAN_POINT('',(-18.36758633633,32.765765765766,3.));
#3655 = DIRECTION('',(-1.,0.,0.));
#3656 = DIRECTION('',(0.,-1.,0.));
#3657 = ADVANCED_FACE('',(#3658),#3676,.T.);
#3658 = FACE_BOUND('',#3659,.T.);
#3659 = EDGE_LOOP('',(#3660,#3668,#3674,#3675));
#3660 = ORIENTED_EDGE('',*,*,#3661,.T.);
#3661 = EDGE_CURVE('',#874,#3662,#3664,.T.);
#3662 = VERTEX_POINT('',#3663);
#3663 = CARTESIAN_POINT('',(-20.11031343843,32.466263138138,2.));
#3664 = LINE('',#3665,#3666);
#3665 = CARTESIAN_POINT('',(-20.11031343843,32.466263138138,3.));
#3666 = VECTOR('',#3667,1.);
#3667 = DIRECTION('',(-0.,-0.,-1.));
#3668 = ORIENTED_EDGE('',*,*,#3669,.T.);
#3669 = EDGE_CURVE('',#3662,#3631,#3670,.T.);
#3670 = LINE('',#3671,#3672);
#3671 = CARTESIAN_POINT('',(-20.11031343843,32.466263138138,2.));
#3672 = VECTOR('',#3673,1.);
#3673 = DIRECTION('',(0.985551590111,0.169375509536,0.));
#3674 = ORIENTED_EDGE('',*,*,#3630,.F.);
#3675 = ORIENTED_EDGE('',*,*,#881,.F.);
#3676 = PLANE('',#3677);
#3677 = AXIS2_PLACEMENT_3D('',#3678,#3679,#3680);
#3678 = CARTESIAN_POINT('',(-20.11031343843,32.466263138138,3.));
#3679 = DIRECTION('',(0.169375509536,-0.985551590111,0.));
#3680 = DIRECTION('',(0.985551590111,0.169375509536,0.));
#3681 = ADVANCED_FACE('',(#3682),#3700,.T.);
#3682 = FACE_BOUND('',#3683,.T.);
#3683 = EDGE_LOOP('',(#3684,#3685,#3693,#3699));
#3684 = ORIENTED_EDGE('',*,*,#3646,.T.);
#3685 = ORIENTED_EDGE('',*,*,#3686,.T.);
#3686 = EDGE_CURVE('',#3639,#3687,#3689,.T.);
#3687 = VERTEX_POINT('',#3688);
#3688 = CARTESIAN_POINT('',(-14.6759572072,29.75975975976,2.));
#3689 = LINE('',#3690,#3691);
#3690 = CARTESIAN_POINT('',(-18.36758633633,29.75975975976,2.));
#3691 = VECTOR('',#3692,1.);
#3692 = DIRECTION('',(1.,0.,0.));
#3693 = ORIENTED_EDGE('',*,*,#3694,.F.);
#3694 = EDGE_CURVE('',#738,#3687,#3695,.T.);
#3695 = LINE('',#3696,#3697);
#3696 = CARTESIAN_POINT('',(-14.6759572072,29.75975975976,3.));
#3697 = VECTOR('',#3698,1.);
#3698 = DIRECTION('',(-0.,-0.,-1.));
#3699 = ORIENTED_EDGE('',*,*,#737,.F.);
#3700 = PLANE('',#3701);
#3701 = AXIS2_PLACEMENT_3D('',#3702,#3703,#3704);
#3702 = CARTESIAN_POINT('',(-18.36758633633,29.75975975976,3.));
#3703 = DIRECTION('',(0.,-1.,0.));
#3704 = DIRECTION('',(1.,0.,0.));
#3705 = ADVANCED_FACE('',(#3706),#3724,.T.);
#3706 = FACE_BOUND('',#3707,.T.);
#3707 = EDGE_LOOP('',(#3708,#3716,#3722,#3723));
#3708 = ORIENTED_EDGE('',*,*,#3709,.T.);
#3709 = EDGE_CURVE('',#866,#3710,#3712,.T.);
#3710 = VERTEX_POINT('',#3711);
#3711 = CARTESIAN_POINT('',(-20.11031343843,23.775807057057,2.));
#3712 = LINE('',#3713,#3714);
#3713 = CARTESIAN_POINT('',(-20.11031343843,23.775807057057,3.));
#3714 = VECTOR('',#3715,1.);
#3715 = DIRECTION('',(-0.,-0.,-1.));
#3716 = ORIENTED_EDGE('',*,*,#3717,.T.);
#3717 = EDGE_CURVE('',#3710,#3662,#3718,.T.);
#3718 = LINE('',#3719,#3720);
#3719 = CARTESIAN_POINT('',(-20.11031343843,23.775807057057,2.));
#3720 = VECTOR('',#3721,1.);
#3721 = DIRECTION('',(0.,1.,0.));
#3722 = ORIENTED_EDGE('',*,*,#3661,.F.);
#3723 = ORIENTED_EDGE('',*,*,#873,.F.);
#3724 = PLANE('',#3725);
#3725 = AXIS2_PLACEMENT_3D('',#3726,#3727,#3728);
#3726 = CARTESIAN_POINT('',(-20.11031343843,23.775807057057,3.));
#3727 = DIRECTION('',(1.,0.,0.));
#3728 = DIRECTION('',(0.,1.,0.));
#3729 = ADVANCED_FACE('',(#3730),#3748,.T.);
#3730 = FACE_BOUND('',#3731,.T.);
#3731 = EDGE_LOOP('',(#3732,#3733,#3741,#3747));
#3732 = ORIENTED_EDGE('',*,*,#3694,.T.);
#3733 = ORIENTED_EDGE('',*,*,#3734,.T.);
#3734 = EDGE_CURVE('',#3687,#3735,#3737,.T.);
#3735 = VERTEX_POINT('',#3736);
#3736 = CARTESIAN_POINT('',(-14.6759572072,28.315315315315,2.));
#3737 = LINE('',#3738,#3739);
#3738 = CARTESIAN_POINT('',(-14.6759572072,29.75975975976,2.));
#3739 = VECTOR('',#3740,1.);
#3740 = DIRECTION('',(0.,-1.,0.));
#3741 = ORIENTED_EDGE('',*,*,#3742,.F.);
#3742 = EDGE_CURVE('',#746,#3735,#3743,.T.);
#3743 = LINE('',#3744,#3745);
#3744 = CARTESIAN_POINT('',(-14.6759572072,28.315315315315,3.));
#3745 = VECTOR('',#3746,1.);
#3746 = DIRECTION('',(-0.,-0.,-1.));
#3747 = ORIENTED_EDGE('',*,*,#745,.F.);
#3748 = PLANE('',#3749);
#3749 = AXIS2_PLACEMENT_3D('',#3750,#3751,#3752);
#3750 = CARTESIAN_POINT('',(-14.6759572072,29.75975975976,3.));
#3751 = DIRECTION('',(-1.,0.,0.));
#3752 = DIRECTION('',(0.,-1.,0.));
#3753 = ADVANCED_FACE('',(#3754),#3772,.T.);
#3754 = FACE_BOUND('',#3755,.T.);
#3755 = EDGE_LOOP('',(#3756,#3764,#3770,#3771));
#3756 = ORIENTED_EDGE('',*,*,#3757,.T.);
#3757 = EDGE_CURVE('',#858,#3758,#3760,.T.);
#3758 = VERTEX_POINT('',#3759);
#3759 = CARTESIAN_POINT('',(-19.95110735735,22.061749249249,2.));
#3760 = LINE('',#3761,#3762);
#3761 = CARTESIAN_POINT('',(-19.95110735735,22.061749249249,3.));
#3762 = VECTOR('',#3763,1.);
#3763 = DIRECTION('',(-0.,-0.,-1.));
#3764 = ORIENTED_EDGE('',*,*,#3765,.T.);
#3765 = EDGE_CURVE('',#3758,#3710,#3766,.T.);
#3766 = B_SPLINE_CURVE_WITH_KNOTS('',2,(#3767,#3768,#3769),
  .UNSPECIFIED.,.F.,.F.,(3,3),(0.,1.),.PIECEWISE_BEZIER_KNOTS.);
#3767 = CARTESIAN_POINT('',(-19.95110735735,22.061749249249,2.));
#3768 = CARTESIAN_POINT('',(-20.11031343843,22.801661036036,2.));
#3769 = CARTESIAN_POINT('',(-20.11031343843,23.775807057057,2.));
#3770 = ORIENTED_EDGE('',*,*,#3709,.F.);
#3771 = ORIENTED_EDGE('',*,*,#865,.F.);
#3772 = SURFACE_OF_LINEAR_EXTRUSION('',#3773,#3777);
#3773 = B_SPLINE_CURVE_WITH_KNOTS('',2,(#3774,#3775,#3776),
  .UNSPECIFIED.,.F.,.F.,(3,3),(0.,1.),.PIECEWISE_BEZIER_KNOTS.);
#3774 = CARTESIAN_POINT('',(-19.95110735735,22.061749249249,3.));
#3775 = CARTESIAN_POINT('',(-20.11031343843,22.801661036036,3.));
#3776 = CARTESIAN_POINT('',(-20.11031343843,23.775807057057,3.));
#3777 = VECTOR('',#3778,1.);
#3778 = DIRECTION('',(0.,0.,1.));
#3779 = ADVANCED_FACE('',(#3780),#3798,.T.);
#3780 = FACE_BOUND('',#3781,.T.);
#3781 = EDGE_LOOP('',(#3782,#3783,#3791,#3797));
#3782 = ORIENTED_EDGE('',*,*,#3742,.T.);
#3783 = ORIENTED_EDGE('',*,*,#3784,.T.);
#3784 = EDGE_CURVE('',#3735,#3785,#3787,.T.);
#3785 = VERTEX_POINT('',#3786);
#3786 = CARTESIAN_POINT('',(-18.36758633633,28.315315315315,2.));
#3787 = LINE('',#3788,#3789);
#3788 = CARTESIAN_POINT('',(-14.6759572072,28.315315315315,2.));
#3789 = VECTOR('',#3790,1.);
#3790 = DIRECTION('',(-1.,0.,0.));
#3791 = ORIENTED_EDGE('',*,*,#3792,.F.);
#3792 = EDGE_CURVE('',#754,#3785,#3793,.T.);
#3793 = LINE('',#3794,#3795);
#3794 = CARTESIAN_POINT('',(-18.36758633633,28.315315315315,3.));
#3795 = VECTOR('',#3796,1.);
#3796 = DIRECTION('',(-0.,-0.,-1.));
#3797 = ORIENTED_EDGE('',*,*,#753,.F.);
#3798 = PLANE('',#3799);
#3799 = AXIS2_PLACEMENT_3D('',#3800,#3801,#3802);
#3800 = CARTESIAN_POINT('',(-14.6759572072,28.315315315315,3.));
#3801 = DIRECTION('',(0.,1.,0.));
#3802 = DIRECTION('',(-1.,0.,0.));
#3803 = ADVANCED_FACE('',(#3804),#3822,.T.);
#3804 = FACE_BOUND('',#3805,.T.);
#3805 = EDGE_LOOP('',(#3806,#3814,#3820,#3821));
#3806 = ORIENTED_EDGE('',*,*,#3807,.T.);
#3807 = EDGE_CURVE('',#850,#3808,#3810,.T.);
#3808 = VERTEX_POINT('',#3809);
#3809 = CARTESIAN_POINT('',(-19.39846096096,20.81615990991,2.));
#3810 = LINE('',#3811,#3812);
#3811 = CARTESIAN_POINT('',(-19.39846096096,20.81615990991,3.));
#3812 = VECTOR('',#3813,1.);
#3813 = DIRECTION('',(-0.,-0.,-1.));
#3814 = ORIENTED_EDGE('',*,*,#3815,.T.);
#3815 = EDGE_CURVE('',#3808,#3758,#3816,.T.);
#3816 = B_SPLINE_CURVE_WITH_KNOTS('',2,(#3817,#3818,#3819),
  .UNSPECIFIED.,.F.,.F.,(3,3),(0.,1.),.PIECEWISE_BEZIER_KNOTS.);
#3817 = CARTESIAN_POINT('',(-19.39846096096,20.81615990991,2.));
#3818 = CARTESIAN_POINT('',(-19.79190127627,21.321837462462,2.));
#3819 = CARTESIAN_POINT('',(-19.95110735735,22.061749249249,2.));
#3820 = ORIENTED_EDGE('',*,*,#3757,.F.);
#3821 = ORIENTED_EDGE('',*,*,#857,.F.);
#3822 = SURFACE_OF_LINEAR_EXTRUSION('',#3823,#3827);
#3823 = B_SPLINE_CURVE_WITH_KNOTS('',2,(#3824,#3825,#3826),
  .UNSPECIFIED.,.F.,.F.,(3,3),(0.,1.),.PIECEWISE_BEZIER_KNOTS.);
#3824 = CARTESIAN_POINT('',(-19.39846096096,20.81615990991,3.));
#3825 = CARTESIAN_POINT('',(-19.79190127627,21.321837462462,3.));
#3826 = CARTESIAN_POINT('',(-19.95110735735,22.061749249249,3.));
#3827 = VECTOR('',#3828,1.);
#3828 = DIRECTION('',(0.,0.,1.));
#3829 = ADVANCED_FACE('',(#3830),#3848,.T.);
#3830 = FACE_BOUND('',#3831,.T.);
#3831 = EDGE_LOOP('',(#3832,#3833,#3841,#3847));
#3832 = ORIENTED_EDGE('',*,*,#3792,.T.);
#3833 = ORIENTED_EDGE('',*,*,#3834,.T.);
#3834 = EDGE_CURVE('',#3785,#3835,#3837,.T.);
#3835 = VERTEX_POINT('',#3836);
#3836 = CARTESIAN_POINT('',(-18.36758633633,23.794716591592,2.));
#3837 = LINE('',#3838,#3839);
#3838 = CARTESIAN_POINT('',(-18.36758633633,28.315315315315,2.));
#3839 = VECTOR('',#3840,1.);
#3840 = DIRECTION('',(0.,-1.,0.));
#3841 = ORIENTED_EDGE('',*,*,#3842,.F.);
#3842 = EDGE_CURVE('',#762,#3835,#3843,.T.);
#3843 = LINE('',#3844,#3845);
#3844 = CARTESIAN_POINT('',(-18.36758633633,23.794716591592,3.));
#3845 = VECTOR('',#3846,1.);
#3846 = DIRECTION('',(-0.,-0.,-1.));
#3847 = ORIENTED_EDGE('',*,*,#761,.F.);
#3848 = PLANE('',#3849);
#3849 = AXIS2_PLACEMENT_3D('',#3850,#3851,#3852);
#3850 = CARTESIAN_POINT('',(-18.36758633633,28.315315315315,3.));
#3851 = DIRECTION('',(-1.,0.,0.));
#3852 = DIRECTION('',(0.,-1.,0.));
#3853 = ADVANCED_FACE('',(#3854),#3872,.T.);
#3854 = FACE_BOUND('',#3855,.T.);
#3855 = EDGE_LOOP('',(#3856,#3864,#3870,#3871));
#3856 = ORIENTED_EDGE('',*,*,#3857,.T.);
#3857 = EDGE_CURVE('',#842,#3858,#3860,.T.);
#3858 = VERTEX_POINT('',#3859);
#3859 = CARTESIAN_POINT('',(-18.35843656156,20.057338588589,2.));
#3860 = LINE('',#3861,#3862);
#3861 = CARTESIAN_POINT('',(-18.35843656156,20.057338588589,3.));
#3862 = VECTOR('',#3863,1.);
#3863 = DIRECTION('',(-0.,-0.,-1.));
#3864 = ORIENTED_EDGE('',*,*,#3865,.T.);
#3865 = EDGE_CURVE('',#3858,#3808,#3866,.T.);
#3866 = B_SPLINE_CURVE_WITH_KNOTS('',2,(#3867,#3868,#3869),
  .UNSPECIFIED.,.F.,.F.,(3,3),(0.,1.),.PIECEWISE_BEZIER_KNOTS.);
#3867 = CARTESIAN_POINT('',(-18.35843656156,20.057338588589,2.));
#3868 = CARTESIAN_POINT('',(-19.00502064564,20.310482357357,2.));
#3869 = CARTESIAN_POINT('',(-19.39846096096,20.81615990991,2.));
#3870 = ORIENTED_EDGE('',*,*,#3807,.F.);
#3871 = ORIENTED_EDGE('',*,*,#849,.F.);
#3872 = SURFACE_OF_LINEAR_EXTRUSION('',#3873,#3877);
#3873 = B_SPLINE_CURVE_WITH_KNOTS('',2,(#3874,#3875,#3876),
  .UNSPECIFIED.,.F.,.F.,(3,3),(0.,1.),.PIECEWISE_BEZIER_KNOTS.);
#3874 = CARTESIAN_POINT('',(-18.35843656156,20.057338588589,3.));
#3875 = CARTESIAN_POINT('',(-19.00502064564,20.310482357357,3.));
#3876 = CARTESIAN_POINT('',(-19.39846096096,20.81615990991,3.));
#3877 = VECTOR('',#3878,1.);
#3878 = DIRECTION('',(0.,0.,1.));
#3879 = ADVANCED_FACE('',(#3880),#3898,.T.);
#3880 = FACE_BOUND('',#3881,.T.);
#3881 = EDGE_LOOP('',(#3882,#3883,#3891,#3897));
#3882 = ORIENTED_EDGE('',*,*,#3842,.T.);
#3883 = ORIENTED_EDGE('',*,*,#3884,.T.);
#3884 = EDGE_CURVE('',#3835,#3885,#3887,.T.);
#3885 = VERTEX_POINT('',#3886);
#3886 = CARTESIAN_POINT('',(-18.25534909909,22.579626501502,2.));
#3887 = B_SPLINE_CURVE_WITH_KNOTS('',2,(#3888,#3889,#3890),
  .UNSPECIFIED.,.F.,.F.,(3,3),(0.,1.),.PIECEWISE_BEZIER_KNOTS.);
#3888 = CARTESIAN_POINT('',(-18.36758633633,23.794716591592,2.));
#3889 = CARTESIAN_POINT('',(-18.36758633633,23.06029466967,2.));
#3890 = CARTESIAN_POINT('',(-18.25534909909,22.579626501502,2.));
#3891 = ORIENTED_EDGE('',*,*,#3892,.F.);
#3892 = EDGE_CURVE('',#770,#3885,#3893,.T.);
#3893 = LINE('',#3894,#3895);
#3894 = CARTESIAN_POINT('',(-18.25534909909,22.579626501502,3.));
#3895 = VECTOR('',#3896,1.);
#3896 = DIRECTION('',(-0.,-0.,-1.));
#3897 = ORIENTED_EDGE('',*,*,#769,.F.);
#3898 = SURFACE_OF_LINEAR_EXTRUSION('',#3899,#3903);
#3899 = B_SPLINE_CURVE_WITH_KNOTS('',2,(#3900,#3901,#3902),
  .UNSPECIFIED.,.F.,.F.,(3,3),(0.,1.),.PIECEWISE_BEZIER_KNOTS.);
#3900 = CARTESIAN_POINT('',(-18.36758633633,23.794716591592,3.));
#3901 = CARTESIAN_POINT('',(-18.36758633633,23.06029466967,3.));
#3902 = CARTESIAN_POINT('',(-18.25534909909,22.579626501502,3.));
#3903 = VECTOR('',#3904,1.);
#3904 = DIRECTION('',(0.,0.,1.));
#3905 = ADVANCED_FACE('',(#3906),#3924,.T.);
#3906 = FACE_BOUND('',#3907,.T.);
#3907 = EDGE_LOOP('',(#3908,#3916,#3922,#3923));
#3908 = ORIENTED_EDGE('',*,*,#3909,.T.);
#3909 = EDGE_CURVE('',#834,#3910,#3912,.T.);
#3910 = VERTEX_POINT('',#3911);
#3911 = CARTESIAN_POINT('',(-16.71879692192,19.804804804805,2.));
#3912 = LINE('',#3913,#3914);
#3913 = CARTESIAN_POINT('',(-16.71879692192,19.804804804805,3.));
#3914 = VECTOR('',#3915,1.);
#3915 = DIRECTION('',(-0.,-0.,-1.));
#3916 = ORIENTED_EDGE('',*,*,#3917,.T.);
#3917 = EDGE_CURVE('',#3910,#3858,#3918,.T.);
#3918 = B_SPLINE_CURVE_WITH_KNOTS('',2,(#3919,#3920,#3921),
  .UNSPECIFIED.,.F.,.F.,(3,3),(0.,1.),.PIECEWISE_BEZIER_KNOTS.);
#3919 = CARTESIAN_POINT('',(-16.71879692192,19.804804804805,2.));
#3920 = CARTESIAN_POINT('',(-17.71185247747,19.804804804805,2.));
#3921 = CARTESIAN_POINT('',(-18.35843656156,20.057338588589,2.));
#3922 = ORIENTED_EDGE('',*,*,#3857,.F.);
#3923 = ORIENTED_EDGE('',*,*,#841,.F.);
#3924 = SURFACE_OF_LINEAR_EXTRUSION('',#3925,#3929);
#3925 = B_SPLINE_CURVE_WITH_KNOTS('',2,(#3926,#3927,#3928),
  .UNSPECIFIED.,.F.,.F.,(3,3),(0.,1.),.PIECEWISE_BEZIER_KNOTS.);
#3926 = CARTESIAN_POINT('',(-16.71879692192,19.804804804805,3.));
#3927 = CARTESIAN_POINT('',(-17.71185247747,19.804804804805,3.));
#3928 = CARTESIAN_POINT('',(-18.35843656156,20.057338588589,3.));
#3929 = VECTOR('',#3930,1.);
#3930 = DIRECTION('',(0.,0.,1.));
#3931 = ADVANCED_FACE('',(#3932),#3950,.T.);
#3932 = FACE_BOUND('',#3933,.T.);
#3933 = EDGE_LOOP('',(#3934,#3935,#3943,#3949));
#3934 = ORIENTED_EDGE('',*,*,#3892,.T.);
#3935 = ORIENTED_EDGE('',*,*,#3936,.T.);
#3936 = EDGE_CURVE('',#3885,#3937,#3939,.T.);
#3937 = VERTEX_POINT('',#3938);
#3938 = CARTESIAN_POINT('',(-17.9180274024,21.826295045045,2.));
#3939 = B_SPLINE_CURVE_WITH_KNOTS('',2,(#3940,#3941,#3942),
  .UNSPECIFIED.,.F.,.F.,(3,3),(0.,1.),.PIECEWISE_BEZIER_KNOTS.);
#3940 = CARTESIAN_POINT('',(-18.25534909909,22.579626501502,2.));
#3941 = CARTESIAN_POINT('',(-18.14250187687,22.099568318318,2.));
#3942 = CARTESIAN_POINT('',(-17.9180274024,21.826295045045,2.));
#3943 = ORIENTED_EDGE('',*,*,#3944,.F.);
#3944 = EDGE_CURVE('',#778,#3937,#3945,.T.);
#3945 = LINE('',#3946,#3947);
#3946 = CARTESIAN_POINT('',(-17.9180274024,21.826295045045,3.));
#3947 = VECTOR('',#3948,1.);
#3948 = DIRECTION('',(-0.,-0.,-1.));
#3949 = ORIENTED_EDGE('',*,*,#777,.F.);
#3950 = SURFACE_OF_LINEAR_EXTRUSION('',#3951,#3955);
#3951 = B_SPLINE_CURVE_WITH_KNOTS('',2,(#3952,#3953,#3954),
  .UNSPECIFIED.,.F.,.F.,(3,3),(0.,1.),.PIECEWISE_BEZIER_KNOTS.);
#3952 = CARTESIAN_POINT('',(-18.25534909909,22.579626501502,3.));
#3953 = CARTESIAN_POINT('',(-18.14250187687,22.099568318318,3.));
#3954 = CARTESIAN_POINT('',(-17.9180274024,21.826295045045,3.));
#3955 = VECTOR('',#3956,1.);
#3956 = DIRECTION('',(0.,0.,1.));
#3957 = ADVANCED_FACE('',(#3958),#3976,.T.);
#3958 = FACE_BOUND('',#3959,.T.);
#3959 = EDGE_LOOP('',(#3960,#3968,#3974,#3975));
#3960 = ORIENTED_EDGE('',*,*,#3961,.T.);
#3961 = EDGE_CURVE('',#826,#3962,#3964,.T.);
#3962 = VERTEX_POINT('',#3963);
#3963 = CARTESIAN_POINT('',(-15.21945382882,20.00121996997,2.));
#3964 = LINE('',#3965,#3966);
#3965 = CARTESIAN_POINT('',(-15.21945382882,20.00121996997,3.));
#3966 = VECTOR('',#3967,1.);
#3967 = DIRECTION('',(-0.,-0.,-1.));
#3968 = ORIENTED_EDGE('',*,*,#3969,.T.);
#3969 = EDGE_CURVE('',#3962,#3910,#3970,.T.);
#3970 = B_SPLINE_CURVE_WITH_KNOTS('',2,(#3971,#3972,#3973),
  .UNSPECIFIED.,.F.,.F.,(3,3),(0.,1.),.PIECEWISE_BEZIER_KNOTS.);
#3971 = CARTESIAN_POINT('',(-15.21945382882,20.00121996997,2.));
#3972 = CARTESIAN_POINT('',(-15.87518768768,19.804804804805,2.));
#3973 = CARTESIAN_POINT('',(-16.71879692192,19.804804804805,2.));
#3974 = ORIENTED_EDGE('',*,*,#3909,.F.);
#3975 = ORIENTED_EDGE('',*,*,#833,.F.);
#3976 = SURFACE_OF_LINEAR_EXTRUSION('',#3977,#3981);
#3977 = B_SPLINE_CURVE_WITH_KNOTS('',2,(#3978,#3979,#3980),
  .UNSPECIFIED.,.F.,.F.,(3,3),(0.,1.),.PIECEWISE_BEZIER_KNOTS.);
#3978 = CARTESIAN_POINT('',(-15.21945382882,20.00121996997,3.));
#3979 = CARTESIAN_POINT('',(-15.87518768768,19.804804804805,3.));
#3980 = CARTESIAN_POINT('',(-16.71879692192,19.804804804805,3.));
#3981 = VECTOR('',#3982,1.);
#3982 = DIRECTION('',(0.,0.,1.));
#3983 = ADVANCED_FACE('',(#3984),#4002,.T.);
#3984 = FACE_BOUND('',#3985,.T.);
#3985 = EDGE_LOOP('',(#3986,#3987,#3995,#4001));
#3986 = ORIENTED_EDGE('',*,*,#3944,.T.);
#3987 = ORIENTED_EDGE('',*,*,#3988,.T.);
#3988 = EDGE_CURVE('',#3937,#3989,#3991,.T.);
#3989 = VERTEX_POINT('',#3990);
#3990 = CARTESIAN_POINT('',(-17.35562124624,21.44017454955,2.));
#3991 = B_SPLINE_CURVE_WITH_KNOTS('',2,(#3992,#3993,#3994),
  .UNSPECIFIED.,.F.,.F.,(3,3),(0.,1.),.PIECEWISE_BEZIER_KNOTS.);
#3992 = CARTESIAN_POINT('',(-17.9180274024,21.826295045045,2.));
#3993 = CARTESIAN_POINT('',(-17.69294294294,21.553631756757,2.));
#3994 = CARTESIAN_POINT('',(-17.35562124624,21.44017454955,2.));
#3995 = ORIENTED_EDGE('',*,*,#3996,.F.);
#3996 = EDGE_CURVE('',#786,#3989,#3997,.T.);
#3997 = LINE('',#3998,#3999);
#3998 = CARTESIAN_POINT('',(-17.35562124624,21.44017454955,3.));
#3999 = VECTOR('',#4000,1.);
#4000 = DIRECTION('',(-0.,-0.,-1.));
#4001 = ORIENTED_EDGE('',*,*,#785,.F.);
#4002 = SURFACE_OF_LINEAR_EXTRUSION('',#4003,#4007);
#4003 = B_SPLINE_CURVE_WITH_KNOTS('',2,(#4004,#4005,#4006),
  .UNSPECIFIED.,.F.,.F.,(3,3),(0.,1.),.PIECEWISE_BEZIER_KNOTS.);
#4004 = CARTESIAN_POINT('',(-17.9180274024,21.826295045045,3.));
#4005 = CARTESIAN_POINT('',(-17.69294294294,21.553631756757,3.));
#4006 = CARTESIAN_POINT('',(-17.35562124624,21.44017454955,3.));
#4007 = VECTOR('',#4008,1.);
#4008 = DIRECTION('',(0.,0.,1.));
#4009 = ADVANCED_FACE('',(#4010),#4028,.T.);
#4010 = FACE_BOUND('',#4011,.T.);
#4011 = EDGE_LOOP('',(#4012,#4020,#4026,#4027));
#4012 = ORIENTED_EDGE('',*,*,#4013,.T.);
#4013 = EDGE_CURVE('',#818,#4014,#4016,.T.);
#4014 = VERTEX_POINT('',#4015);
#4015 = CARTESIAN_POINT('',(-14.30142642642,20.329391891892,2.));
#4016 = LINE('',#4017,#4018);
#4017 = CARTESIAN_POINT('',(-14.30142642642,20.329391891892,3.));
#4018 = VECTOR('',#4019,1.);
#4019 = DIRECTION('',(-0.,-0.,-1.));
#4020 = ORIENTED_EDGE('',*,*,#4021,.T.);
#4021 = EDGE_CURVE('',#4014,#3962,#4022,.T.);
#4022 = B_SPLINE_CURVE_WITH_KNOTS('',2,(#4023,#4024,#4025),
  .UNSPECIFIED.,.F.,.F.,(3,3),(0.,1.),.PIECEWISE_BEZIER_KNOTS.);
#4023 = CARTESIAN_POINT('',(-14.30142642642,20.329391891892,2.));
#4024 = CARTESIAN_POINT('',(-14.56371996997,20.19824512012,2.));
#4025 = CARTESIAN_POINT('',(-15.21945382882,20.00121996997,2.));
#4026 = ORIENTED_EDGE('',*,*,#3961,.F.);
#4027 = ORIENTED_EDGE('',*,*,#825,.F.);
#4028 = SURFACE_OF_LINEAR_EXTRUSION('',#4029,#4033);
#4029 = B_SPLINE_CURVE_WITH_KNOTS('',2,(#4030,#4031,#4032),
  .UNSPECIFIED.,.F.,.F.,(3,3),(0.,1.),.PIECEWISE_BEZIER_KNOTS.);
#4030 = CARTESIAN_POINT('',(-14.30142642642,20.329391891892,3.));
#4031 = CARTESIAN_POINT('',(-14.56371996997,20.19824512012,3.));
#4032 = CARTESIAN_POINT('',(-15.21945382882,20.00121996997,3.));
#4033 = VECTOR('',#4034,1.);
#4034 = DIRECTION('',(0.,0.,1.));
#4035 = ADVANCED_FACE('',(#4036),#4054,.T.);
#4036 = FACE_BOUND('',#4037,.T.);
#4037 = EDGE_LOOP('',(#4038,#4039,#4047,#4053));
#4038 = ORIENTED_EDGE('',*,*,#3996,.T.);
#4039 = ORIENTED_EDGE('',*,*,#4040,.T.);
#4040 = EDGE_CURVE('',#3989,#4041,#4043,.T.);
#4041 = VERTEX_POINT('',#4042);
#4042 = CARTESIAN_POINT('',(-16.56874061561,21.327327327327,2.));
#4043 = B_SPLINE_CURVE_WITH_KNOTS('',2,(#4044,#4045,#4046),
  .UNSPECIFIED.,.F.,.F.,(3,3),(0.,1.),.PIECEWISE_BEZIER_KNOTS.);
#4044 = CARTESIAN_POINT('',(-17.35562124624,21.44017454955,2.));
#4045 = CARTESIAN_POINT('',(-17.01829954955,21.327327327327,2.));
#4046 = CARTESIAN_POINT('',(-16.56874061561,21.327327327327,2.));
#4047 = ORIENTED_EDGE('',*,*,#4048,.F.);
#4048 = EDGE_CURVE('',#794,#4041,#4049,.T.);
#4049 = LINE('',#4050,#4051);
#4050 = CARTESIAN_POINT('',(-16.56874061561,21.327327327327,3.));
#4051 = VECTOR('',#4052,1.);
#4052 = DIRECTION('',(-0.,-0.,-1.));
#4053 = ORIENTED_EDGE('',*,*,#793,.F.);
#4054 = SURFACE_OF_LINEAR_EXTRUSION('',#4055,#4059);
#4055 = B_SPLINE_CURVE_WITH_KNOTS('',2,(#4056,#4057,#4058),
  .UNSPECIFIED.,.F.,.F.,(3,3),(0.,1.),.PIECEWISE_BEZIER_KNOTS.);
#4056 = CARTESIAN_POINT('',(-17.35562124624,21.44017454955,3.));
#4057 = CARTESIAN_POINT('',(-17.01829954955,21.327327327327,3.));
#4058 = CARTESIAN_POINT('',(-16.56874061561,21.327327327327,3.));
#4059 = VECTOR('',#4060,1.);
#4060 = DIRECTION('',(0.,0.,1.));
#4061 = ADVANCED_FACE('',(#4062),#4080,.T.);
#4062 = FACE_BOUND('',#4063,.T.);
#4063 = EDGE_LOOP('',(#4064,#4072,#4078,#4079));
#4064 = ORIENTED_EDGE('',*,*,#4065,.T.);
#4065 = EDGE_CURVE('',#810,#4066,#4068,.T.);
#4066 = VERTEX_POINT('',#4067);
#4067 = CARTESIAN_POINT('',(-14.63813813813,21.758586711712,2.));
#4068 = LINE('',#4069,#4070);
#4069 = CARTESIAN_POINT('',(-14.63813813813,21.758586711712,3.));
#4070 = VECTOR('',#4071,1.);
#4071 = DIRECTION('',(-0.,-0.,-1.));
#4072 = ORIENTED_EDGE('',*,*,#4073,.T.);
#4073 = EDGE_CURVE('',#4066,#4014,#4074,.T.);
#4074 = LINE('',#4075,#4076);
#4075 = CARTESIAN_POINT('',(-14.63813813813,21.758586711712,2.));
#4076 = VECTOR('',#4077,1.);
#4077 = DIRECTION('',(0.22931718556,-0.973351749578,0.));
#4078 = ORIENTED_EDGE('',*,*,#4013,.F.);
#4079 = ORIENTED_EDGE('',*,*,#817,.F.);
#4080 = PLANE('',#4081);
#4081 = AXIS2_PLACEMENT_3D('',#4082,#4083,#4084);
#4082 = CARTESIAN_POINT('',(-14.63813813813,21.758586711712,3.));
#4083 = DIRECTION('',(-0.973351749578,-0.22931718556,0.));
#4084 = DIRECTION('',(0.22931718556,-0.973351749578,0.));
#4085 = ADVANCED_FACE('',(#4086),#4104,.T.);
#4086 = FACE_BOUND('',#4087,.T.);
#4087 = EDGE_LOOP('',(#4088,#4089,#4097,#4103));
#4088 = ORIENTED_EDGE('',*,*,#4048,.T.);
#4089 = ORIENTED_EDGE('',*,*,#4090,.T.);
#4090 = EDGE_CURVE('',#4041,#4091,#4093,.T.);
#4091 = VERTEX_POINT('',#4092);
#4092 = CARTESIAN_POINT('',(-15.30363175675,21.505442942943,2.));
#4093 = B_SPLINE_CURVE_WITH_KNOTS('',2,(#4094,#4095,#4096),
  .UNSPECIFIED.,.F.,.F.,(3,3),(0.,1.),.PIECEWISE_BEZIER_KNOTS.);
#4094 = CARTESIAN_POINT('',(-16.56874061561,21.327327327327,2.));
#4095 = CARTESIAN_POINT('',(-15.78125,21.327327327327,2.));
#4096 = CARTESIAN_POINT('',(-15.30363175675,21.505442942943,2.));
#4097 = ORIENTED_EDGE('',*,*,#4098,.F.);
#4098 = EDGE_CURVE('',#802,#4091,#4099,.T.);
#4099 = LINE('',#4100,#4101);
#4100 = CARTESIAN_POINT('',(-15.30363175675,21.505442942943,3.));
#4101 = VECTOR('',#4102,1.);
#4102 = DIRECTION('',(-0.,-0.,-1.));
#4103 = ORIENTED_EDGE('',*,*,#801,.F.);
#4104 = SURFACE_OF_LINEAR_EXTRUSION('',#4105,#4109);
#4105 = B_SPLINE_CURVE_WITH_KNOTS('',2,(#4106,#4107,#4108),
  .UNSPECIFIED.,.F.,.F.,(3,3),(0.,1.),.PIECEWISE_BEZIER_KNOTS.);
#4106 = CARTESIAN_POINT('',(-16.56874061561,21.327327327327,3.));
#4107 = CARTESIAN_POINT('',(-15.78125,21.327327327327,3.));
#4108 = CARTESIAN_POINT('',(-15.30363175675,21.505442942943,3.));
#4109 = VECTOR('',#4110,1.);
#4110 = DIRECTION('',(0.,0.,1.));
#4111 = ADVANCED_FACE('',(#4112),#4123,.T.);
#4112 = FACE_BOUND('',#4113,.T.);
#4113 = EDGE_LOOP('',(#4114,#4115,#4121,#4122));
#4114 = ORIENTED_EDGE('',*,*,#4098,.T.);
#4115 = ORIENTED_EDGE('',*,*,#4116,.T.);
#4116 = EDGE_CURVE('',#4091,#4066,#4117,.T.);
#4117 = B_SPLINE_CURVE_WITH_KNOTS('',2,(#4118,#4119,#4120),
  .UNSPECIFIED.,.F.,.F.,(3,3),(0.,1.),.PIECEWISE_BEZIER_KNOTS.);
#4118 = CARTESIAN_POINT('',(-15.30363175675,21.505442942943,2.));
#4119 = CARTESIAN_POINT('',(-14.82540352852,21.683558558559,2.));
#4120 = CARTESIAN_POINT('',(-14.63813813813,21.758586711712,2.));
#4121 = ORIENTED_EDGE('',*,*,#4065,.F.);
#4122 = ORIENTED_EDGE('',*,*,#809,.F.);
#4123 = SURFACE_OF_LINEAR_EXTRUSION('',#4124,#4128);
#4124 = B_SPLINE_CURVE_WITH_KNOTS('',2,(#4125,#4126,#4127),
  .UNSPECIFIED.,.F.,.F.,(3,3),(0.,1.),.PIECEWISE_BEZIER_KNOTS.);
#4125 = CARTESIAN_POINT('',(-15.30363175675,21.505442942943,3.));
#4126 = CARTESIAN_POINT('',(-14.82540352852,21.683558558559,3.));
#4127 = CARTESIAN_POINT('',(-14.63813813813,21.758586711712,3.));
#4128 = VECTOR('',#4129,1.);
#4129 = DIRECTION('',(0.,0.,1.));
#4130 = ADVANCED_FACE('',(#4131),#4156,.T.);
#4131 = FACE_BOUND('',#4132,.T.);
#4132 = EDGE_LOOP('',(#4133,#4141,#4149,#4155));
#4133 = ORIENTED_EDGE('',*,*,#4134,.T.);
#4134 = EDGE_CURVE('',#890,#4135,#4137,.T.);
#4135 = VERTEX_POINT('',#4136);
#4136 = CARTESIAN_POINT('',(21.234515865766,14.504504504505,2.));
#4137 = LINE('',#4138,#4139);
#4138 = CARTESIAN_POINT('',(21.234515865766,14.504504504505,3.));
#4139 = VECTOR('',#4140,1.);
#4140 = DIRECTION('',(-0.,-0.,-1.));
#4141 = ORIENTED_EDGE('',*,*,#4142,.T.);
#4142 = EDGE_CURVE('',#4135,#4143,#4145,.T.);
#4143 = VERTEX_POINT('',#4144);
#4144 = CARTESIAN_POINT('',(22.064752352252,14.504504504505,2.));
#4145 = LINE('',#4146,#4147);
#4146 = CARTESIAN_POINT('',(21.234515865766,14.504504504505,2.));
#4147 = VECTOR('',#4148,1.);
#4148 = DIRECTION('',(1.,0.,0.));
#4149 = ORIENTED_EDGE('',*,*,#4150,.F.);
#4150 = EDGE_CURVE('',#892,#4143,#4151,.T.);
#4151 = LINE('',#4152,#4153);
#4152 = CARTESIAN_POINT('',(22.064752352252,14.504504504505,3.));
#4153 = VECTOR('',#4154,1.);
#4154 = DIRECTION('',(-0.,-0.,-1.));
#4155 = ORIENTED_EDGE('',*,*,#889,.F.);
#4156 = PLANE('',#4157);
#4157 = AXIS2_PLACEMENT_3D('',#4158,#4159,#4160);
#4158 = CARTESIAN_POINT('',(21.234515865766,14.504504504505,3.));
#4159 = DIRECTION('',(0.,-1.,0.));
#4160 = DIRECTION('',(1.,0.,0.));
#4161 = ADVANCED_FACE('',(#4162),#4180,.T.);
#4162 = FACE_BOUND('',#4163,.T.);
#4163 = EDGE_LOOP('',(#4164,#4172,#4178,#4179));
#4164 = ORIENTED_EDGE('',*,*,#4165,.T.);
#4165 = EDGE_CURVE('',#996,#4166,#4168,.T.);
#4166 = VERTEX_POINT('',#4167);
#4167 = CARTESIAN_POINT('',(20.987894244144,13.598817567568,2.));
#4168 = LINE('',#4169,#4170);
#4169 = CARTESIAN_POINT('',(20.987894244144,13.598817567568,3.));
#4170 = VECTOR('',#4171,1.);
#4171 = DIRECTION('',(-0.,-0.,-1.));
#4172 = ORIENTED_EDGE('',*,*,#4173,.T.);
#4173 = EDGE_CURVE('',#4166,#4135,#4174,.T.);
#4174 = B_SPLINE_CURVE_WITH_KNOTS('',2,(#4175,#4176,#4177),
  .UNSPECIFIED.,.F.,.F.,(3,3),(0.,1.),.PIECEWISE_BEZIER_KNOTS.);
#4175 = CARTESIAN_POINT('',(20.987894244144,13.598817567568,2.));
#4176 = CARTESIAN_POINT('',(21.130630730631,14.079954954955,2.));
#4177 = CARTESIAN_POINT('',(21.234515865766,14.504504504505,2.));
#4178 = ORIENTED_EDGE('',*,*,#4134,.F.);
#4179 = ORIENTED_EDGE('',*,*,#1003,.F.);
#4180 = SURFACE_OF_LINEAR_EXTRUSION('',#4181,#4185);
#4181 = B_SPLINE_CURVE_WITH_KNOTS('',2,(#4182,#4183,#4184),
  .UNSPECIFIED.,.F.,.F.,(3,3),(0.,1.),.PIECEWISE_BEZIER_KNOTS.);
#4182 = CARTESIAN_POINT('',(20.987894244144,13.598817567568,3.));
#4183 = CARTESIAN_POINT('',(21.130630730631,14.079954954955,3.));
#4184 = CARTESIAN_POINT('',(21.234515865766,14.504504504505,3.));
#4185 = VECTOR('',#4186,1.);
#4186 = DIRECTION('',(0.,0.,1.));
#4187 = ADVANCED_FACE('',(#4188),#4206,.T.);
#4188 = FACE_BOUND('',#4189,.T.);
#4189 = EDGE_LOOP('',(#4190,#4198,#4204,#4205));
#4190 = ORIENTED_EDGE('',*,*,#4191,.T.);
#4191 = EDGE_CURVE('',#988,#4192,#4194,.T.);
#4192 = VERTEX_POINT('',#4193);
#4193 = CARTESIAN_POINT('',(20.685247847748,12.645833333333,2.));
#4194 = LINE('',#4195,#4196);
#4195 = CARTESIAN_POINT('',(20.685247847748,12.645833333333,3.));
#4196 = VECTOR('',#4197,1.);
#4197 = DIRECTION('',(-0.,-0.,-1.));
#4198 = ORIENTED_EDGE('',*,*,#4199,.T.);
#4199 = EDGE_CURVE('',#4192,#4166,#4200,.T.);
#4200 = B_SPLINE_CURVE_WITH_KNOTS('',2,(#4201,#4202,#4203),
  .UNSPECIFIED.,.F.,.F.,(3,3),(0.,1.),.PIECEWISE_BEZIER_KNOTS.);
#4201 = CARTESIAN_POINT('',(20.685247847748,12.645833333333,2.));
#4202 = CARTESIAN_POINT('',(20.845157757658,13.117961711712,2.));
#4203 = CARTESIAN_POINT('',(20.987894244144,13.598817567568,2.));
#4204 = ORIENTED_EDGE('',*,*,#4165,.F.);
#4205 = ORIENTED_EDGE('',*,*,#995,.F.);
#4206 = SURFACE_OF_LINEAR_EXTRUSION('',#4207,#4211);
#4207 = B_SPLINE_CURVE_WITH_KNOTS('',2,(#4208,#4209,#4210),
  .UNSPECIFIED.,.F.,.F.,(3,3),(0.,1.),.PIECEWISE_BEZIER_KNOTS.);
#4208 = CARTESIAN_POINT('',(20.685247847748,12.645833333333,3.));
#4209 = CARTESIAN_POINT('',(20.845157757658,13.117961711712,3.));
#4210 = CARTESIAN_POINT('',(20.987894244144,13.598817567568,3.));
#4211 = VECTOR('',#4212,1.);
#4212 = DIRECTION('',(0.,0.,1.));
#4213 = ADVANCED_FACE('',(#4214),#4232,.T.);
#4214 = FACE_BOUND('',#4215,.T.);
#4215 = EDGE_LOOP('',(#4216,#4224,#4230,#4231));
#4216 = ORIENTED_EDGE('',*,*,#4217,.T.);
#4217 = EDGE_CURVE('',#980,#4218,#4220,.T.);
#4218 = VERTEX_POINT('',#4219);
#4219 = CARTESIAN_POINT('',(20.360923523423,11.73170045045,2.));
#4220 = LINE('',#4221,#4222);
#4221 = CARTESIAN_POINT('',(20.360923523423,11.73170045045,3.));
#4222 = VECTOR('',#4223,1.);
#4223 = DIRECTION('',(-0.,-0.,-1.));
#4224 = ORIENTED_EDGE('',*,*,#4225,.T.);
#4225 = EDGE_CURVE('',#4218,#4192,#4226,.T.);
#4226 = B_SPLINE_CURVE_WITH_KNOTS('',2,(#4227,#4228,#4229),
  .UNSPECIFIED.,.F.,.F.,(3,3),(0.,1.),.PIECEWISE_BEZIER_KNOTS.);
#4227 = CARTESIAN_POINT('',(20.360923523423,11.73170045045,2.));
#4228 = CARTESIAN_POINT('',(20.525337937838,12.173704954955,2.));
#4229 = CARTESIAN_POINT('',(20.685247847748,12.645833333333,2.));
#4230 = ORIENTED_EDGE('',*,*,#4191,.F.);
#4231 = ORIENTED_EDGE('',*,*,#987,.F.);
#4232 = SURFACE_OF_LINEAR_EXTRUSION('',#4233,#4237);
#4233 = B_SPLINE_CURVE_WITH_KNOTS('',2,(#4234,#4235,#4236),
  .UNSPECIFIED.,.F.,.F.,(3,3),(0.,1.),.PIECEWISE_BEZIER_KNOTS.);
#4234 = CARTESIAN_POINT('',(20.360923523423,11.73170045045,3.));
#4235 = CARTESIAN_POINT('',(20.525337937838,12.173704954955,3.));
#4236 = CARTESIAN_POINT('',(20.685247847748,12.645833333333,3.));
#4237 = VECTOR('',#4238,1.);
#4238 = DIRECTION('',(0.,0.,1.));
#4239 = ADVANCED_FACE('',(#4240),#4258,.T.);
#4240 = FACE_BOUND('',#4241,.T.);
#4241 = EDGE_LOOP('',(#4242,#4250,#4256,#4257));
#4242 = ORIENTED_EDGE('',*,*,#4243,.T.);
#4243 = EDGE_CURVE('',#972,#4244,#4246,.T.);
#4244 = VERTEX_POINT('',#4245);
#4245 = CARTESIAN_POINT('',(20.04954964955,10.943130630631,2.));
#4246 = LINE('',#4247,#4248);
#4247 = CARTESIAN_POINT('',(20.04954964955,10.943130630631,3.));
#4248 = VECTOR('',#4249,1.);
#4249 = DIRECTION('',(-0.,-0.,-1.));
#4250 = ORIENTED_EDGE('',*,*,#4251,.T.);
#4251 = EDGE_CURVE('',#4244,#4218,#4252,.T.);
#4252 = B_SPLINE_CURVE_WITH_KNOTS('',2,(#4253,#4254,#4255),
  .UNSPECIFIED.,.F.,.F.,(3,3),(0.,1.),.PIECEWISE_BEZIER_KNOTS.);
#4253 = CARTESIAN_POINT('',(20.04954964955,10.943130630631,2.));
#4254 = CARTESIAN_POINT('',(20.196509109009,11.289695945946,2.));
#4255 = CARTESIAN_POINT('',(20.360923523423,11.73170045045,2.));
#4256 = ORIENTED_EDGE('',*,*,#4217,.F.);
#4257 = ORIENTED_EDGE('',*,*,#979,.F.);
#4258 = SURFACE_OF_LINEAR_EXTRUSION('',#4259,#4263);
#4259 = B_SPLINE_CURVE_WITH_KNOTS('',2,(#4260,#4261,#4262),
  .UNSPECIFIED.,.F.,.F.,(3,3),(0.,1.),.PIECEWISE_BEZIER_KNOTS.);
#4260 = CARTESIAN_POINT('',(20.04954964955,10.943130630631,3.));
#4261 = CARTESIAN_POINT('',(20.196509109009,11.289695945946,3.));
#4262 = CARTESIAN_POINT('',(20.360923523423,11.73170045045,3.));
#4263 = VECTOR('',#4264,1.);
#4264 = DIRECTION('',(0.,0.,1.));
#4265 = ADVANCED_FACE('',(#4266),#4284,.T.);
#4266 = FACE_BOUND('',#4267,.T.);
#4267 = EDGE_LOOP('',(#4268,#4276,#4282,#4283));
#4268 = ORIENTED_EDGE('',*,*,#4269,.T.);
#4269 = EDGE_CURVE('',#964,#4270,#4272,.T.);
#4270 = VERTEX_POINT('',#4271);
#4271 = CARTESIAN_POINT('',(19.738175775676,11.73170045045,2.));
#4272 = LINE('',#4273,#4274);
#4273 = CARTESIAN_POINT('',(19.738175775676,11.73170045045,3.));
#4274 = VECTOR('',#4275,1.);
#4275 = DIRECTION('',(-0.,-0.,-1.));
#4276 = ORIENTED_EDGE('',*,*,#4277,.T.);
#4277 = EDGE_CURVE('',#4270,#4244,#4278,.T.);
#4278 = B_SPLINE_CURVE_WITH_KNOTS('',2,(#4279,#4280,#4281),
  .UNSPECIFIED.,.F.,.F.,(3,3),(0.,1.),.PIECEWISE_BEZIER_KNOTS.);
#4279 = CARTESIAN_POINT('',(19.738175775676,11.73170045045,2.));
#4280 = CARTESIAN_POINT('',(19.90259019009,11.289695945946,2.));
#4281 = CARTESIAN_POINT('',(20.04954964955,10.943130630631,2.));
#4282 = ORIENTED_EDGE('',*,*,#4243,.F.);
#4283 = ORIENTED_EDGE('',*,*,#971,.F.);
#4284 = SURFACE_OF_LINEAR_EXTRUSION('',#4285,#4289);
#4285 = B_SPLINE_CURVE_WITH_KNOTS('',2,(#4286,#4287,#4288),
  .UNSPECIFIED.,.F.,.F.,(3,3),(0.,1.),.PIECEWISE_BEZIER_KNOTS.);
#4286 = CARTESIAN_POINT('',(19.738175775676,11.73170045045,3.));
#4287 = CARTESIAN_POINT('',(19.90259019009,11.289695945946,3.));
#4288 = CARTESIAN_POINT('',(20.04954964955,10.943130630631,3.));
#4289 = VECTOR('',#4290,1.);
#4290 = DIRECTION('',(0.,0.,1.));
#4291 = ADVANCED_FACE('',(#4292),#4310,.T.);
#4292 = FACE_BOUND('',#4293,.T.);
#4293 = EDGE_LOOP('',(#4294,#4302,#4308,#4309));
#4294 = ORIENTED_EDGE('',*,*,#4295,.T.);
#4295 = EDGE_CURVE('',#956,#4296,#4298,.T.);
#4296 = VERTEX_POINT('',#4297);
#4297 = CARTESIAN_POINT('',(19.413851451351,12.645833333333,2.));
#4298 = LINE('',#4299,#4300);
#4299 = CARTESIAN_POINT('',(19.413851451351,12.645833333333,3.));
#4300 = VECTOR('',#4301,1.);
#4301 = DIRECTION('',(-0.,-0.,-1.));
#4302 = ORIENTED_EDGE('',*,*,#4303,.T.);
#4303 = EDGE_CURVE('',#4296,#4270,#4304,.T.);
#4304 = B_SPLINE_CURVE_WITH_KNOTS('',2,(#4305,#4306,#4307),
  .UNSPECIFIED.,.F.,.F.,(3,3),(0.,1.),.PIECEWISE_BEZIER_KNOTS.);
#4305 = CARTESIAN_POINT('',(19.413851451351,12.645833333333,2.));
#4306 = CARTESIAN_POINT('',(19.574042892793,12.173704954955,2.));
#4307 = CARTESIAN_POINT('',(19.738175775676,11.73170045045,2.));
#4308 = ORIENTED_EDGE('',*,*,#4269,.F.);
#4309 = ORIENTED_EDGE('',*,*,#963,.F.);
#4310 = SURFACE_OF_LINEAR_EXTRUSION('',#4311,#4315);
#4311 = B_SPLINE_CURVE_WITH_KNOTS('',2,(#4312,#4313,#4314),
  .UNSPECIFIED.,.F.,.F.,(3,3),(0.,1.),.PIECEWISE_BEZIER_KNOTS.);
#4312 = CARTESIAN_POINT('',(19.413851451351,12.645833333333,3.));
#4313 = CARTESIAN_POINT('',(19.574042892793,12.173704954955,3.));
#4314 = CARTESIAN_POINT('',(19.738175775676,11.73170045045,3.));
#4315 = VECTOR('',#4316,1.);
#4316 = DIRECTION('',(0.,0.,1.));
#4317 = ADVANCED_FACE('',(#4318),#4336,.T.);
#4318 = FACE_BOUND('',#4319,.T.);
#4319 = EDGE_LOOP('',(#4320,#4328,#4334,#4335));
#4320 = ORIENTED_EDGE('',*,*,#4321,.T.);
#4321 = EDGE_CURVE('',#948,#4322,#4324,.T.);
#4322 = VERTEX_POINT('',#4323);
#4323 = CARTESIAN_POINT('',(19.111205054955,13.598817567568,2.));
#4324 = LINE('',#4325,#4326);
#4325 = CARTESIAN_POINT('',(19.111205054955,13.598817567568,3.));
#4326 = VECTOR('',#4327,1.);
#4327 = DIRECTION('',(-0.,-0.,-1.));
#4328 = ORIENTED_EDGE('',*,*,#4329,.T.);
#4329 = EDGE_CURVE('',#4322,#4296,#4330,.T.);
#4330 = B_SPLINE_CURVE_WITH_KNOTS('',2,(#4331,#4332,#4333),
  .UNSPECIFIED.,.F.,.F.,(3,3),(0.,1.),.PIECEWISE_BEZIER_KNOTS.);
#4331 = CARTESIAN_POINT('',(19.111205054955,13.598817567568,2.));
#4332 = CARTESIAN_POINT('',(19.253941541441,13.117961711712,2.));
#4333 = CARTESIAN_POINT('',(19.413851451351,12.645833333333,2.));
#4334 = ORIENTED_EDGE('',*,*,#4295,.F.);
#4335 = ORIENTED_EDGE('',*,*,#955,.F.);
#4336 = SURFACE_OF_LINEAR_EXTRUSION('',#4337,#4341);
#4337 = B_SPLINE_CURVE_WITH_KNOTS('',2,(#4338,#4339,#4340),
  .UNSPECIFIED.,.F.,.F.,(3,3),(0.,1.),.PIECEWISE_BEZIER_KNOTS.);
#4338 = CARTESIAN_POINT('',(19.111205054955,13.598817567568,3.));
#4339 = CARTESIAN_POINT('',(19.253941541441,13.117961711712,3.));
#4340 = CARTESIAN_POINT('',(19.413851451351,12.645833333333,3.));
#4341 = VECTOR('',#4342,1.);
#4342 = DIRECTION('',(0.,0.,1.));
#4343 = ADVANCED_FACE('',(#4344),#4362,.T.);
#4344 = FACE_BOUND('',#4345,.T.);
#4345 = EDGE_LOOP('',(#4346,#4354,#4360,#4361));
#4346 = ORIENTED_EDGE('',*,*,#4347,.T.);
#4347 = EDGE_CURVE('',#940,#4348,#4350,.T.);
#4348 = VERTEX_POINT('',#4349);
#4349 = CARTESIAN_POINT('',(18.864864964865,14.504504504505,2.));
#4350 = LINE('',#4351,#4352);
#4351 = CARTESIAN_POINT('',(18.864864964865,14.504504504505,3.));
#4352 = VECTOR('',#4353,1.);
#4353 = DIRECTION('',(-0.,-0.,-1.));
#4354 = ORIENTED_EDGE('',*,*,#4355,.T.);
#4355 = EDGE_CURVE('',#4348,#4322,#4356,.T.);
#4356 = B_SPLINE_CURVE_WITH_KNOTS('',2,(#4357,#4358,#4359),
  .UNSPECIFIED.,.F.,.F.,(3,3),(0.,1.),.PIECEWISE_BEZIER_KNOTS.);
#4357 = CARTESIAN_POINT('',(18.864864964865,14.504504504505,2.));
#4358 = CARTESIAN_POINT('',(18.9687501,14.079954954955,2.));
#4359 = CARTESIAN_POINT('',(19.111205054955,13.598817567568,2.));
#4360 = ORIENTED_EDGE('',*,*,#4321,.F.);
#4361 = ORIENTED_EDGE('',*,*,#947,.F.);
#4362 = SURFACE_OF_LINEAR_EXTRUSION('',#4363,#4367);
#4363 = B_SPLINE_CURVE_WITH_KNOTS('',2,(#4364,#4365,#4366),
  .UNSPECIFIED.,.F.,.F.,(3,3),(0.,1.),.PIECEWISE_BEZIER_KNOTS.);
#4364 = CARTESIAN_POINT('',(18.864864964865,14.504504504505,3.));
#4365 = CARTESIAN_POINT('',(18.9687501,14.079954954955,3.));
#4366 = CARTESIAN_POINT('',(19.111205054955,13.598817567568,3.));
#4367 = VECTOR('',#4368,1.);
#4368 = DIRECTION('',(0.,0.,1.));
#4369 = ADVANCED_FACE('',(#4370),#4388,.T.);
#4370 = FACE_BOUND('',#4371,.T.);
#4371 = EDGE_LOOP('',(#4372,#4380,#4386,#4387));
#4372 = ORIENTED_EDGE('',*,*,#4373,.T.);
#4373 = EDGE_CURVE('',#932,#4374,#4376,.T.);
#4374 = VERTEX_POINT('',#4375);
#4375 = CARTESIAN_POINT('',(18.0000001,14.504504504505,2.));
#4376 = LINE('',#4377,#4378);
#4377 = CARTESIAN_POINT('',(18.0000001,14.504504504505,3.));
#4378 = VECTOR('',#4379,1.);
#4379 = DIRECTION('',(-0.,-0.,-1.));
#4380 = ORIENTED_EDGE('',*,*,#4381,.T.);
#4381 = EDGE_CURVE('',#4374,#4348,#4382,.T.);
#4382 = LINE('',#4383,#4384);
#4383 = CARTESIAN_POINT('',(18.0000001,14.504504504505,2.));
#4384 = VECTOR('',#4385,1.);
#4385 = DIRECTION('',(1.,0.,0.));
#4386 = ORIENTED_EDGE('',*,*,#4347,.F.);
#4387 = ORIENTED_EDGE('',*,*,#939,.F.);
#4388 = PLANE('',#4389);
#4389 = AXIS2_PLACEMENT_3D('',#4390,#4391,#4392);
#4390 = CARTESIAN_POINT('',(18.0000001,14.504504504505,3.));
#4391 = DIRECTION('',(0.,-1.,0.));
#4392 = DIRECTION('',(1.,0.,0.));
#4393 = ADVANCED_FACE('',(#4394),#4412,.T.);
#4394 = FACE_BOUND('',#4395,.T.);
#4395 = EDGE_LOOP('',(#4396,#4404,#4410,#4411));
#4396 = ORIENTED_EDGE('',*,*,#4397,.T.);
#4397 = EDGE_CURVE('',#924,#4398,#4400,.T.);
#4398 = VERTEX_POINT('',#4399);
#4399 = CARTESIAN_POINT('',(18.791103703604,12.07911036036,2.));
#4400 = LINE('',#4401,#4402);
#4401 = CARTESIAN_POINT('',(18.791103703604,12.07911036036,3.));
#4402 = VECTOR('',#4403,1.);
#4403 = DIRECTION('',(-0.,-0.,-1.));
#4404 = ORIENTED_EDGE('',*,*,#4405,.T.);
#4405 = EDGE_CURVE('',#4398,#4374,#4406,.T.);
#4406 = B_SPLINE_CURVE_WITH_KNOTS('',2,(#4407,#4408,#4409),
  .UNSPECIFIED.,.F.,.F.,(3,3),(0.,1.),.PIECEWISE_BEZIER_KNOTS.);
#4407 = CARTESIAN_POINT('',(18.791103703604,12.07911036036,2.));
#4408 = CARTESIAN_POINT('',(18.337274874775,13.239864864865,2.));
#4409 = CARTESIAN_POINT('',(18.0000001,14.504504504505,2.));
#4410 = ORIENTED_EDGE('',*,*,#4373,.F.);
#4411 = ORIENTED_EDGE('',*,*,#931,.F.);
#4412 = SURFACE_OF_LINEAR_EXTRUSION('',#4413,#4417);
#4413 = B_SPLINE_CURVE_WITH_KNOTS('',2,(#4414,#4415,#4416),
  .UNSPECIFIED.,.F.,.F.,(3,3),(0.,1.),.PIECEWISE_BEZIER_KNOTS.);
#4414 = CARTESIAN_POINT('',(18.791103703604,12.07911036036,3.));
#4415 = CARTESIAN_POINT('',(18.337274874775,13.239864864865,3.));
#4416 = CARTESIAN_POINT('',(18.0000001,14.504504504505,3.));
#4417 = VECTOR('',#4418,1.);
#4418 = DIRECTION('',(0.,0.,1.));
#4419 = ADVANCED_FACE('',(#4420),#4438,.T.);
#4420 = FACE_BOUND('',#4421,.T.);
#4421 = EDGE_LOOP('',(#4422,#4430,#4436,#4437));
#4422 = ORIENTED_EDGE('',*,*,#4423,.T.);
#4423 = EDGE_CURVE('',#916,#4424,#4426,.T.);
#4424 = VERTEX_POINT('',#4425);
#4425 = CARTESIAN_POINT('',(19.668919018919,10.,2.));
#4426 = LINE('',#4427,#4428);
#4427 = CARTESIAN_POINT('',(19.668919018919,10.,3.));
#4428 = VECTOR('',#4429,1.);
#4429 = DIRECTION('',(-0.,-0.,-1.));
#4430 = ORIENTED_EDGE('',*,*,#4431,.T.);
#4431 = EDGE_CURVE('',#4424,#4398,#4432,.T.);
#4432 = B_SPLINE_CURVE_WITH_KNOTS('',2,(#4433,#4434,#4435),
  .UNSPECIFIED.,.F.,.F.,(3,3),(0.,1.),.PIECEWISE_BEZIER_KNOTS.);
#4433 = CARTESIAN_POINT('',(19.668919018919,10.,2.));
#4434 = CARTESIAN_POINT('',(19.245214063964,10.918355855856,2.));
#4435 = CARTESIAN_POINT('',(18.791103703604,12.07911036036,2.));
#4436 = ORIENTED_EDGE('',*,*,#4397,.F.);
#4437 = ORIENTED_EDGE('',*,*,#923,.F.);
#4438 = SURFACE_OF_LINEAR_EXTRUSION('',#4439,#4443);
#4439 = B_SPLINE_CURVE_WITH_KNOTS('',2,(#4440,#4441,#4442),
  .UNSPECIFIED.,.F.,.F.,(3,3),(0.,1.),.PIECEWISE_BEZIER_KNOTS.);
#4440 = CARTESIAN_POINT('',(19.668919018919,10.,3.));
#4441 = CARTESIAN_POINT('',(19.245214063964,10.918355855856,3.));
#4442 = CARTESIAN_POINT('',(18.791103703604,12.07911036036,3.));
#4443 = VECTOR('',#4444,1.);
#4444 = DIRECTION('',(0.,0.,1.));
#4445 = ADVANCED_FACE('',(#4446),#4464,.T.);
#4446 = FACE_BOUND('',#4447,.T.);
#4447 = EDGE_LOOP('',(#4448,#4456,#4462,#4463));
#4448 = ORIENTED_EDGE('',*,*,#4449,.T.);
#4449 = EDGE_CURVE('',#908,#4450,#4452,.T.);
#4450 = VERTEX_POINT('',#4451);
#4451 = CARTESIAN_POINT('',(20.395551901802,10.,2.));
#4452 = LINE('',#4453,#4454);
#4453 = CARTESIAN_POINT('',(20.395551901802,10.,3.));
#4454 = VECTOR('',#4455,1.);
#4455 = DIRECTION('',(-0.,-0.,-1.));
#4456 = ORIENTED_EDGE('',*,*,#4457,.T.);
#4457 = EDGE_CURVE('',#4450,#4424,#4458,.T.);
#4458 = LINE('',#4459,#4460);
#4459 = CARTESIAN_POINT('',(20.395551901802,10.,2.));
#4460 = VECTOR('',#4461,1.);
#4461 = DIRECTION('',(-1.,0.,0.));
#4462 = ORIENTED_EDGE('',*,*,#4423,.F.);
#4463 = ORIENTED_EDGE('',*,*,#915,.F.);
#4464 = PLANE('',#4465);
#4465 = AXIS2_PLACEMENT_3D('',#4466,#4467,#4468);
#4466 = CARTESIAN_POINT('',(20.395551901802,10.,3.));
#4467 = DIRECTION('',(0.,1.,0.));
#4468 = DIRECTION('',(-1.,0.,0.));
#4469 = ADVANCED_FACE('',(#4470),#4488,.T.);
#4470 = FACE_BOUND('',#4471,.T.);
#4471 = EDGE_LOOP('',(#4472,#4480,#4486,#4487));
#4472 = ORIENTED_EDGE('',*,*,#4473,.T.);
#4473 = EDGE_CURVE('',#900,#4474,#4476,.T.);
#4474 = VERTEX_POINT('',#4475);
#4475 = CARTESIAN_POINT('',(21.273367217117,12.07911036036,2.));
#4476 = LINE('',#4477,#4478);
#4477 = CARTESIAN_POINT('',(21.273367217117,12.07911036036,3.));
#4478 = VECTOR('',#4479,1.);
#4479 = DIRECTION('',(-0.,-0.,-1.));
#4480 = ORIENTED_EDGE('',*,*,#4481,.T.);
#4481 = EDGE_CURVE('',#4474,#4450,#4482,.T.);
#4482 = B_SPLINE_CURVE_WITH_KNOTS('',2,(#4483,#4484,#4485),
  .UNSPECIFIED.,.F.,.F.,(3,3),(0.,1.),.PIECEWISE_BEZIER_KNOTS.);
#4483 = CARTESIAN_POINT('',(21.273367217117,12.07911036036,2.));
#4484 = CARTESIAN_POINT('',(20.819256856757,10.918355855856,2.));
#4485 = CARTESIAN_POINT('',(20.395551901802,10.,2.));
#4486 = ORIENTED_EDGE('',*,*,#4449,.F.);
#4487 = ORIENTED_EDGE('',*,*,#907,.F.);
#4488 = SURFACE_OF_LINEAR_EXTRUSION('',#4489,#4493);
#4489 = B_SPLINE_CURVE_WITH_KNOTS('',2,(#4490,#4491,#4492),
  .UNSPECIFIED.,.F.,.F.,(3,3),(0.,1.),.PIECEWISE_BEZIER_KNOTS.);
#4490 = CARTESIAN_POINT('',(21.273367217117,12.07911036036,3.));
#4491 = CARTESIAN_POINT('',(20.819256856757,10.918355855856,3.));
#4492 = CARTESIAN_POINT('',(20.395551901802,10.,3.));
#4493 = VECTOR('',#4494,1.);
#4494 = DIRECTION('',(0.,0.,1.));
#4495 = ADVANCED_FACE('',(#4496),#4507,.T.);
#4496 = FACE_BOUND('',#4497,.T.);
#4497 = EDGE_LOOP('',(#4498,#4499,#4505,#4506));
#4498 = ORIENTED_EDGE('',*,*,#4150,.T.);
#4499 = ORIENTED_EDGE('',*,*,#4500,.T.);
#4500 = EDGE_CURVE('',#4143,#4474,#4501,.T.);
#4501 = B_SPLINE_CURVE_WITH_KNOTS('',2,(#4502,#4503,#4504),
  .UNSPECIFIED.,.F.,.F.,(3,3),(0.,1.),.PIECEWISE_BEZIER_KNOTS.);
#4502 = CARTESIAN_POINT('',(22.064752352252,14.504504504505,2.));
#4503 = CARTESIAN_POINT('',(21.727477577477,13.239864864865,2.));
#4504 = CARTESIAN_POINT('',(21.273367217117,12.07911036036,2.));
#4505 = ORIENTED_EDGE('',*,*,#4473,.F.);
#4506 = ORIENTED_EDGE('',*,*,#899,.F.);
#4507 = SURFACE_OF_LINEAR_EXTRUSION('',#4508,#4512);
#4508 = B_SPLINE_CURVE_WITH_KNOTS('',2,(#4509,#4510,#4511),
  .UNSPECIFIED.,.F.,.F.,(3,3),(0.,1.),.PIECEWISE_BEZIER_KNOTS.);
#4509 = CARTESIAN_POINT('',(22.064752352252,14.504504504505,3.));
#4510 = CARTESIAN_POINT('',(21.727477577477,13.239864864865,3.));
#4511 = CARTESIAN_POINT('',(21.273367217117,12.07911036036,3.));
#4512 = VECTOR('',#4513,1.);
#4513 = DIRECTION('',(0.,0.,1.));
#4514 = ADVANCED_FACE('',(#4515),#4540,.T.);
#4515 = FACE_BOUND('',#4516,.T.);
#4516 = EDGE_LOOP('',(#4517,#4525,#4533,#4539));
#4517 = ORIENTED_EDGE('',*,*,#4518,.T.);
#4518 = EDGE_CURVE('',#1012,#4519,#4521,.T.);
#4519 = VERTEX_POINT('',#4520);
#4520 = CARTESIAN_POINT('',(30.574324424324,10.872747747748,2.));
#4521 = LINE('',#4522,#4523);
#4522 = CARTESIAN_POINT('',(30.574324424324,10.872747747748,3.));
#4523 = VECTOR('',#4524,1.);
#4524 = DIRECTION('',(-0.,-0.,-1.));
#4525 = ORIENTED_EDGE('',*,*,#4526,.T.);
#4526 = EDGE_CURVE('',#4519,#4527,#4529,.T.);
#4527 = VERTEX_POINT('',#4528);
#4528 = CARTESIAN_POINT('',(30.730011361261,10.468468468468,2.));
#4529 = B_SPLINE_CURVE_WITH_KNOTS('',2,(#4530,#4531,#4532),
  .UNSPECIFIED.,.F.,.F.,(3,3),(0.,1.),.PIECEWISE_BEZIER_KNOTS.);
#4530 = CARTESIAN_POINT('',(30.574324424324,10.872747747748,2.));
#4531 = CARTESIAN_POINT('',(30.730011361261,10.700731981982,2.));
#4532 = CARTESIAN_POINT('',(30.730011361261,10.468468468468,2.));
#4533 = ORIENTED_EDGE('',*,*,#4534,.F.);
#4534 = EDGE_CURVE('',#1014,#4527,#4535,.T.);
#4535 = LINE('',#4536,#4537);
#4536 = CARTESIAN_POINT('',(30.730011361261,10.468468468468,3.));
#4537 = VECTOR('',#4538,1.);
#4538 = DIRECTION('',(-0.,-0.,-1.));
#4539 = ORIENTED_EDGE('',*,*,#1011,.F.);
#4540 = SURFACE_OF_LINEAR_EXTRUSION('',#4541,#4545);
#4541 = B_SPLINE_CURVE_WITH_KNOTS('',2,(#4542,#4543,#4544),
  .UNSPECIFIED.,.F.,.F.,(3,3),(0.,1.),.PIECEWISE_BEZIER_KNOTS.);
#4542 = CARTESIAN_POINT('',(30.574324424324,10.872747747748,3.));
#4543 = CARTESIAN_POINT('',(30.730011361261,10.700731981982,3.));
#4544 = CARTESIAN_POINT('',(30.730011361261,10.468468468468,3.));
#4545 = VECTOR('',#4546,1.);
#4546 = DIRECTION('',(0.,0.,1.));
#4547 = ADVANCED_FACE('',(#4548),#4566,.T.);
#4548 = FACE_BOUND('',#4549,.T.);
#4549 = EDGE_LOOP('',(#4550,#4558,#4564,#4565));
#4550 = ORIENTED_EDGE('',*,*,#4551,.T.);
#4551 = EDGE_CURVE('',#1062,#4552,#4554,.T.);
#4552 = VERTEX_POINT('',#4553);
#4553 = CARTESIAN_POINT('',(30.150337937838,11.045045045045,2.));
#4554 = LINE('',#4555,#4556);
#4555 = CARTESIAN_POINT('',(30.150337937838,11.045045045045,3.));
#4556 = VECTOR('',#4557,1.);
#4557 = DIRECTION('',(-0.,-0.,-1.));
#4558 = ORIENTED_EDGE('',*,*,#4559,.T.);
#4559 = EDGE_CURVE('',#4552,#4519,#4560,.T.);
#4560 = B_SPLINE_CURVE_WITH_KNOTS('',2,(#4561,#4562,#4563),
  .UNSPECIFIED.,.F.,.F.,(3,3),(0.,1.),.PIECEWISE_BEZIER_KNOTS.);
#4561 = CARTESIAN_POINT('',(30.150337937838,11.045045045045,2.));
#4562 = CARTESIAN_POINT('',(30.418637487387,11.045045045045,2.));
#4563 = CARTESIAN_POINT('',(30.574324424324,10.872747747748,2.));
#4564 = ORIENTED_EDGE('',*,*,#4518,.F.);
#4565 = ORIENTED_EDGE('',*,*,#1069,.F.);
#4566 = SURFACE_OF_LINEAR_EXTRUSION('',#4567,#4571);
#4567 = B_SPLINE_CURVE_WITH_KNOTS('',2,(#4568,#4569,#4570),
  .UNSPECIFIED.,.F.,.F.,(3,3),(0.,1.),.PIECEWISE_BEZIER_KNOTS.);
#4568 = CARTESIAN_POINT('',(30.150337937838,11.045045045045,3.));
#4569 = CARTESIAN_POINT('',(30.418637487387,11.045045045045,3.));
#4570 = CARTESIAN_POINT('',(30.574324424324,10.872747747748,3.));
#4571 = VECTOR('',#4572,1.);
#4572 = DIRECTION('',(0.,0.,1.));
#4573 = ADVANCED_FACE('',(#4574),#4592,.T.);
#4574 = FACE_BOUND('',#4575,.T.);
#4575 = EDGE_LOOP('',(#4576,#4584,#4590,#4591));
#4576 = ORIENTED_EDGE('',*,*,#4577,.T.);
#4577 = EDGE_CURVE('',#1054,#4578,#4580,.T.);
#4578 = VERTEX_POINT('',#4579);
#4579 = CARTESIAN_POINT('',(29.726632982883,10.872747747748,2.));
#4580 = LINE('',#4581,#4582);
#4581 = CARTESIAN_POINT('',(29.726632982883,10.872747747748,3.));
#4582 = VECTOR('',#4583,1.);
#4583 = DIRECTION('',(-0.,-0.,-1.));
#4584 = ORIENTED_EDGE('',*,*,#4585,.T.);
#4585 = EDGE_CURVE('',#4578,#4552,#4586,.T.);
#4586 = B_SPLINE_CURVE_WITH_KNOTS('',2,(#4587,#4588,#4589),
  .UNSPECIFIED.,.F.,.F.,(3,3),(0.,1.),.PIECEWISE_BEZIER_KNOTS.);
#4587 = CARTESIAN_POINT('',(29.726632982883,10.872747747748,2.));
#4588 = CARTESIAN_POINT('',(29.88231991982,11.045045045045,2.));
#4589 = CARTESIAN_POINT('',(30.150337937838,11.045045045045,2.));
#4590 = ORIENTED_EDGE('',*,*,#4551,.F.);
#4591 = ORIENTED_EDGE('',*,*,#1061,.F.);
#4592 = SURFACE_OF_LINEAR_EXTRUSION('',#4593,#4597);
#4593 = B_SPLINE_CURVE_WITH_KNOTS('',2,(#4594,#4595,#4596),
  .UNSPECIFIED.,.F.,.F.,(3,3),(0.,1.),.PIECEWISE_BEZIER_KNOTS.);
#4594 = CARTESIAN_POINT('',(29.726632982883,10.872747747748,3.));
#4595 = CARTESIAN_POINT('',(29.88231991982,11.045045045045,3.));
#4596 = CARTESIAN_POINT('',(30.150337937838,11.045045045045,3.));
#4597 = VECTOR('',#4598,1.);
#4598 = DIRECTION('',(0.,0.,1.));
#4599 = ADVANCED_FACE('',(#4600),#4618,.T.);
#4600 = FACE_BOUND('',#4601,.T.);
#4601 = EDGE_LOOP('',(#4602,#4610,#4616,#4617));
#4602 = ORIENTED_EDGE('',*,*,#4603,.T.);
#4603 = EDGE_CURVE('',#1046,#4604,#4606,.T.);
#4604 = VERTEX_POINT('',#4605);
#4605 = CARTESIAN_POINT('',(29.570946045946,10.468468468468,2.));
#4606 = LINE('',#4607,#4608);
#4607 = CARTESIAN_POINT('',(29.570946045946,10.468468468468,3.));
#4608 = VECTOR('',#4609,1.);
#4609 = DIRECTION('',(-0.,-0.,-1.));
#4610 = ORIENTED_EDGE('',*,*,#4611,.T.);
#4611 = EDGE_CURVE('',#4604,#4578,#4612,.T.);
#4612 = B_SPLINE_CURVE_WITH_KNOTS('',2,(#4613,#4614,#4615),
  .UNSPECIFIED.,.F.,.F.,(3,3),(0.,1.),.PIECEWISE_BEZIER_KNOTS.);
#4613 = CARTESIAN_POINT('',(29.570946045946,10.468468468468,2.));
#4614 = CARTESIAN_POINT('',(29.570946045946,10.700731981982,2.));
#4615 = CARTESIAN_POINT('',(29.726632982883,10.872747747748,2.));
#4616 = ORIENTED_EDGE('',*,*,#4577,.F.);
#4617 = ORIENTED_EDGE('',*,*,#1053,.F.);
#4618 = SURFACE_OF_LINEAR_EXTRUSION('',#4619,#4623);
#4619 = B_SPLINE_CURVE_WITH_KNOTS('',2,(#4620,#4621,#4622),
  .UNSPECIFIED.,.F.,.F.,(3,3),(0.,1.),.PIECEWISE_BEZIER_KNOTS.);
#4620 = CARTESIAN_POINT('',(29.570946045946,10.468468468468,3.));
#4621 = CARTESIAN_POINT('',(29.570946045946,10.700731981982,3.));
#4622 = CARTESIAN_POINT('',(29.726632982883,10.872747747748,3.));
#4623 = VECTOR('',#4624,1.);
#4624 = DIRECTION('',(0.,0.,1.));
#4625 = ADVANCED_FACE('',(#4626),#4644,.T.);
#4626 = FACE_BOUND('',#4627,.T.);
#4627 = EDGE_LOOP('',(#4628,#4636,#4642,#4643));
#4628 = ORIENTED_EDGE('',*,*,#4629,.T.);
#4629 = EDGE_CURVE('',#1038,#4630,#4632,.T.);
#4630 = VERTEX_POINT('',#4631);
#4631 = CARTESIAN_POINT('',(29.726632982883,10.063907657658,2.));
#4632 = LINE('',#4633,#4634);
#4633 = CARTESIAN_POINT('',(29.726632982883,10.063907657658,3.));
#4634 = VECTOR('',#4635,1.);
#4635 = DIRECTION('',(-0.,-0.,-1.));
#4636 = ORIENTED_EDGE('',*,*,#4637,.T.);
#4637 = EDGE_CURVE('',#4630,#4604,#4638,.T.);
#4638 = B_SPLINE_CURVE_WITH_KNOTS('',2,(#4639,#4640,#4641),
  .UNSPECIFIED.,.F.,.F.,(3,3),(0.,1.),.PIECEWISE_BEZIER_KNOTS.);
#4639 = CARTESIAN_POINT('',(29.726632982883,10.063907657658,2.));
#4640 = CARTESIAN_POINT('',(29.570946045946,10.236204954955,2.));
#4641 = CARTESIAN_POINT('',(29.570946045946,10.468468468468,2.));
#4642 = ORIENTED_EDGE('',*,*,#4603,.F.);
#4643 = ORIENTED_EDGE('',*,*,#1045,.F.);
#4644 = SURFACE_OF_LINEAR_EXTRUSION('',#4645,#4649);
#4645 = B_SPLINE_CURVE_WITH_KNOTS('',2,(#4646,#4647,#4648),
  .UNSPECIFIED.,.F.,.F.,(3,3),(0.,1.),.PIECEWISE_BEZIER_KNOTS.);
#4646 = CARTESIAN_POINT('',(29.726632982883,10.063907657658,3.));
#4647 = CARTESIAN_POINT('',(29.570946045946,10.236204954955,3.));
#4648 = CARTESIAN_POINT('',(29.570946045946,10.468468468468,3.));
#4649 = VECTOR('',#4650,1.);
#4650 = DIRECTION('',(0.,0.,1.));
#4651 = ADVANCED_FACE('',(#4652),#4670,.T.);
#4652 = FACE_BOUND('',#4653,.T.);
#4653 = EDGE_LOOP('',(#4654,#4662,#4668,#4669));
#4654 = ORIENTED_EDGE('',*,*,#4655,.T.);
#4655 = EDGE_CURVE('',#1030,#4656,#4658,.T.);
#4656 = VERTEX_POINT('',#4657);
#4657 = CARTESIAN_POINT('',(30.150337937838,9.891891891892,2.));
#4658 = LINE('',#4659,#4660);
#4659 = CARTESIAN_POINT('',(30.150337937838,9.891891891892,3.));
#4660 = VECTOR('',#4661,1.);
#4661 = DIRECTION('',(-0.,-0.,-1.));
#4662 = ORIENTED_EDGE('',*,*,#4663,.T.);
#4663 = EDGE_CURVE('',#4656,#4630,#4664,.T.);
#4664 = B_SPLINE_CURVE_WITH_KNOTS('',2,(#4665,#4666,#4667),
  .UNSPECIFIED.,.F.,.F.,(3,3),(0.,1.),.PIECEWISE_BEZIER_KNOTS.);
#4665 = CARTESIAN_POINT('',(30.150337937838,9.891891891892,2.));
#4666 = CARTESIAN_POINT('',(29.88231991982,9.891891891892,2.));
#4667 = CARTESIAN_POINT('',(29.726632982883,10.063907657658,2.));
#4668 = ORIENTED_EDGE('',*,*,#4629,.F.);
#4669 = ORIENTED_EDGE('',*,*,#1037,.F.);
#4670 = SURFACE_OF_LINEAR_EXTRUSION('',#4671,#4675);
#4671 = B_SPLINE_CURVE_WITH_KNOTS('',2,(#4672,#4673,#4674),
  .UNSPECIFIED.,.F.,.F.,(3,3),(0.,1.),.PIECEWISE_BEZIER_KNOTS.);
#4672 = CARTESIAN_POINT('',(30.150337937838,9.891891891892,3.));
#4673 = CARTESIAN_POINT('',(29.88231991982,9.891891891892,3.));
#4674 = CARTESIAN_POINT('',(29.726632982883,10.063907657658,3.));
#4675 = VECTOR('',#4676,1.);
#4676 = DIRECTION('',(0.,0.,1.));
#4677 = ADVANCED_FACE('',(#4678),#4696,.T.);
#4678 = FACE_BOUND('',#4679,.T.);
#4679 = EDGE_LOOP('',(#4680,#4688,#4694,#4695));
#4680 = ORIENTED_EDGE('',*,*,#4681,.T.);
#4681 = EDGE_CURVE('',#1022,#4682,#4684,.T.);
#4682 = VERTEX_POINT('',#4683);
#4683 = CARTESIAN_POINT('',(30.574324424324,10.063907657658,2.));
#4684 = LINE('',#4685,#4686);
#4685 = CARTESIAN_POINT('',(30.574324424324,10.063907657658,3.));
#4686 = VECTOR('',#4687,1.);
#4687 = DIRECTION('',(-0.,-0.,-1.));
#4688 = ORIENTED_EDGE('',*,*,#4689,.T.);
#4689 = EDGE_CURVE('',#4682,#4656,#4690,.T.);
#4690 = B_SPLINE_CURVE_WITH_KNOTS('',2,(#4691,#4692,#4693),
  .UNSPECIFIED.,.F.,.F.,(3,3),(0.,1.),.PIECEWISE_BEZIER_KNOTS.);
#4691 = CARTESIAN_POINT('',(30.574324424324,10.063907657658,2.));
#4692 = CARTESIAN_POINT('',(30.418637487387,9.891891891892,2.));
#4693 = CARTESIAN_POINT('',(30.150337937838,9.891891891892,2.));
#4694 = ORIENTED_EDGE('',*,*,#4655,.F.);
#4695 = ORIENTED_EDGE('',*,*,#1029,.F.);
#4696 = SURFACE_OF_LINEAR_EXTRUSION('',#4697,#4701);
#4697 = B_SPLINE_CURVE_WITH_KNOTS('',2,(#4698,#4699,#4700),
  .UNSPECIFIED.,.F.,.F.,(3,3),(0.,1.),.PIECEWISE_BEZIER_KNOTS.);
#4698 = CARTESIAN_POINT('',(30.574324424324,10.063907657658,3.));
#4699 = CARTESIAN_POINT('',(30.418637487387,9.891891891892,3.));
#4700 = CARTESIAN_POINT('',(30.150337937838,9.891891891892,3.));
#4701 = VECTOR('',#4702,1.);
#4702 = DIRECTION('',(0.,0.,1.));
#4703 = ADVANCED_FACE('',(#4704),#4715,.T.);
#4704 = FACE_BOUND('',#4705,.T.);
#4705 = EDGE_LOOP('',(#4706,#4707,#4713,#4714));
#4706 = ORIENTED_EDGE('',*,*,#4534,.T.);
#4707 = ORIENTED_EDGE('',*,*,#4708,.T.);
#4708 = EDGE_CURVE('',#4527,#4682,#4709,.T.);
#4709 = B_SPLINE_CURVE_WITH_KNOTS('',2,(#4710,#4711,#4712),
  .UNSPECIFIED.,.F.,.F.,(3,3),(0.,1.),.PIECEWISE_BEZIER_KNOTS.);
#4710 = CARTESIAN_POINT('',(30.730011361261,10.468468468468,2.));
#4711 = CARTESIAN_POINT('',(30.730011361261,10.236204954955,2.));
#4712 = CARTESIAN_POINT('',(30.574324424324,10.063907657658,2.));
#4713 = ORIENTED_EDGE('',*,*,#4681,.F.);
#4714 = ORIENTED_EDGE('',*,*,#1021,.F.);
#4715 = SURFACE_OF_LINEAR_EXTRUSION('',#4716,#4720);
#4716 = B_SPLINE_CURVE_WITH_KNOTS('',2,(#4717,#4718,#4719),
  .UNSPECIFIED.,.F.,.F.,(3,3),(0.,1.),.PIECEWISE_BEZIER_KNOTS.);
#4717 = CARTESIAN_POINT('',(30.730011361261,10.468468468468,3.));
#4718 = CARTESIAN_POINT('',(30.730011361261,10.236204954955,3.));
#4719 = CARTESIAN_POINT('',(30.574324424324,10.063907657658,3.));
#4720 = VECTOR('',#4721,1.);
#4721 = DIRECTION('',(0.,0.,1.));
#4722 = ADVANCED_FACE('',(#4723),#4748,.T.);
#4723 = FACE_BOUND('',#4724,.T.);
#4724 = EDGE_LOOP('',(#4725,#4733,#4741,#4747));
#4725 = ORIENTED_EDGE('',*,*,#4726,.T.);
#4726 = EDGE_CURVE('',#1078,#4727,#4729,.T.);
#4727 = VERTEX_POINT('',#4728);
#4728 = CARTESIAN_POINT('',(27.771396496396,15.689752252252,2.));
#4729 = LINE('',#4730,#4731);
#4730 = CARTESIAN_POINT('',(27.771396496396,15.689752252252,3.));
#4731 = VECTOR('',#4732,1.);
#4732 = DIRECTION('',(-0.,-0.,-1.));
#4733 = ORIENTED_EDGE('',*,*,#4734,.T.);
#4734 = EDGE_CURVE('',#4727,#4735,#4737,.T.);
#4735 = VERTEX_POINT('',#4736);
#4736 = CARTESIAN_POINT('',(28.24268028018,14.458333333333,2.));
#4737 = B_SPLINE_CURVE_WITH_KNOTS('',2,(#4738,#4739,#4740),
  .UNSPECIFIED.,.F.,.F.,(3,3),(0.,1.),.PIECEWISE_BEZIER_KNOTS.);
#4738 = CARTESIAN_POINT('',(27.771396496396,15.689752252252,2.));
#4739 = CARTESIAN_POINT('',(28.24268028018,15.253378378378,2.));
#4740 = CARTESIAN_POINT('',(28.24268028018,14.458333333333,2.));
#4741 = ORIENTED_EDGE('',*,*,#4742,.F.);
#4742 = EDGE_CURVE('',#1080,#4735,#4743,.T.);
#4743 = LINE('',#4744,#4745);
#4744 = CARTESIAN_POINT('',(28.24268028018,14.458333333333,3.));
#4745 = VECTOR('',#4746,1.);
#4746 = DIRECTION('',(-0.,-0.,-1.));
#4747 = ORIENTED_EDGE('',*,*,#1077,.F.);
#4748 = SURFACE_OF_LINEAR_EXTRUSION('',#4749,#4753);
#4749 = B_SPLINE_CURVE_WITH_KNOTS('',2,(#4750,#4751,#4752),
  .UNSPECIFIED.,.F.,.F.,(3,3),(0.,1.),.PIECEWISE_BEZIER_KNOTS.);
#4750 = CARTESIAN_POINT('',(27.771396496396,15.689752252252,3.));
#4751 = CARTESIAN_POINT('',(28.24268028018,15.253378378378,3.));
#4752 = CARTESIAN_POINT('',(28.24268028018,14.458333333333,3.));
#4753 = VECTOR('',#4754,1.);
#4754 = DIRECTION('',(0.,0.,1.));
#4755 = ADVANCED_FACE('',(#4756),#4774,.T.);
#4756 = FACE_BOUND('',#4757,.T.);
#4757 = EDGE_LOOP('',(#4758,#4766,#4772,#4773));
#4758 = ORIENTED_EDGE('',*,*,#4759,.T.);
#4759 = EDGE_CURVE('',#1352,#4760,#4762,.T.);
#4760 = VERTEX_POINT('',#4761);
#4761 = CARTESIAN_POINT('',(26.357263613514,16.126126126126,2.));
#4762 = LINE('',#4763,#4764);
#4763 = CARTESIAN_POINT('',(26.357263613514,16.126126126126,3.));
#4764 = VECTOR('',#4765,1.);
#4765 = DIRECTION('',(-0.,-0.,-1.));
#4766 = ORIENTED_EDGE('',*,*,#4767,.T.);
#4767 = EDGE_CURVE('',#4760,#4727,#4768,.T.);
#4768 = B_SPLINE_CURVE_WITH_KNOTS('',2,(#4769,#4770,#4771),
  .UNSPECIFIED.,.F.,.F.,(3,3),(0.,1.),.PIECEWISE_BEZIER_KNOTS.);
#4769 = CARTESIAN_POINT('',(26.357263613514,16.126126126126,2.));
#4770 = CARTESIAN_POINT('',(27.300112712613,16.126126126126,2.));
#4771 = CARTESIAN_POINT('',(27.771396496396,15.689752252252,2.));
#4772 = ORIENTED_EDGE('',*,*,#4726,.F.);
#4773 = ORIENTED_EDGE('',*,*,#1359,.F.);
#4774 = SURFACE_OF_LINEAR_EXTRUSION('',#4775,#4779);
#4775 = B_SPLINE_CURVE_WITH_KNOTS('',2,(#4776,#4777,#4778),
  .UNSPECIFIED.,.F.,.F.,(3,3),(0.,1.),.PIECEWISE_BEZIER_KNOTS.);
#4776 = CARTESIAN_POINT('',(26.357263613514,16.126126126126,3.));
#4777 = CARTESIAN_POINT('',(27.300112712613,16.126126126126,3.));
#4778 = CARTESIAN_POINT('',(27.771396496396,15.689752252252,3.));
#4779 = VECTOR('',#4780,1.);
#4780 = DIRECTION('',(0.,0.,1.));
#4781 = ADVANCED_FACE('',(#4782),#4800,.T.);
#4782 = FACE_BOUND('',#4783,.T.);
#4783 = EDGE_LOOP('',(#4784,#4792,#4798,#4799));
#4784 = ORIENTED_EDGE('',*,*,#4785,.T.);
#4785 = EDGE_CURVE('',#1344,#4786,#4788,.T.);
#4786 = VERTEX_POINT('',#4787);
#4787 = CARTESIAN_POINT('',(25.77759019009,16.048141891892,2.));
#4788 = LINE('',#4789,#4790);
#4789 = CARTESIAN_POINT('',(25.77759019009,16.048141891892,3.));
#4790 = VECTOR('',#4791,1.);
#4791 = DIRECTION('',(-0.,-0.,-1.));
#4792 = ORIENTED_EDGE('',*,*,#4793,.T.);
#4793 = EDGE_CURVE('',#4786,#4760,#4794,.T.);
#4794 = B_SPLINE_CURVE_WITH_KNOTS('',2,(#4795,#4796,#4797),
  .UNSPECIFIED.,.F.,.F.,(3,3),(0.,1.),.PIECEWISE_BEZIER_KNOTS.);
#4795 = CARTESIAN_POINT('',(25.77759019009,16.048141891892,2.));
#4796 = CARTESIAN_POINT('',(26.04588973964,16.126126126126,2.));
#4797 = CARTESIAN_POINT('',(26.357263613514,16.126126126126,2.));
#4798 = ORIENTED_EDGE('',*,*,#4759,.F.);
#4799 = ORIENTED_EDGE('',*,*,#1351,.F.);
#4800 = SURFACE_OF_LINEAR_EXTRUSION('',#4801,#4805);
#4801 = B_SPLINE_CURVE_WITH_KNOTS('',2,(#4802,#4803,#4804),
  .UNSPECIFIED.,.F.,.F.,(3,3),(0.,1.),.PIECEWISE_BEZIER_KNOTS.);
#4802 = CARTESIAN_POINT('',(25.77759019009,16.048141891892,3.));
#4803 = CARTESIAN_POINT('',(26.04588973964,16.126126126126,3.));
#4804 = CARTESIAN_POINT('',(26.357263613514,16.126126126126,3.));
#4805 = VECTOR('',#4806,1.);
#4806 = DIRECTION('',(0.,0.,1.));
#4807 = ADVANCED_FACE('',(#4808),#4826,.T.);
#4808 = FACE_BOUND('',#4809,.T.);
#4809 = EDGE_LOOP('',(#4810,#4818,#4824,#4825));
#4810 = ORIENTED_EDGE('',*,*,#4811,.T.);
#4811 = EDGE_CURVE('',#1336,#4812,#4814,.T.);
#4812 = VERTEX_POINT('',#4813);
#4813 = CARTESIAN_POINT('',(25.293355955856,15.858108108108,2.));
#4814 = LINE('',#4815,#4816);
#4815 = CARTESIAN_POINT('',(25.293355955856,15.858108108108,3.));
#4816 = VECTOR('',#4817,1.);
#4817 = DIRECTION('',(-0.,-0.,-1.));
#4818 = ORIENTED_EDGE('',*,*,#4819,.T.);
#4819 = EDGE_CURVE('',#4812,#4786,#4820,.T.);
#4820 = B_SPLINE_CURVE_WITH_KNOTS('',2,(#4821,#4822,#4823),
  .UNSPECIFIED.,.F.,.F.,(3,3),(0.,1.),.PIECEWISE_BEZIER_KNOTS.);
#4821 = CARTESIAN_POINT('',(25.293355955856,15.858108108108,2.));
#4822 = CARTESIAN_POINT('',(25.509572172072,15.970439189189,2.));
#4823 = CARTESIAN_POINT('',(25.77759019009,16.048141891892,2.));
#4824 = ORIENTED_EDGE('',*,*,#4785,.F.);
#4825 = ORIENTED_EDGE('',*,*,#1343,.F.);
#4826 = SURFACE_OF_LINEAR_EXTRUSION('',#4827,#4831);
#4827 = B_SPLINE_CURVE_WITH_KNOTS('',2,(#4828,#4829,#4830),
  .UNSPECIFIED.,.F.,.F.,(3,3),(0.,1.),.PIECEWISE_BEZIER_KNOTS.);
#4828 = CARTESIAN_POINT('',(25.293355955856,15.858108108108,3.));
#4829 = CARTESIAN_POINT('',(25.509572172072,15.970439189189,3.));
#4830 = CARTESIAN_POINT('',(25.77759019009,16.048141891892,3.));
#4831 = VECTOR('',#4832,1.);
#4832 = DIRECTION('',(0.,0.,1.));
#4833 = ADVANCED_FACE('',(#4834),#4852,.T.);
#4834 = FACE_BOUND('',#4835,.T.);
#4835 = EDGE_LOOP('',(#4836,#4844,#4850,#4851));
#4836 = ORIENTED_EDGE('',*,*,#4837,.T.);
#4837 = EDGE_CURVE('',#1328,#4838,#4840,.T.);
#4838 = VERTEX_POINT('',#4839);
#4839 = CARTESIAN_POINT('',(24.921452802703,15.620213963964,2.));
#4840 = LINE('',#4841,#4842);
#4841 = CARTESIAN_POINT('',(24.921452802703,15.620213963964,3.));
#4842 = VECTOR('',#4843,1.);
#4843 = DIRECTION('',(-0.,-0.,-1.));
#4844 = ORIENTED_EDGE('',*,*,#4845,.T.);
#4845 = EDGE_CURVE('',#4838,#4812,#4846,.T.);
#4846 = B_SPLINE_CURVE_WITH_KNOTS('',2,(#4847,#4848,#4849),
  .UNSPECIFIED.,.F.,.F.,(3,3),(0.,1.),.PIECEWISE_BEZIER_KNOTS.);
#4847 = CARTESIAN_POINT('',(24.921452802703,15.620213963964,2.));
#4848 = CARTESIAN_POINT('',(25.07713973964,15.745777027027,2.));
#4849 = CARTESIAN_POINT('',(25.293355955856,15.858108108108,2.));
#4850 = ORIENTED_EDGE('',*,*,#4811,.F.);
#4851 = ORIENTED_EDGE('',*,*,#1335,.F.);
#4852 = SURFACE_OF_LINEAR_EXTRUSION('',#4853,#4857);
#4853 = B_SPLINE_CURVE_WITH_KNOTS('',2,(#4854,#4855,#4856),
  .UNSPECIFIED.,.F.,.F.,(3,3),(0.,1.),.PIECEWISE_BEZIER_KNOTS.);
#4854 = CARTESIAN_POINT('',(24.921452802703,15.620213963964,3.));
#4855 = CARTESIAN_POINT('',(25.07713973964,15.745777027027,3.));
#4856 = CARTESIAN_POINT('',(25.293355955856,15.858108108108,3.));
#4857 = VECTOR('',#4858,1.);
#4858 = DIRECTION('',(0.,0.,1.));
#4859 = ADVANCED_FACE('',(#4860),#4878,.T.);
#4860 = FACE_BOUND('',#4861,.T.);
#4861 = EDGE_LOOP('',(#4862,#4870,#4876,#4877));
#4862 = ORIENTED_EDGE('',*,*,#4863,.T.);
#4863 = EDGE_CURVE('',#1320,#4864,#4866,.T.);
#4864 = VERTEX_POINT('',#4865);
#4865 = CARTESIAN_POINT('',(24.688063163063,15.408502252252,2.));
#4866 = LINE('',#4867,#4868);
#4867 = CARTESIAN_POINT('',(24.688063163063,15.408502252252,3.));
#4868 = VECTOR('',#4869,1.);
#4869 = DIRECTION('',(-0.,-0.,-1.));
#4870 = ORIENTED_EDGE('',*,*,#4871,.T.);
#4871 = EDGE_CURVE('',#4864,#4838,#4872,.T.);
#4872 = B_SPLINE_CURVE_WITH_KNOTS('',2,(#4873,#4874,#4875),
  .UNSPECIFIED.,.F.,.F.,(3,3),(0.,1.),.PIECEWISE_BEZIER_KNOTS.);
#4873 = CARTESIAN_POINT('',(24.688063163063,15.408502252252,2.));
#4874 = CARTESIAN_POINT('',(24.765765865766,15.494932432432,2.));
#4875 = CARTESIAN_POINT('',(24.921452802703,15.620213963964,2.));
#4876 = ORIENTED_EDGE('',*,*,#4837,.F.);
#4877 = ORIENTED_EDGE('',*,*,#1327,.F.);
#4878 = SURFACE_OF_LINEAR_EXTRUSION('',#4879,#4883);
#4879 = B_SPLINE_CURVE_WITH_KNOTS('',2,(#4880,#4881,#4882),
  .UNSPECIFIED.,.F.,.F.,(3,3),(0.,1.),.PIECEWISE_BEZIER_KNOTS.);
#4880 = CARTESIAN_POINT('',(24.688063163063,15.408502252252,3.));
#4881 = CARTESIAN_POINT('',(24.765765865766,15.494932432432,3.));
#4882 = CARTESIAN_POINT('',(24.921452802703,15.620213963964,3.));
#4883 = VECTOR('',#4884,1.);
#4884 = DIRECTION('',(0.,0.,1.));
#4885 = ADVANCED_FACE('',(#4886),#4904,.T.);
#4886 = FACE_BOUND('',#4887,.T.);
#4887 = EDGE_LOOP('',(#4888,#4896,#4902,#4903));
#4888 = ORIENTED_EDGE('',*,*,#4889,.T.);
#4889 = EDGE_CURVE('',#1312,#4890,#4892,.T.);
#4890 = VERTEX_POINT('',#4891);
#4891 = CARTESIAN_POINT('',(25.085867217117,14.834459459459,2.));
#4892 = LINE('',#4893,#4894);
#4893 = CARTESIAN_POINT('',(25.085867217117,14.834459459459,3.));
#4894 = VECTOR('',#4895,1.);
#4895 = DIRECTION('',(-0.,-0.,-1.));
#4896 = ORIENTED_EDGE('',*,*,#4897,.T.);
#4897 = EDGE_CURVE('',#4890,#4864,#4898,.T.);
#4898 = LINE('',#4899,#4900);
#4899 = CARTESIAN_POINT('',(25.085867217117,14.834459459459,2.));
#4900 = VECTOR('',#4901,1.);
#4901 = DIRECTION('',(-0.569587225082,0.821930893095,0.));
#4902 = ORIENTED_EDGE('',*,*,#4863,.F.);
#4903 = ORIENTED_EDGE('',*,*,#1319,.F.);
#4904 = PLANE('',#4905);
#4905 = AXIS2_PLACEMENT_3D('',#4906,#4907,#4908);
#4906 = CARTESIAN_POINT('',(25.085867217117,14.834459459459,3.));
#4907 = DIRECTION('',(0.821930893095,0.569587225082,0.));
#4908 = DIRECTION('',(-0.569587225082,0.821930893095,0.));
#4909 = ADVANCED_FACE('',(#4910),#4928,.T.);
#4910 = FACE_BOUND('',#4911,.T.);
#4911 = EDGE_LOOP('',(#4912,#4920,#4926,#4927));
#4912 = ORIENTED_EDGE('',*,*,#4913,.T.);
#4913 = EDGE_CURVE('',#1304,#4914,#4916,.T.);
#4914 = VERTEX_POINT('',#4915);
#4915 = CARTESIAN_POINT('',(25.258727577477,14.985641891892,2.));
#4916 = LINE('',#4917,#4918);
#4917 = CARTESIAN_POINT('',(25.258727577477,14.985641891892,3.));
#4918 = VECTOR('',#4919,1.);
#4919 = DIRECTION('',(-0.,-0.,-1.));
#4920 = ORIENTED_EDGE('',*,*,#4921,.T.);
#4921 = EDGE_CURVE('',#4914,#4890,#4922,.T.);
#4922 = B_SPLINE_CURVE_WITH_KNOTS('',2,(#4923,#4924,#4925),
  .UNSPECIFIED.,.F.,.F.,(3,3),(0.,1.),.PIECEWISE_BEZIER_KNOTS.);
#4923 = CARTESIAN_POINT('',(25.258727577477,14.985641891892,2.));
#4924 = CARTESIAN_POINT('',(25.146396496396,14.886261261261,2.));
#4925 = CARTESIAN_POINT('',(25.085867217117,14.834459459459,2.));
#4926 = ORIENTED_EDGE('',*,*,#4889,.F.);
#4927 = ORIENTED_EDGE('',*,*,#1311,.F.);
#4928 = SURFACE_OF_LINEAR_EXTRUSION('',#4929,#4933);
#4929 = B_SPLINE_CURVE_WITH_KNOTS('',2,(#4930,#4931,#4932),
  .UNSPECIFIED.,.F.,.F.,(3,3),(0.,1.),.PIECEWISE_BEZIER_KNOTS.);
#4930 = CARTESIAN_POINT('',(25.258727577477,14.985641891892,3.));
#4931 = CARTESIAN_POINT('',(25.146396496396,14.886261261261,3.));
#4932 = CARTESIAN_POINT('',(25.085867217117,14.834459459459,3.));
#4933 = VECTOR('',#4934,1.);
#4934 = DIRECTION('',(0.,0.,1.));
#4935 = ADVANCED_FACE('',(#4936),#4954,.T.);
#4936 = FACE_BOUND('',#4937,.T.);
#4937 = EDGE_LOOP('',(#4938,#4946,#4952,#4953));
#4938 = ORIENTED_EDGE('',*,*,#4939,.T.);
#4939 = EDGE_CURVE('',#1296,#4940,#4942,.T.);
#4940 = VERTEX_POINT('',#4941);
#4941 = CARTESIAN_POINT('',(25.535473072973,15.175957207207,2.));
#4942 = LINE('',#4943,#4944);
#4943 = CARTESIAN_POINT('',(25.535473072973,15.175957207207,3.));
#4944 = VECTOR('',#4945,1.);
#4945 = DIRECTION('',(-0.,-0.,-1.));
#4946 = ORIENTED_EDGE('',*,*,#4947,.T.);
#4947 = EDGE_CURVE('',#4940,#4914,#4948,.T.);
#4948 = B_SPLINE_CURVE_WITH_KNOTS('',2,(#4949,#4950,#4951),
  .UNSPECIFIED.,.F.,.F.,(3,3),(0.,1.),.PIECEWISE_BEZIER_KNOTS.);
#4949 = CARTESIAN_POINT('',(25.535473072973,15.175957207207,2.));
#4950 = CARTESIAN_POINT('',(25.37134019009,15.085304054054,2.));
#4951 = CARTESIAN_POINT('',(25.258727577477,14.985641891892,2.));
#4952 = ORIENTED_EDGE('',*,*,#4913,.F.);
#4953 = ORIENTED_EDGE('',*,*,#1303,.F.);
#4954 = SURFACE_OF_LINEAR_EXTRUSION('',#4955,#4959);
#4955 = B_SPLINE_CURVE_WITH_KNOTS('',2,(#4956,#4957,#4958),
  .UNSPECIFIED.,.F.,.F.,(3,3),(0.,1.),.PIECEWISE_BEZIER_KNOTS.);
#4956 = CARTESIAN_POINT('',(25.535473072973,15.175957207207,3.));
#4957 = CARTESIAN_POINT('',(25.37134019009,15.085304054054,3.));
#4958 = CARTESIAN_POINT('',(25.258727577477,14.985641891892,3.));
#4959 = VECTOR('',#4960,1.);
#4960 = DIRECTION('',(0.,0.,1.));
#4961 = ADVANCED_FACE('',(#4962),#4980,.T.);
#4962 = FACE_BOUND('',#4963,.T.);
#4963 = EDGE_LOOP('',(#4964,#4972,#4978,#4979));
#4964 = ORIENTED_EDGE('',*,*,#4965,.T.);
#4965 = EDGE_CURVE('',#1288,#4966,#4968,.T.);
#4966 = VERTEX_POINT('',#4967);
#4967 = CARTESIAN_POINT('',(25.907376226126,15.336148648649,2.));
#4968 = LINE('',#4969,#4970);
#4969 = CARTESIAN_POINT('',(25.907376226126,15.336148648649,3.));
#4970 = VECTOR('',#4971,1.);
#4971 = DIRECTION('',(-0.,-0.,-1.));
#4972 = ORIENTED_EDGE('',*,*,#4973,.T.);
#4973 = EDGE_CURVE('',#4966,#4940,#4974,.T.);
#4974 = B_SPLINE_CURVE_WITH_KNOTS('',2,(#4975,#4976,#4977),
  .UNSPECIFIED.,.F.,.F.,(3,3),(0.,1.),.PIECEWISE_BEZIER_KNOTS.);
#4975 = CARTESIAN_POINT('',(25.907376226126,15.336148648649,2.));
#4976 = CARTESIAN_POINT('',(25.699887487387,15.266891891892,2.));
#4977 = CARTESIAN_POINT('',(25.535473072973,15.175957207207,2.));
#4978 = ORIENTED_EDGE('',*,*,#4939,.F.);
#4979 = ORIENTED_EDGE('',*,*,#1295,.F.);
#4980 = SURFACE_OF_LINEAR_EXTRUSION('',#4981,#4985);
#4981 = B_SPLINE_CURVE_WITH_KNOTS('',2,(#4982,#4983,#4984),
  .UNSPECIFIED.,.F.,.F.,(3,3),(0.,1.),.PIECEWISE_BEZIER_KNOTS.);
#4982 = CARTESIAN_POINT('',(25.907376226126,15.336148648649,3.));
#4983 = CARTESIAN_POINT('',(25.699887487387,15.266891891892,3.));
#4984 = CARTESIAN_POINT('',(25.535473072973,15.175957207207,3.));
#4985 = VECTOR('',#4986,1.);
#4986 = DIRECTION('',(0.,0.,1.));
#4987 = ADVANCED_FACE('',(#4988),#5006,.T.);
#4988 = FACE_BOUND('',#4989,.T.);
#4989 = EDGE_LOOP('',(#4990,#4998,#5004,#5005));
#4990 = ORIENTED_EDGE('',*,*,#4991,.T.);
#4991 = EDGE_CURVE('',#1280,#4992,#4994,.T.);
#4992 = VERTEX_POINT('',#4993);
#4993 = CARTESIAN_POINT('',(26.365991090991,15.405405405405,2.));
#4994 = LINE('',#4995,#4996);
#4995 = CARTESIAN_POINT('',(26.365991090991,15.405405405405,3.));
#4996 = VECTOR('',#4997,1.);
#4997 = DIRECTION('',(-0.,-0.,-1.));
#4998 = ORIENTED_EDGE('',*,*,#4999,.T.);
#4999 = EDGE_CURVE('',#4992,#4966,#5000,.T.);
#5000 = B_SPLINE_CURVE_WITH_KNOTS('',2,(#5001,#5002,#5003),
  .UNSPECIFIED.,.F.,.F.,(3,3),(0.,1.),.PIECEWISE_BEZIER_KNOTS.);
#5001 = CARTESIAN_POINT('',(26.365991090991,15.405405405405,2.));
#5002 = CARTESIAN_POINT('',(26.115146496396,15.405405405405,2.));
#5003 = CARTESIAN_POINT('',(25.907376226126,15.336148648649,2.));
#5004 = ORIENTED_EDGE('',*,*,#4965,.F.);
#5005 = ORIENTED_EDGE('',*,*,#1287,.F.);
#5006 = SURFACE_OF_LINEAR_EXTRUSION('',#5007,#5011);
#5007 = B_SPLINE_CURVE_WITH_KNOTS('',2,(#5008,#5009,#5010),
  .UNSPECIFIED.,.F.,.F.,(3,3),(0.,1.),.PIECEWISE_BEZIER_KNOTS.);
#5008 = CARTESIAN_POINT('',(26.365991090991,15.405405405405,3.));
#5009 = CARTESIAN_POINT('',(26.115146496396,15.405405405405,3.));
#5010 = CARTESIAN_POINT('',(25.907376226126,15.336148648649,3.));
#5011 = VECTOR('',#5012,1.);
#5012 = DIRECTION('',(0.,0.,1.));
#5013 = ADVANCED_FACE('',(#5014),#5032,.T.);
#5014 = FACE_BOUND('',#5015,.T.);
#5015 = EDGE_LOOP('',(#5016,#5024,#5030,#5031));
#5016 = ORIENTED_EDGE('',*,*,#5017,.T.);
#5017 = EDGE_CURVE('',#1272,#5018,#5020,.T.);
#5018 = VERTEX_POINT('',#5019);
#5019 = CARTESIAN_POINT('',(26.759290640541,15.349380630631,2.));
#5020 = LINE('',#5021,#5022);
#5021 = CARTESIAN_POINT('',(26.759290640541,15.349380630631,3.));
#5022 = VECTOR('',#5023,1.);
#5023 = DIRECTION('',(-0.,-0.,-1.));
#5024 = ORIENTED_EDGE('',*,*,#5025,.T.);
#5025 = EDGE_CURVE('',#5018,#4992,#5026,.T.);
#5026 = B_SPLINE_CURVE_WITH_KNOTS('',2,(#5027,#5028,#5029),
  .UNSPECIFIED.,.F.,.F.,(3,3),(0.,1.),.PIECEWISE_BEZIER_KNOTS.);
#5027 = CARTESIAN_POINT('',(26.759290640541,15.349380630631,2.));
#5028 = CARTESIAN_POINT('',(26.57347982973,15.405405405405,2.));
#5029 = CARTESIAN_POINT('',(26.365991090991,15.405405405405,2.));
#5030 = ORIENTED_EDGE('',*,*,#4991,.F.);
#5031 = ORIENTED_EDGE('',*,*,#1279,.F.);
#5032 = SURFACE_OF_LINEAR_EXTRUSION('',#5033,#5037);
#5033 = B_SPLINE_CURVE_WITH_KNOTS('',2,(#5034,#5035,#5036),
  .UNSPECIFIED.,.F.,.F.,(3,3),(0.,1.),.PIECEWISE_BEZIER_KNOTS.);
#5034 = CARTESIAN_POINT('',(26.759290640541,15.349380630631,3.));
#5035 = CARTESIAN_POINT('',(26.57347982973,15.405405405405,3.));
#5036 = CARTESIAN_POINT('',(26.365991090991,15.405405405405,3.));
#5037 = VECTOR('',#5038,1.);
#5038 = DIRECTION('',(0.,0.,1.));
#5039 = ADVANCED_FACE('',(#5040),#5058,.T.);
#5040 = FACE_BOUND('',#5041,.T.);
#5041 = EDGE_LOOP('',(#5042,#5050,#5056,#5057));
#5042 = ORIENTED_EDGE('',*,*,#5043,.T.);
#5043 = EDGE_CURVE('',#1264,#5044,#5046,.T.);
#5044 = VERTEX_POINT('',#5045);
#5045 = CARTESIAN_POINT('',(27.083614964865,15.172578828829,2.));
#5046 = LINE('',#5047,#5048);
#5047 = CARTESIAN_POINT('',(27.083614964865,15.172578828829,3.));
#5048 = VECTOR('',#5049,1.);
#5049 = DIRECTION('',(-0.,-0.,-1.));
#5050 = ORIENTED_EDGE('',*,*,#5051,.T.);
#5051 = EDGE_CURVE('',#5044,#5018,#5052,.T.);
#5052 = B_SPLINE_CURVE_WITH_KNOTS('',2,(#5053,#5054,#5055),
  .UNSPECIFIED.,.F.,.F.,(3,3),(0.,1.),.PIECEWISE_BEZIER_KNOTS.);
#5053 = CARTESIAN_POINT('',(27.083614964865,15.172578828829,2.));
#5054 = CARTESIAN_POINT('',(26.945382982883,15.293355855856,2.));
#5055 = CARTESIAN_POINT('',(26.759290640541,15.349380630631,2.));
#5056 = ORIENTED_EDGE('',*,*,#5017,.F.);
#5057 = ORIENTED_EDGE('',*,*,#1271,.F.);
#5058 = SURFACE_OF_LINEAR_EXTRUSION('',#5059,#5063);
#5059 = B_SPLINE_CURVE_WITH_KNOTS('',2,(#5060,#5061,#5062),
  .UNSPECIFIED.,.F.,.F.,(3,3),(0.,1.),.PIECEWISE_BEZIER_KNOTS.);
#5060 = CARTESIAN_POINT('',(27.083614964865,15.172578828829,3.));
#5061 = CARTESIAN_POINT('',(26.945382982883,15.293355855856,3.));
#5062 = CARTESIAN_POINT('',(26.759290640541,15.349380630631,3.));
#5063 = VECTOR('',#5064,1.);
#5064 = DIRECTION('',(0.,0.,1.));
#5065 = ADVANCED_FACE('',(#5066),#5084,.T.);
#5066 = FACE_BOUND('',#5067,.T.);
#5067 = EDGE_LOOP('',(#5068,#5076,#5082,#5083));
#5068 = ORIENTED_EDGE('',*,*,#5069,.T.);
#5069 = EDGE_CURVE('',#1256,#5070,#5072,.T.);
#5070 = VERTEX_POINT('',#5071);
#5071 = CARTESIAN_POINT('',(27.304335685586,14.870495495495,2.));
#5072 = LINE('',#5073,#5074);
#5073 = CARTESIAN_POINT('',(27.304335685586,14.870495495495,3.));
#5074 = VECTOR('',#5075,1.);
#5075 = DIRECTION('',(-0.,-0.,-1.));
#5076 = ORIENTED_EDGE('',*,*,#5077,.T.);
#5077 = EDGE_CURVE('',#5070,#5044,#5078,.T.);
#5078 = B_SPLINE_CURVE_WITH_KNOTS('',2,(#5079,#5080,#5081),
  .UNSPECIFIED.,.F.,.F.,(3,3),(0.,1.),.PIECEWISE_BEZIER_KNOTS.);
#5079 = CARTESIAN_POINT('',(27.304335685586,14.870495495495,2.));
#5080 = CARTESIAN_POINT('',(27.222128478378,15.051801801802,2.));
#5081 = CARTESIAN_POINT('',(27.083614964865,15.172578828829,2.));
#5082 = ORIENTED_EDGE('',*,*,#5043,.F.);
#5083 = ORIENTED_EDGE('',*,*,#1263,.F.);
#5084 = SURFACE_OF_LINEAR_EXTRUSION('',#5085,#5089);
#5085 = B_SPLINE_CURVE_WITH_KNOTS('',2,(#5086,#5087,#5088),
  .UNSPECIFIED.,.F.,.F.,(3,3),(0.,1.),.PIECEWISE_BEZIER_KNOTS.);
#5086 = CARTESIAN_POINT('',(27.304335685586,14.870495495495,3.));
#5087 = CARTESIAN_POINT('',(27.222128478378,15.051801801802,3.));
#5088 = CARTESIAN_POINT('',(27.083614964865,15.172578828829,3.));
#5089 = VECTOR('',#5090,1.);
#5090 = DIRECTION('',(0.,0.,1.));
#5091 = ADVANCED_FACE('',(#5092),#5110,.T.);
#5092 = FACE_BOUND('',#5093,.T.);
#5093 = EDGE_LOOP('',(#5094,#5102,#5108,#5109));
#5094 = ORIENTED_EDGE('',*,*,#5095,.T.);
#5095 = EDGE_CURVE('',#1248,#5096,#5098,.T.);
#5096 = VERTEX_POINT('',#5097);
#5097 = CARTESIAN_POINT('',(27.386542892793,14.430743243243,2.));
#5098 = LINE('',#5099,#5100);
#5099 = CARTESIAN_POINT('',(27.386542892793,14.430743243243,3.));
#5100 = VECTOR('',#5101,1.);
#5101 = DIRECTION('',(-0.,-0.,-1.));
#5102 = ORIENTED_EDGE('',*,*,#5103,.T.);
#5103 = EDGE_CURVE('',#5096,#5070,#5104,.T.);
#5104 = B_SPLINE_CURVE_WITH_KNOTS('',2,(#5105,#5106,#5107),
  .UNSPECIFIED.,.F.,.F.,(3,3),(0.,1.),.PIECEWISE_BEZIER_KNOTS.);
#5105 = CARTESIAN_POINT('',(27.386542892793,14.430743243243,2.));
#5106 = CARTESIAN_POINT('',(27.386542892793,14.689470720721,2.));
#5107 = CARTESIAN_POINT('',(27.304335685586,14.870495495495,2.));
#5108 = ORIENTED_EDGE('',*,*,#5069,.F.);
#5109 = ORIENTED_EDGE('',*,*,#1255,.F.);
#5110 = SURFACE_OF_LINEAR_EXTRUSION('',#5111,#5115);
#5111 = B_SPLINE_CURVE_WITH_KNOTS('',2,(#5112,#5113,#5114),
  .UNSPECIFIED.,.F.,.F.,(3,3),(0.,1.),.PIECEWISE_BEZIER_KNOTS.);
#5112 = CARTESIAN_POINT('',(27.386542892793,14.430743243243,3.));
#5113 = CARTESIAN_POINT('',(27.386542892793,14.689470720721,3.));
#5114 = CARTESIAN_POINT('',(27.304335685586,14.870495495495,3.));
#5115 = VECTOR('',#5116,1.);
#5116 = DIRECTION('',(0.,0.,1.));
#5117 = ADVANCED_FACE('',(#5118),#5136,.T.);
#5118 = FACE_BOUND('',#5119,.T.);
#5119 = EDGE_LOOP('',(#5120,#5128,#5134,#5135));
#5120 = ORIENTED_EDGE('',*,*,#5121,.T.);
#5121 = EDGE_CURVE('',#1240,#5122,#5124,.T.);
#5122 = VERTEX_POINT('',#5123);
#5123 = CARTESIAN_POINT('',(27.295608208108,13.973536036036,2.));
#5124 = LINE('',#5125,#5126);
#5125 = CARTESIAN_POINT('',(27.295608208108,13.973536036036,3.));
#5126 = VECTOR('',#5127,1.);
#5127 = DIRECTION('',(-0.,-0.,-1.));
#5128 = ORIENTED_EDGE('',*,*,#5129,.T.);
#5129 = EDGE_CURVE('',#5122,#5096,#5130,.T.);
#5130 = B_SPLINE_CURVE_WITH_KNOTS('',2,(#5131,#5132,#5133),
  .UNSPECIFIED.,.F.,.F.,(3,3),(0.,1.),.PIECEWISE_BEZIER_KNOTS.);
#5131 = CARTESIAN_POINT('',(27.295608208108,13.973536036036,2.));
#5132 = CARTESIAN_POINT('',(27.386542892793,14.189189189189,2.));
#5133 = CARTESIAN_POINT('',(27.386542892793,14.430743243243,2.));
#5134 = ORIENTED_EDGE('',*,*,#5095,.F.);
#5135 = ORIENTED_EDGE('',*,*,#1247,.F.);
#5136 = SURFACE_OF_LINEAR_EXTRUSION('',#5137,#5141);
#5137 = B_SPLINE_CURVE_WITH_KNOTS('',2,(#5138,#5139,#5140),
  .UNSPECIFIED.,.F.,.F.,(3,3),(0.,1.),.PIECEWISE_BEZIER_KNOTS.);
#5138 = CARTESIAN_POINT('',(27.295608208108,13.973536036036,3.));
#5139 = CARTESIAN_POINT('',(27.386542892793,14.189189189189,3.));
#5140 = CARTESIAN_POINT('',(27.386542892793,14.430743243243,3.));
#5141 = VECTOR('',#5142,1.);
#5142 = DIRECTION('',(0.,0.,1.));
#5143 = ADVANCED_FACE('',(#5144),#5162,.T.);
#5144 = FACE_BOUND('',#5145,.T.);
#5145 = EDGE_LOOP('',(#5146,#5154,#5160,#5161));
#5146 = ORIENTED_EDGE('',*,*,#5147,.T.);
#5147 = EDGE_CURVE('',#1232,#5148,#5150,.T.);
#5148 = VERTEX_POINT('',#5149);
#5149 = CARTESIAN_POINT('',(27.053491090991,13.55518018018,2.));
#5150 = LINE('',#5151,#5152);
#5151 = CARTESIAN_POINT('',(27.053491090991,13.55518018018,3.));
#5152 = VECTOR('',#5153,1.);
#5153 = DIRECTION('',(-0.,-0.,-1.));
#5154 = ORIENTED_EDGE('',*,*,#5155,.T.);
#5155 = EDGE_CURVE('',#5148,#5122,#5156,.T.);
#5156 = B_SPLINE_CURVE_WITH_KNOTS('',2,(#5157,#5158,#5159),
  .UNSPECIFIED.,.F.,.F.,(3,3),(0.,1.),.PIECEWISE_BEZIER_KNOTS.);
#5157 = CARTESIAN_POINT('',(27.053491090991,13.55518018018,2.));
#5158 = CARTESIAN_POINT('',(27.204955054955,13.757882882883,2.));
#5159 = CARTESIAN_POINT('',(27.295608208108,13.973536036036,2.));
#5160 = ORIENTED_EDGE('',*,*,#5121,.F.);
#5161 = ORIENTED_EDGE('',*,*,#1239,.F.);
#5162 = SURFACE_OF_LINEAR_EXTRUSION('',#5163,#5167);
#5163 = B_SPLINE_CURVE_WITH_KNOTS('',2,(#5164,#5165,#5166),
  .UNSPECIFIED.,.F.,.F.,(3,3),(0.,1.),.PIECEWISE_BEZIER_KNOTS.);
#5164 = CARTESIAN_POINT('',(27.053491090991,13.55518018018,3.));
#5165 = CARTESIAN_POINT('',(27.204955054955,13.757882882883,3.));
#5166 = CARTESIAN_POINT('',(27.295608208108,13.973536036036,3.));
#5167 = VECTOR('',#5168,1.);
#5168 = DIRECTION('',(0.,0.,1.));
#5169 = ADVANCED_FACE('',(#5170),#5188,.T.);
#5170 = FACE_BOUND('',#5171,.T.);
#5171 = EDGE_LOOP('',(#5172,#5180,#5186,#5187));
#5172 = ORIENTED_EDGE('',*,*,#5173,.T.);
#5173 = EDGE_CURVE('',#1224,#5174,#5176,.T.);
#5174 = VERTEX_POINT('',#5175);
#5175 = CARTESIAN_POINT('',(26.70777037027,13.149493243243,2.));
#5176 = LINE('',#5177,#5178);
#5177 = CARTESIAN_POINT('',(26.70777037027,13.149493243243,3.));
#5178 = VECTOR('',#5179,1.);
#5179 = DIRECTION('',(-0.,-0.,-1.));
#5180 = ORIENTED_EDGE('',*,*,#5181,.T.);
#5181 = EDGE_CURVE('',#5174,#5148,#5182,.T.);
#5182 = B_SPLINE_CURVE_WITH_KNOTS('',2,(#5183,#5184,#5185),
  .UNSPECIFIED.,.F.,.F.,(3,3),(0.,1.),.PIECEWISE_BEZIER_KNOTS.);
#5183 = CARTESIAN_POINT('',(26.70777037027,13.149493243243,2.));
#5184 = CARTESIAN_POINT('',(26.902308658559,13.352477477477,2.));
#5185 = CARTESIAN_POINT('',(27.053491090991,13.55518018018,2.));
#5186 = ORIENTED_EDGE('',*,*,#5147,.F.);
#5187 = ORIENTED_EDGE('',*,*,#1231,.F.);
#5188 = SURFACE_OF_LINEAR_EXTRUSION('',#5189,#5193);
#5189 = B_SPLINE_CURVE_WITH_KNOTS('',2,(#5190,#5191,#5192),
  .UNSPECIFIED.,.F.,.F.,(3,3),(0.,1.),.PIECEWISE_BEZIER_KNOTS.);
#5190 = CARTESIAN_POINT('',(26.70777037027,13.149493243243,3.));
#5191 = CARTESIAN_POINT('',(26.902308658559,13.352477477477,3.));
#5192 = CARTESIAN_POINT('',(27.053491090991,13.55518018018,3.));
#5193 = VECTOR('',#5194,1.);
#5194 = DIRECTION('',(0.,0.,1.));
#5195 = ADVANCED_FACE('',(#5196),#5214,.T.);
#5196 = FACE_BOUND('',#5197,.T.);
#5197 = EDGE_LOOP('',(#5198,#5206,#5212,#5213));
#5198 = ORIENTED_EDGE('',*,*,#5199,.T.);
#5199 = EDGE_CURVE('',#1216,#5200,#5202,.T.);
#5200 = VERTEX_POINT('',#5201);
#5201 = CARTESIAN_POINT('',(26.296734334234,12.73902027027,2.));
#5202 = LINE('',#5203,#5204);
#5203 = CARTESIAN_POINT('',(26.296734334234,12.73902027027,3.));
#5204 = VECTOR('',#5205,1.);
#5205 = DIRECTION('',(-0.,-0.,-1.));
#5206 = ORIENTED_EDGE('',*,*,#5207,.T.);
#5207 = EDGE_CURVE('',#5200,#5174,#5208,.T.);
#5208 = B_SPLINE_CURVE_WITH_KNOTS('',2,(#5209,#5210,#5211),
  .UNSPECIFIED.,.F.,.F.,(3,3),(0.,1.),.PIECEWISE_BEZIER_KNOTS.);
#5209 = CARTESIAN_POINT('',(26.296734334234,12.73902027027,2.));
#5210 = CARTESIAN_POINT('',(26.513232081982,12.946509009009,2.));
#5211 = CARTESIAN_POINT('',(26.70777037027,13.149493243243,2.));
#5212 = ORIENTED_EDGE('',*,*,#5173,.F.);
#5213 = ORIENTED_EDGE('',*,*,#1223,.F.);
#5214 = SURFACE_OF_LINEAR_EXTRUSION('',#5215,#5219);
#5215 = B_SPLINE_CURVE_WITH_KNOTS('',2,(#5216,#5217,#5218),
  .UNSPECIFIED.,.F.,.F.,(3,3),(0.,1.),.PIECEWISE_BEZIER_KNOTS.);
#5216 = CARTESIAN_POINT('',(26.296734334234,12.73902027027,3.));
#5217 = CARTESIAN_POINT('',(26.513232081982,12.946509009009,3.));
#5218 = CARTESIAN_POINT('',(26.70777037027,13.149493243243,3.));
#5219 = VECTOR('',#5220,1.);
#5220 = DIRECTION('',(0.,0.,1.));
#5221 = ADVANCED_FACE('',(#5222),#5240,.T.);
#5222 = FACE_BOUND('',#5223,.T.);
#5223 = EDGE_LOOP('',(#5224,#5232,#5238,#5239));
#5224 = ORIENTED_EDGE('',*,*,#5225,.T.);
#5225 = EDGE_CURVE('',#1208,#5226,#5228,.T.);
#5226 = VERTEX_POINT('',#5227);
#5227 = CARTESIAN_POINT('',(25.769144244144,12.203547297297,2.));
#5228 = LINE('',#5229,#5230);
#5229 = CARTESIAN_POINT('',(25.769144244144,12.203547297297,3.));
#5230 = VECTOR('',#5231,1.);
#5231 = DIRECTION('',(-0.,-0.,-1.));
#5232 = ORIENTED_EDGE('',*,*,#5233,.T.);
#5233 = EDGE_CURVE('',#5226,#5200,#5234,.T.);
#5234 = B_SPLINE_CURVE_WITH_KNOTS('',2,(#5235,#5236,#5237),
  .UNSPECIFIED.,.F.,.F.,(3,3),(0.,1.),.PIECEWISE_BEZIER_KNOTS.);
#5235 = CARTESIAN_POINT('',(25.769144244144,12.203547297297,2.));
#5236 = CARTESIAN_POINT('',(26.037443793694,12.480011261261,2.));
#5237 = CARTESIAN_POINT('',(26.296734334234,12.73902027027,2.));
#5238 = ORIENTED_EDGE('',*,*,#5199,.F.);
#5239 = ORIENTED_EDGE('',*,*,#1215,.F.);
#5240 = SURFACE_OF_LINEAR_EXTRUSION('',#5241,#5245);
#5241 = B_SPLINE_CURVE_WITH_KNOTS('',2,(#5242,#5243,#5244),
  .UNSPECIFIED.,.F.,.F.,(3,3),(0.,1.),.PIECEWISE_BEZIER_KNOTS.);
#5242 = CARTESIAN_POINT('',(25.769144244144,12.203547297297,3.));
#5243 = CARTESIAN_POINT('',(26.037443793694,12.480011261261,3.));
#5244 = CARTESIAN_POINT('',(26.296734334234,12.73902027027,3.));
#5245 = VECTOR('',#5246,1.);
#5246 = DIRECTION('',(0.,0.,1.));
#5247 = ADVANCED_FACE('',(#5248),#5266,.T.);
#5248 = FACE_BOUND('',#5249,.T.);
#5249 = EDGE_LOOP('',(#5250,#5258,#5264,#5265));
#5250 = ORIENTED_EDGE('',*,*,#5251,.T.);
#5251 = EDGE_CURVE('',#1200,#5252,#5254,.T.);
#5252 = VERTEX_POINT('',#5253);
#5253 = CARTESIAN_POINT('',(25.28491000991,11.615990990991,2.));
#5254 = LINE('',#5255,#5256);
#5255 = CARTESIAN_POINT('',(25.28491000991,11.615990990991,3.));
#5256 = VECTOR('',#5257,1.);
#5257 = DIRECTION('',(-0.,-0.,-1.));
#5258 = ORIENTED_EDGE('',*,*,#5259,.T.);
#5259 = EDGE_CURVE('',#5252,#5226,#5260,.T.);
#5260 = B_SPLINE_CURVE_WITH_KNOTS('',2,(#5261,#5262,#5263),
  .UNSPECIFIED.,.F.,.F.,(3,3),(0.,1.),.PIECEWISE_BEZIER_KNOTS.);
#5261 = CARTESIAN_POINT('',(25.28491000991,11.615990990991,2.));
#5262 = CARTESIAN_POINT('',(25.501126226126,11.927083333333,2.));
#5263 = CARTESIAN_POINT('',(25.769144244144,12.203547297297,2.));
#5264 = ORIENTED_EDGE('',*,*,#5225,.F.);
#5265 = ORIENTED_EDGE('',*,*,#1207,.F.);
#5266 = SURFACE_OF_LINEAR_EXTRUSION('',#5267,#5271);
#5267 = B_SPLINE_CURVE_WITH_KNOTS('',2,(#5268,#5269,#5270),
  .UNSPECIFIED.,.F.,.F.,(3,3),(0.,1.),.PIECEWISE_BEZIER_KNOTS.);
#5268 = CARTESIAN_POINT('',(25.28491000991,11.615990990991,3.));
#5269 = CARTESIAN_POINT('',(25.501126226126,11.927083333333,3.));
#5270 = CARTESIAN_POINT('',(25.769144244144,12.203547297297,3.));
#5271 = VECTOR('',#5272,1.);
#5272 = DIRECTION('',(0.,0.,1.));
#5273 = ADVANCED_FACE('',(#5274),#5292,.T.);
#5274 = FACE_BOUND('',#5275,.T.);
#5275 = EDGE_LOOP('',(#5276,#5284,#5290,#5291));
#5276 = ORIENTED_EDGE('',*,*,#5277,.T.);
#5277 = EDGE_CURVE('',#1192,#5278,#5280,.T.);
#5278 = VERTEX_POINT('',#5279);
#5279 = CARTESIAN_POINT('',(24.934684784685,10.954954954955,2.));
#5280 = LINE('',#5281,#5282);
#5281 = CARTESIAN_POINT('',(24.934684784685,10.954954954955,3.));
#5282 = VECTOR('',#5283,1.);
#5283 = DIRECTION('',(-0.,-0.,-1.));
#5284 = ORIENTED_EDGE('',*,*,#5285,.T.);
#5285 = EDGE_CURVE('',#5278,#5252,#5286,.T.);
#5286 = B_SPLINE_CURVE_WITH_KNOTS('',2,(#5287,#5288,#5289),
  .UNSPECIFIED.,.F.,.F.,(3,3),(0.,1.),.PIECEWISE_BEZIER_KNOTS.);
#5287 = CARTESIAN_POINT('',(24.934684784685,10.954954954955,2.));
#5288 = CARTESIAN_POINT('',(25.068693793694,11.304898648649,2.));
#5289 = CARTESIAN_POINT('',(25.28491000991,11.615990990991,2.));
#5290 = ORIENTED_EDGE('',*,*,#5251,.F.);
#5291 = ORIENTED_EDGE('',*,*,#1199,.F.);
#5292 = SURFACE_OF_LINEAR_EXTRUSION('',#5293,#5297);
#5293 = B_SPLINE_CURVE_WITH_KNOTS('',2,(#5294,#5295,#5296),
  .UNSPECIFIED.,.F.,.F.,(3,3),(0.,1.),.PIECEWISE_BEZIER_KNOTS.);
#5294 = CARTESIAN_POINT('',(24.934684784685,10.954954954955,3.));
#5295 = CARTESIAN_POINT('',(25.068693793694,11.304898648649,3.));
#5296 = CARTESIAN_POINT('',(25.28491000991,11.615990990991,3.));
#5297 = VECTOR('',#5298,1.);
#5298 = DIRECTION('',(0.,0.,1.));
#5299 = ADVANCED_FACE('',(#5300),#5318,.T.);
#5300 = FACE_BOUND('',#5301,.T.);
#5301 = EDGE_LOOP('',(#5302,#5310,#5316,#5317));
#5302 = ORIENTED_EDGE('',*,*,#5303,.T.);
#5303 = EDGE_CURVE('',#1184,#5304,#5306,.T.);
#5304 = VERTEX_POINT('',#5305);
#5305 = CARTESIAN_POINT('',(24.800675775676,10.198761261261,2.));
#5306 = LINE('',#5307,#5308);
#5307 = CARTESIAN_POINT('',(24.800675775676,10.198761261261,3.));
#5308 = VECTOR('',#5309,1.);
#5309 = DIRECTION('',(-0.,-0.,-1.));
#5310 = ORIENTED_EDGE('',*,*,#5311,.T.);
#5311 = EDGE_CURVE('',#5304,#5278,#5312,.T.);
#5312 = B_SPLINE_CURVE_WITH_KNOTS('',2,(#5313,#5314,#5315),
  .UNSPECIFIED.,.F.,.F.,(3,3),(0.,1.),.PIECEWISE_BEZIER_KNOTS.);
#5313 = CARTESIAN_POINT('',(24.800675775676,10.198761261261,2.));
#5314 = CARTESIAN_POINT('',(24.800675775676,10.605011261261,2.));
#5315 = CARTESIAN_POINT('',(24.934684784685,10.954954954955,2.));
#5316 = ORIENTED_EDGE('',*,*,#5277,.F.);
#5317 = ORIENTED_EDGE('',*,*,#1191,.F.);
#5318 = SURFACE_OF_LINEAR_EXTRUSION('',#5319,#5323);
#5319 = B_SPLINE_CURVE_WITH_KNOTS('',2,(#5320,#5321,#5322),
  .UNSPECIFIED.,.F.,.F.,(3,3),(0.,1.),.PIECEWISE_BEZIER_KNOTS.);
#5320 = CARTESIAN_POINT('',(24.800675775676,10.198761261261,3.));
#5321 = CARTESIAN_POINT('',(24.800675775676,10.605011261261,3.));
#5322 = CARTESIAN_POINT('',(24.934684784685,10.954954954955,3.));
#5323 = VECTOR('',#5324,1.);
#5324 = DIRECTION('',(0.,0.,1.));
#5325 = ADVANCED_FACE('',(#5326),#5344,.T.);
#5326 = FACE_BOUND('',#5327,.T.);
#5327 = EDGE_LOOP('',(#5328,#5336,#5342,#5343));
#5328 = ORIENTED_EDGE('',*,*,#5329,.T.);
#5329 = EDGE_CURVE('',#1176,#5330,#5332,.T.);
#5330 = VERTEX_POINT('',#5331);
#5331 = CARTESIAN_POINT('',(24.800675775676,10.103603603604,2.));
#5332 = LINE('',#5333,#5334);
#5333 = CARTESIAN_POINT('',(24.800675775676,10.103603603604,3.));
#5334 = VECTOR('',#5335,1.);
#5335 = DIRECTION('',(-0.,-0.,-1.));
#5336 = ORIENTED_EDGE('',*,*,#5337,.T.);
#5337 = EDGE_CURVE('',#5330,#5304,#5338,.T.);
#5338 = B_SPLINE_CURVE_WITH_KNOTS('',2,(#5339,#5340,#5341),
  .UNSPECIFIED.,.F.,.F.,(3,3),(0.,1.),.PIECEWISE_BEZIER_KNOTS.);
#5339 = CARTESIAN_POINT('',(24.800675775676,10.103603603604,2.));
#5340 = CARTESIAN_POINT('',(24.800675775676,10.155686936937,2.));
#5341 = CARTESIAN_POINT('',(24.800675775676,10.198761261261,2.));
#5342 = ORIENTED_EDGE('',*,*,#5303,.F.);
#5343 = ORIENTED_EDGE('',*,*,#1183,.F.);
#5344 = SURFACE_OF_LINEAR_EXTRUSION('',#5345,#5349);
#5345 = B_SPLINE_CURVE_WITH_KNOTS('',2,(#5346,#5347,#5348),
  .UNSPECIFIED.,.F.,.F.,(3,3),(0.,1.),.PIECEWISE_BEZIER_KNOTS.);
#5346 = CARTESIAN_POINT('',(24.800675775676,10.103603603604,3.));
#5347 = CARTESIAN_POINT('',(24.800675775676,10.155686936937,3.));
#5348 = CARTESIAN_POINT('',(24.800675775676,10.198761261261,3.));
#5349 = VECTOR('',#5350,1.);
#5350 = DIRECTION('',(0.,0.,1.));
#5351 = ADVANCED_FACE('',(#5352),#5370,.T.);
#5352 = FACE_BOUND('',#5353,.T.);
#5353 = EDGE_LOOP('',(#5354,#5362,#5368,#5369));
#5354 = ORIENTED_EDGE('',*,*,#5355,.T.);
#5355 = EDGE_CURVE('',#1168,#5356,#5358,.T.);
#5356 = VERTEX_POINT('',#5357);
#5357 = CARTESIAN_POINT('',(24.809403253153,10.,2.));
#5358 = LINE('',#5359,#5360);
#5359 = CARTESIAN_POINT('',(24.809403253153,10.,3.));
#5360 = VECTOR('',#5361,1.);
#5361 = DIRECTION('',(-0.,-0.,-1.));
#5362 = ORIENTED_EDGE('',*,*,#5363,.T.);
#5363 = EDGE_CURVE('',#5356,#5330,#5364,.T.);
#5364 = B_SPLINE_CURVE_WITH_KNOTS('',2,(#5365,#5366,#5367),
  .UNSPECIFIED.,.F.,.F.,(3,3),(0.,1.),.PIECEWISE_BEZIER_KNOTS.);
#5365 = CARTESIAN_POINT('',(24.809403253153,10.,2.));
#5366 = CARTESIAN_POINT('',(24.800675775676,10.051801801802,2.));
#5367 = CARTESIAN_POINT('',(24.800675775676,10.103603603604,2.));
#5368 = ORIENTED_EDGE('',*,*,#5329,.F.);
#5369 = ORIENTED_EDGE('',*,*,#1175,.F.);
#5370 = SURFACE_OF_LINEAR_EXTRUSION('',#5371,#5375);
#5371 = B_SPLINE_CURVE_WITH_KNOTS('',2,(#5372,#5373,#5374),
  .UNSPECIFIED.,.F.,.F.,(3,3),(0.,1.),.PIECEWISE_BEZIER_KNOTS.);
#5372 = CARTESIAN_POINT('',(24.809403253153,10.,3.));
#5373 = CARTESIAN_POINT('',(24.800675775676,10.051801801802,3.));
#5374 = CARTESIAN_POINT('',(24.800675775676,10.103603603604,3.));
#5375 = VECTOR('',#5376,1.);
#5376 = DIRECTION('',(0.,0.,1.));
#5377 = ADVANCED_FACE('',(#5378),#5396,.T.);
#5378 = FACE_BOUND('',#5379,.T.);
#5379 = EDGE_LOOP('',(#5380,#5388,#5394,#5395));
#5380 = ORIENTED_EDGE('',*,*,#5381,.T.);
#5381 = EDGE_CURVE('',#1160,#5382,#5384,.T.);
#5382 = VERTEX_POINT('',#5383);
#5383 = CARTESIAN_POINT('',(28.441723072973,10.,2.));
#5384 = LINE('',#5385,#5386);
#5385 = CARTESIAN_POINT('',(28.441723072973,10.,3.));
#5386 = VECTOR('',#5387,1.);
#5387 = DIRECTION('',(-0.,-0.,-1.));
#5388 = ORIENTED_EDGE('',*,*,#5389,.T.);
#5389 = EDGE_CURVE('',#5382,#5356,#5390,.T.);
#5390 = LINE('',#5391,#5392);
#5391 = CARTESIAN_POINT('',(28.441723072973,10.,2.));
#5392 = VECTOR('',#5393,1.);
#5393 = DIRECTION('',(-1.,0.,0.));
#5394 = ORIENTED_EDGE('',*,*,#5355,.F.);
#5395 = ORIENTED_EDGE('',*,*,#1167,.F.);
#5396 = PLANE('',#5397);
#5397 = AXIS2_PLACEMENT_3D('',#5398,#5399,#5400);
#5398 = CARTESIAN_POINT('',(28.441723072973,10.,3.));
#5399 = DIRECTION('',(0.,1.,0.));
#5400 = DIRECTION('',(-1.,0.,0.));
#5401 = ADVANCED_FACE('',(#5402),#5420,.T.);
#5402 = FACE_BOUND('',#5403,.T.);
#5403 = EDGE_LOOP('',(#5404,#5412,#5418,#5419));
#5404 = ORIENTED_EDGE('',*,*,#5405,.T.);
#5405 = EDGE_CURVE('',#1152,#5406,#5408,.T.);
#5406 = VERTEX_POINT('',#5407);
#5407 = CARTESIAN_POINT('',(28.441723072973,10.684684684685,2.));
#5408 = LINE('',#5409,#5410);
#5409 = CARTESIAN_POINT('',(28.441723072973,10.684684684685,3.));
#5410 = VECTOR('',#5411,1.);
#5411 = DIRECTION('',(-0.,-0.,-1.));
#5412 = ORIENTED_EDGE('',*,*,#5413,.T.);
#5413 = EDGE_CURVE('',#5406,#5382,#5414,.T.);
#5414 = LINE('',#5415,#5416);
#5415 = CARTESIAN_POINT('',(28.441723072973,10.684684684685,2.));
#5416 = VECTOR('',#5417,1.);
#5417 = DIRECTION('',(0.,-1.,0.));
#5418 = ORIENTED_EDGE('',*,*,#5381,.F.);
#5419 = ORIENTED_EDGE('',*,*,#1159,.F.);
#5420 = PLANE('',#5421);
#5421 = AXIS2_PLACEMENT_3D('',#5422,#5423,#5424);
#5422 = CARTESIAN_POINT('',(28.441723072973,10.684684684685,3.));
#5423 = DIRECTION('',(-1.,0.,0.));
#5424 = DIRECTION('',(0.,-1.,0.));
#5425 = ADVANCED_FACE('',(#5426),#5444,.T.);
#5426 = FACE_BOUND('',#5427,.T.);
#5427 = EDGE_LOOP('',(#5428,#5436,#5442,#5443));
#5428 = ORIENTED_EDGE('',*,*,#5429,.T.);
#5429 = EDGE_CURVE('',#1144,#5430,#5432,.T.);
#5430 = VERTEX_POINT('',#5431);
#5431 = CARTESIAN_POINT('',(25.682714063964,10.684684684685,2.));
#5432 = LINE('',#5433,#5434);
#5433 = CARTESIAN_POINT('',(25.682714063964,10.684684684685,3.));
#5434 = VECTOR('',#5435,1.);
#5435 = DIRECTION('',(-0.,-0.,-1.));
#5436 = ORIENTED_EDGE('',*,*,#5437,.T.);
#5437 = EDGE_CURVE('',#5430,#5406,#5438,.T.);
#5438 = LINE('',#5439,#5440);
#5439 = CARTESIAN_POINT('',(25.682714063964,10.684684684685,2.));
#5440 = VECTOR('',#5441,1.);
#5441 = DIRECTION('',(1.,0.,0.));
#5442 = ORIENTED_EDGE('',*,*,#5405,.F.);
#5443 = ORIENTED_EDGE('',*,*,#1151,.F.);
#5444 = PLANE('',#5445);
#5445 = AXIS2_PLACEMENT_3D('',#5446,#5447,#5448);
#5446 = CARTESIAN_POINT('',(25.682714063964,10.684684684685,3.));
#5447 = DIRECTION('',(0.,-1.,0.));
#5448 = DIRECTION('',(1.,0.,0.));
#5449 = ADVANCED_FACE('',(#5450),#5468,.T.);
#5450 = FACE_BOUND('',#5451,.T.);
#5451 = EDGE_LOOP('',(#5452,#5460,#5466,#5467));
#5452 = ORIENTED_EDGE('',*,*,#5453,.T.);
#5453 = EDGE_CURVE('',#1136,#5454,#5456,.T.);
#5454 = VERTEX_POINT('',#5455);
#5455 = CARTESIAN_POINT('',(25.799268118018,11.029560810811,2.));
#5456 = LINE('',#5457,#5458);
#5457 = CARTESIAN_POINT('',(25.799268118018,11.029560810811,3.));
#5458 = VECTOR('',#5459,1.);
#5459 = DIRECTION('',(-0.,-0.,-1.));
#5460 = ORIENTED_EDGE('',*,*,#5461,.T.);
#5461 = EDGE_CURVE('',#5454,#5430,#5462,.T.);
#5462 = B_SPLINE_CURVE_WITH_KNOTS('',2,(#5463,#5464,#5465),
  .UNSPECIFIED.,.F.,.F.,(3,3),(0.,1.),.PIECEWISE_BEZIER_KNOTS.);
#5463 = CARTESIAN_POINT('',(25.799268118018,11.029560810811,2.));
#5464 = CARTESIAN_POINT('',(25.682714063964,10.831362612613,2.));
#5465 = CARTESIAN_POINT('',(25.682714063964,10.684684684685,2.));
#5466 = ORIENTED_EDGE('',*,*,#5429,.F.);
#5467 = ORIENTED_EDGE('',*,*,#1143,.F.);
#5468 = SURFACE_OF_LINEAR_EXTRUSION('',#5469,#5473);
#5469 = B_SPLINE_CURVE_WITH_KNOTS('',2,(#5470,#5471,#5472),
  .UNSPECIFIED.,.F.,.F.,(3,3),(0.,1.),.PIECEWISE_BEZIER_KNOTS.);
#5470 = CARTESIAN_POINT('',(25.799268118018,11.029560810811,3.));
#5471 = CARTESIAN_POINT('',(25.682714063964,10.831362612613,3.));
#5472 = CARTESIAN_POINT('',(25.682714063964,10.684684684685,3.));
#5473 = VECTOR('',#5474,1.);
#5474 = DIRECTION('',(0.,0.,1.));
#5475 = ADVANCED_FACE('',(#5476),#5494,.T.);
#5476 = FACE_BOUND('',#5477,.T.);
#5477 = EDGE_LOOP('',(#5478,#5486,#5492,#5493));
#5478 = ORIENTED_EDGE('',*,*,#5479,.T.);
#5479 = EDGE_CURVE('',#1128,#5480,#5482,.T.);
#5480 = VERTEX_POINT('',#5481);
#5481 = CARTESIAN_POINT('',(26.088964063964,11.443412162162,2.));
#5482 = LINE('',#5483,#5484);
#5483 = CARTESIAN_POINT('',(26.088964063964,11.443412162162,3.));
#5484 = VECTOR('',#5485,1.);
#5485 = DIRECTION('',(-0.,-0.,-1.));
#5486 = ORIENTED_EDGE('',*,*,#5487,.T.);
#5487 = EDGE_CURVE('',#5480,#5454,#5488,.T.);
#5488 = B_SPLINE_CURVE_WITH_KNOTS('',2,(#5489,#5490,#5491),
  .UNSPECIFIED.,.F.,.F.,(3,3),(0.,1.),.PIECEWISE_BEZIER_KNOTS.);
#5489 = CARTESIAN_POINT('',(26.088964063964,11.443412162162,2.));
#5490 = CARTESIAN_POINT('',(25.916103703604,11.228040540541,2.));
#5491 = CARTESIAN_POINT('',(25.799268118018,11.029560810811,2.));
#5492 = ORIENTED_EDGE('',*,*,#5453,.F.);
#5493 = ORIENTED_EDGE('',*,*,#1135,.F.);
#5494 = SURFACE_OF_LINEAR_EXTRUSION('',#5495,#5499);
#5495 = B_SPLINE_CURVE_WITH_KNOTS('',2,(#5496,#5497,#5498),
  .UNSPECIFIED.,.F.,.F.,(3,3),(0.,1.),.PIECEWISE_BEZIER_KNOTS.);
#5496 = CARTESIAN_POINT('',(26.088964063964,11.443412162162,3.));
#5497 = CARTESIAN_POINT('',(25.916103703604,11.228040540541,3.));
#5498 = CARTESIAN_POINT('',(25.799268118018,11.029560810811,3.));
#5499 = VECTOR('',#5500,1.);
#5500 = DIRECTION('',(0.,0.,1.));
#5501 = ADVANCED_FACE('',(#5502),#5520,.T.);
#5502 = FACE_BOUND('',#5503,.T.);
#5503 = EDGE_LOOP('',(#5504,#5512,#5518,#5519));
#5504 = ORIENTED_EDGE('',*,*,#5505,.T.);
#5505 = EDGE_CURVE('',#1120,#5506,#5508,.T.);
#5506 = VERTEX_POINT('',#5507);
#5507 = CARTESIAN_POINT('',(26.456644244144,11.857545045045,2.));
#5508 = LINE('',#5509,#5510);
#5509 = CARTESIAN_POINT('',(26.456644244144,11.857545045045,3.));
#5510 = VECTOR('',#5511,1.);
#5511 = DIRECTION('',(-0.,-0.,-1.));
#5512 = ORIENTED_EDGE('',*,*,#5513,.T.);
#5513 = EDGE_CURVE('',#5506,#5480,#5514,.T.);
#5514 = B_SPLINE_CURVE_WITH_KNOTS('',2,(#5515,#5516,#5517),
  .UNSPECIFIED.,.F.,.F.,(3,3),(0.,1.),.PIECEWISE_BEZIER_KNOTS.);
#5515 = CARTESIAN_POINT('',(26.456644244144,11.857545045045,2.));
#5516 = CARTESIAN_POINT('',(26.262105955856,11.659065315315,2.));
#5517 = CARTESIAN_POINT('',(26.088964063964,11.443412162162,2.));
#5518 = ORIENTED_EDGE('',*,*,#5479,.F.);
#5519 = ORIENTED_EDGE('',*,*,#1127,.F.);
#5520 = SURFACE_OF_LINEAR_EXTRUSION('',#5521,#5525);
#5521 = B_SPLINE_CURVE_WITH_KNOTS('',2,(#5522,#5523,#5524),
  .UNSPECIFIED.,.F.,.F.,(3,3),(0.,1.),.PIECEWISE_BEZIER_KNOTS.);
#5522 = CARTESIAN_POINT('',(26.456644244144,11.857545045045,3.));
#5523 = CARTESIAN_POINT('',(26.262105955856,11.659065315315,3.));
#5524 = CARTESIAN_POINT('',(26.088964063964,11.443412162162,3.));
#5525 = VECTOR('',#5526,1.);
#5526 = DIRECTION('',(0.,0.,1.));
#5527 = ADVANCED_FACE('',(#5528),#5546,.T.);
#5528 = FACE_BOUND('',#5529,.T.);
#5529 = EDGE_LOOP('',(#5530,#5538,#5544,#5545));
#5530 = ORIENTED_EDGE('',*,*,#5531,.T.);
#5531 = EDGE_CURVE('',#1112,#5532,#5534,.T.);
#5532 = VERTEX_POINT('',#5533);
#5533 = CARTESIAN_POINT('',(26.798423523423,12.203265765766,2.));
#5534 = LINE('',#5535,#5536);
#5535 = CARTESIAN_POINT('',(26.798423523423,12.203265765766,3.));
#5536 = VECTOR('',#5537,1.);
#5537 = DIRECTION('',(-0.,-0.,-1.));
#5538 = ORIENTED_EDGE('',*,*,#5539,.T.);
#5539 = EDGE_CURVE('',#5532,#5506,#5540,.T.);
#5540 = B_SPLINE_CURVE_WITH_KNOTS('',2,(#5541,#5542,#5543),
  .UNSPECIFIED.,.F.,.F.,(3,3),(0.,1.),.PIECEWISE_BEZIER_KNOTS.);
#5541 = CARTESIAN_POINT('',(26.798423523423,12.203265765766,2.));
#5542 = CARTESIAN_POINT('',(26.651464063964,12.056306306306,2.));
#5543 = CARTESIAN_POINT('',(26.456644244144,11.857545045045,2.));
#5544 = ORIENTED_EDGE('',*,*,#5505,.F.);
#5545 = ORIENTED_EDGE('',*,*,#1119,.F.);
#5546 = SURFACE_OF_LINEAR_EXTRUSION('',#5547,#5551);
#5547 = B_SPLINE_CURVE_WITH_KNOTS('',2,(#5548,#5549,#5550),
  .UNSPECIFIED.,.F.,.F.,(3,3),(0.,1.),.PIECEWISE_BEZIER_KNOTS.);
#5548 = CARTESIAN_POINT('',(26.798423523423,12.203265765766,3.));
#5549 = CARTESIAN_POINT('',(26.651464063964,12.056306306306,3.));
#5550 = CARTESIAN_POINT('',(26.456644244144,11.857545045045,3.));
#5551 = VECTOR('',#5552,1.);
#5552 = DIRECTION('',(0.,0.,1.));
#5553 = ADVANCED_FACE('',(#5554),#5572,.T.);
#5554 = FACE_BOUND('',#5555,.T.);
#5555 = EDGE_LOOP('',(#5556,#5564,#5570,#5571));
#5556 = ORIENTED_EDGE('',*,*,#5557,.T.);
#5557 = EDGE_CURVE('',#1104,#5558,#5560,.T.);
#5558 = VERTEX_POINT('',#5559);
#5559 = CARTESIAN_POINT('',(27.317286136036,12.734234234234,2.));
#5560 = LINE('',#5561,#5562);
#5561 = CARTESIAN_POINT('',(27.317286136036,12.734234234234,3.));
#5562 = VECTOR('',#5563,1.);
#5563 = DIRECTION('',(-0.,-0.,-1.));
#5564 = ORIENTED_EDGE('',*,*,#5565,.T.);
#5565 = EDGE_CURVE('',#5558,#5532,#5566,.T.);
#5566 = B_SPLINE_CURVE_WITH_KNOTS('',2,(#5567,#5568,#5569),
  .UNSPECIFIED.,.F.,.F.,(3,3),(0.,1.),.PIECEWISE_BEZIER_KNOTS.);
#5567 = CARTESIAN_POINT('',(27.317286136036,12.734234234234,2.));
#5568 = CARTESIAN_POINT('',(27.057995595495,12.462274774775,2.));
#5569 = CARTESIAN_POINT('',(26.798423523423,12.203265765766,2.));
#5570 = ORIENTED_EDGE('',*,*,#5531,.F.);
#5571 = ORIENTED_EDGE('',*,*,#1111,.F.);
#5572 = SURFACE_OF_LINEAR_EXTRUSION('',#5573,#5577);
#5573 = B_SPLINE_CURVE_WITH_KNOTS('',2,(#5574,#5575,#5576),
  .UNSPECIFIED.,.F.,.F.,(3,3),(0.,1.),.PIECEWISE_BEZIER_KNOTS.);
#5574 = CARTESIAN_POINT('',(27.317286136036,12.734234234234,3.));
#5575 = CARTESIAN_POINT('',(27.057995595495,12.462274774775,3.));
#5576 = CARTESIAN_POINT('',(26.798423523423,12.203265765766,3.));
#5577 = VECTOR('',#5578,1.);
#5578 = DIRECTION('',(0.,0.,1.));
#5579 = ADVANCED_FACE('',(#5580),#5598,.T.);
#5580 = FACE_BOUND('',#5581,.T.);
#5581 = EDGE_LOOP('',(#5582,#5590,#5596,#5597));
#5582 = ORIENTED_EDGE('',*,*,#5583,.T.);
#5583 = EDGE_CURVE('',#1096,#5584,#5586,.T.);
#5584 = VERTEX_POINT('',#5585);
#5585 = CARTESIAN_POINT('',(27.784346946847,13.287162162162,2.));
#5586 = LINE('',#5587,#5588);
#5587 = CARTESIAN_POINT('',(27.784346946847,13.287162162162,3.));
#5588 = VECTOR('',#5589,1.);
#5589 = DIRECTION('',(-0.,-0.,-1.));
#5590 = ORIENTED_EDGE('',*,*,#5591,.T.);
#5591 = EDGE_CURVE('',#5584,#5558,#5592,.T.);
#5592 = B_SPLINE_CURVE_WITH_KNOTS('',2,(#5593,#5594,#5595),
  .UNSPECIFIED.,.F.,.F.,(3,3),(0.,1.),.PIECEWISE_BEZIER_KNOTS.);
#5593 = CARTESIAN_POINT('',(27.784346946847,13.287162162162,2.));
#5594 = CARTESIAN_POINT('',(27.576858208108,13.006475225225,2.));
#5595 = CARTESIAN_POINT('',(27.317286136036,12.734234234234,2.));
#5596 = ORIENTED_EDGE('',*,*,#5557,.F.);
#5597 = ORIENTED_EDGE('',*,*,#1103,.F.);
#5598 = SURFACE_OF_LINEAR_EXTRUSION('',#5599,#5603);
#5599 = B_SPLINE_CURVE_WITH_KNOTS('',2,(#5600,#5601,#5602),
  .UNSPECIFIED.,.F.,.F.,(3,3),(0.,1.),.PIECEWISE_BEZIER_KNOTS.);
#5600 = CARTESIAN_POINT('',(27.784346946847,13.287162162162,3.));
#5601 = CARTESIAN_POINT('',(27.576858208108,13.006475225225,3.));
#5602 = CARTESIAN_POINT('',(27.317286136036,12.734234234234,3.));
#5603 = VECTOR('',#5604,1.);
#5604 = DIRECTION('',(0.,0.,1.));
#5605 = ADVANCED_FACE('',(#5606),#5624,.T.);
#5606 = FACE_BOUND('',#5607,.T.);
#5607 = EDGE_LOOP('',(#5608,#5616,#5622,#5623));
#5608 = ORIENTED_EDGE('',*,*,#5609,.T.);
#5609 = EDGE_CURVE('',#1088,#5610,#5612,.T.);
#5610 = VERTEX_POINT('',#5611);
#5611 = CARTESIAN_POINT('',(28.117117217117,13.857545045045,2.));
#5612 = LINE('',#5613,#5614);
#5613 = CARTESIAN_POINT('',(28.117117217117,13.857545045045,3.));
#5614 = VECTOR('',#5615,1.);
#5615 = DIRECTION('',(-0.,-0.,-1.));
#5616 = ORIENTED_EDGE('',*,*,#5617,.T.);
#5617 = EDGE_CURVE('',#5610,#5584,#5618,.T.);
#5618 = B_SPLINE_CURVE_WITH_KNOTS('',2,(#5619,#5620,#5621),
  .UNSPECIFIED.,.F.,.F.,(3,3),(0.,1.),.PIECEWISE_BEZIER_KNOTS.);
#5619 = CARTESIAN_POINT('',(28.117117217117,13.857545045045,2.));
#5620 = CARTESIAN_POINT('',(27.991835685586,13.568130630631,2.));
#5621 = CARTESIAN_POINT('',(27.784346946847,13.287162162162,2.));
#5622 = ORIENTED_EDGE('',*,*,#5583,.F.);
#5623 = ORIENTED_EDGE('',*,*,#1095,.F.);
#5624 = SURFACE_OF_LINEAR_EXTRUSION('',#5625,#5629);
#5625 = B_SPLINE_CURVE_WITH_KNOTS('',2,(#5626,#5627,#5628),
  .UNSPECIFIED.,.F.,.F.,(3,3),(0.,1.),.PIECEWISE_BEZIER_KNOTS.);
#5626 = CARTESIAN_POINT('',(28.117117217117,13.857545045045,3.));
#5627 = CARTESIAN_POINT('',(27.991835685586,13.568130630631,3.));
#5628 = CARTESIAN_POINT('',(27.784346946847,13.287162162162,3.));
#5629 = VECTOR('',#5630,1.);
#5630 = DIRECTION('',(0.,0.,1.));
#5631 = ADVANCED_FACE('',(#5632),#5643,.T.);
#5632 = FACE_BOUND('',#5633,.T.);
#5633 = EDGE_LOOP('',(#5634,#5635,#5641,#5642));
#5634 = ORIENTED_EDGE('',*,*,#4742,.T.);
#5635 = ORIENTED_EDGE('',*,*,#5636,.T.);
#5636 = EDGE_CURVE('',#4735,#5610,#5637,.T.);
#5637 = B_SPLINE_CURVE_WITH_KNOTS('',2,(#5638,#5639,#5640),
  .UNSPECIFIED.,.F.,.F.,(3,3),(0.,1.),.PIECEWISE_BEZIER_KNOTS.);
#5638 = CARTESIAN_POINT('',(28.24268028018,14.458333333333,2.));
#5639 = CARTESIAN_POINT('',(28.24268028018,14.147240990991,2.));
#5640 = CARTESIAN_POINT('',(28.117117217117,13.857545045045,2.));
#5641 = ORIENTED_EDGE('',*,*,#5609,.F.);
#5642 = ORIENTED_EDGE('',*,*,#1087,.F.);
#5643 = SURFACE_OF_LINEAR_EXTRUSION('',#5644,#5648);
#5644 = B_SPLINE_CURVE_WITH_KNOTS('',2,(#5645,#5646,#5647),
  .UNSPECIFIED.,.F.,.F.,(3,3),(0.,1.),.PIECEWISE_BEZIER_KNOTS.);
#5645 = CARTESIAN_POINT('',(28.24268028018,14.458333333333,3.));
#5646 = CARTESIAN_POINT('',(28.24268028018,14.147240990991,3.));
#5647 = CARTESIAN_POINT('',(28.117117217117,13.857545045045,3.));
#5648 = VECTOR('',#5649,1.);
#5649 = DIRECTION('',(0.,0.,1.));
#5650 = ADVANCED_FACE('',(#5651),#5676,.T.);
#5651 = FACE_BOUND('',#5652,.T.);
#5652 = EDGE_LOOP('',(#5653,#5661,#5669,#5675));
#5653 = ORIENTED_EDGE('',*,*,#5654,.T.);
#5654 = EDGE_CURVE('',#1368,#5655,#5657,.T.);
#5655 = VERTEX_POINT('',#5656);
#5656 = CARTESIAN_POINT('',(31.55884019009,11.531531531532,2.));
#5657 = LINE('',#5658,#5659);
#5658 = CARTESIAN_POINT('',(31.55884019009,11.531531531532,3.));
#5659 = VECTOR('',#5660,1.);
#5660 = DIRECTION('',(-0.,-0.,-1.));
#5661 = ORIENTED_EDGE('',*,*,#5662,.T.);
#5662 = EDGE_CURVE('',#5655,#5663,#5665,.T.);
#5663 = VERTEX_POINT('',#5664);
#5664 = CARTESIAN_POINT('',(31.55884019009,12.067849099099,2.));
#5665 = LINE('',#5666,#5667);
#5666 = CARTESIAN_POINT('',(31.55884019009,11.531531531532,2.));
#5667 = VECTOR('',#5668,1.);
#5668 = DIRECTION('',(0.,1.,0.));
#5669 = ORIENTED_EDGE('',*,*,#5670,.F.);
#5670 = EDGE_CURVE('',#1370,#5663,#5671,.T.);
#5671 = LINE('',#5672,#5673);
#5672 = CARTESIAN_POINT('',(31.55884019009,12.067849099099,3.));
#5673 = VECTOR('',#5674,1.);
#5674 = DIRECTION('',(-0.,-0.,-1.));
#5675 = ORIENTED_EDGE('',*,*,#1367,.F.);
#5676 = PLANE('',#5677);
#5677 = AXIS2_PLACEMENT_3D('',#5678,#5679,#5680);
#5678 = CARTESIAN_POINT('',(31.55884019009,11.531531531532,3.));
#5679 = DIRECTION('',(1.,0.,0.));
#5680 = DIRECTION('',(-0.,1.,0.));
#5681 = ADVANCED_FACE('',(#5682),#5700,.T.);
#5682 = FACE_BOUND('',#5683,.T.);
#5683 = EDGE_LOOP('',(#5684,#5692,#5698,#5699));
#5684 = ORIENTED_EDGE('',*,*,#5685,.T.);
#5685 = EDGE_CURVE('',#1466,#5686,#5688,.T.);
#5686 = VERTEX_POINT('',#5687);
#5687 = CARTESIAN_POINT('',(34.239864964865,11.531531531532,2.));
#5688 = LINE('',#5689,#5690);
#5689 = CARTESIAN_POINT('',(34.239864964865,11.531531531532,3.));
#5690 = VECTOR('',#5691,1.);
#5691 = DIRECTION('',(-0.,-0.,-1.));
#5692 = ORIENTED_EDGE('',*,*,#5693,.T.);
#5693 = EDGE_CURVE('',#5686,#5655,#5694,.T.);
#5694 = LINE('',#5695,#5696);
#5695 = CARTESIAN_POINT('',(34.239864964865,11.531531531532,2.));
#5696 = VECTOR('',#5697,1.);
#5697 = DIRECTION('',(-1.,0.,0.));
#5698 = ORIENTED_EDGE('',*,*,#5654,.F.);
#5699 = ORIENTED_EDGE('',*,*,#1473,.F.);
#5700 = PLANE('',#5701);
#5701 = AXIS2_PLACEMENT_3D('',#5702,#5703,#5704);
#5702 = CARTESIAN_POINT('',(34.239864964865,11.531531531532,3.));
#5703 = DIRECTION('',(0.,1.,0.));
#5704 = DIRECTION('',(-1.,0.,0.));
#5705 = ADVANCED_FACE('',(#5706),#5724,.T.);
#5706 = FACE_BOUND('',#5707,.T.);
#5707 = EDGE_LOOP('',(#5708,#5716,#5722,#5723));
#5708 = ORIENTED_EDGE('',*,*,#5709,.T.);
#5709 = EDGE_CURVE('',#1458,#5710,#5712,.T.);
#5710 = VERTEX_POINT('',#5711);
#5711 = CARTESIAN_POINT('',(34.239864964865,10.,2.));
#5712 = LINE('',#5713,#5714);
#5713 = CARTESIAN_POINT('',(34.239864964865,10.,3.));
#5714 = VECTOR('',#5715,1.);
#5715 = DIRECTION('',(-0.,-0.,-1.));
#5716 = ORIENTED_EDGE('',*,*,#5717,.T.);
#5717 = EDGE_CURVE('',#5710,#5686,#5718,.T.);
#5718 = LINE('',#5719,#5720);
#5719 = CARTESIAN_POINT('',(34.239864964865,10.,2.));
#5720 = VECTOR('',#5721,1.);
#5721 = DIRECTION('',(0.,1.,0.));
#5722 = ORIENTED_EDGE('',*,*,#5685,.F.);
#5723 = ORIENTED_EDGE('',*,*,#1465,.F.);
#5724 = PLANE('',#5725);
#5725 = AXIS2_PLACEMENT_3D('',#5726,#5727,#5728);
#5726 = CARTESIAN_POINT('',(34.239864964865,10.,3.));
#5727 = DIRECTION('',(1.,0.,0.));
#5728 = DIRECTION('',(-0.,1.,0.));
#5729 = ADVANCED_FACE('',(#5730),#5748,.T.);
#5730 = FACE_BOUND('',#5731,.T.);
#5731 = EDGE_LOOP('',(#5732,#5740,#5746,#5747));
#5732 = ORIENTED_EDGE('',*,*,#5733,.T.);
#5733 = EDGE_CURVE('',#1450,#5734,#5736,.T.);
#5734 = VERTEX_POINT('',#5735);
#5735 = CARTESIAN_POINT('',(35.01829964955,10.,2.));
#5736 = LINE('',#5737,#5738);
#5737 = CARTESIAN_POINT('',(35.01829964955,10.,3.));
#5738 = VECTOR('',#5739,1.);
#5739 = DIRECTION('',(-0.,-0.,-1.));
#5740 = ORIENTED_EDGE('',*,*,#5741,.T.);
#5741 = EDGE_CURVE('',#5734,#5710,#5742,.T.);
#5742 = LINE('',#5743,#5744);
#5743 = CARTESIAN_POINT('',(35.01829964955,10.,2.));
#5744 = VECTOR('',#5745,1.);
#5745 = DIRECTION('',(-1.,0.,0.));
#5746 = ORIENTED_EDGE('',*,*,#5709,.F.);
#5747 = ORIENTED_EDGE('',*,*,#1457,.F.);
#5748 = PLANE('',#5749);
#5749 = AXIS2_PLACEMENT_3D('',#5750,#5751,#5752);
#5750 = CARTESIAN_POINT('',(35.01829964955,10.,3.));
#5751 = DIRECTION('',(0.,1.,0.));
#5752 = DIRECTION('',(-1.,0.,0.));
#5753 = ADVANCED_FACE('',(#5754),#5772,.T.);
#5754 = FACE_BOUND('',#5755,.T.);
#5755 = EDGE_LOOP('',(#5756,#5764,#5770,#5771));
#5756 = ORIENTED_EDGE('',*,*,#5757,.T.);
#5757 = EDGE_CURVE('',#1442,#5758,#5760,.T.);
#5758 = VERTEX_POINT('',#5759);
#5759 = CARTESIAN_POINT('',(35.01829964955,11.531531531532,2.));
#5760 = LINE('',#5761,#5762);
#5761 = CARTESIAN_POINT('',(35.01829964955,11.531531531532,3.));
#5762 = VECTOR('',#5763,1.);
#5763 = DIRECTION('',(-0.,-0.,-1.));
#5764 = ORIENTED_EDGE('',*,*,#5765,.T.);
#5765 = EDGE_CURVE('',#5758,#5734,#5766,.T.);
#5766 = LINE('',#5767,#5768);
#5767 = CARTESIAN_POINT('',(35.01829964955,11.531531531532,2.));
#5768 = VECTOR('',#5769,1.);
#5769 = DIRECTION('',(0.,-1.,0.));
#5770 = ORIENTED_EDGE('',*,*,#5733,.F.);
#5771 = ORIENTED_EDGE('',*,*,#1449,.F.);
#5772 = PLANE('',#5773);
#5773 = AXIS2_PLACEMENT_3D('',#5774,#5775,#5776);
#5774 = CARTESIAN_POINT('',(35.01829964955,11.531531531532,3.));
#5775 = DIRECTION('',(-1.,0.,0.));
#5776 = DIRECTION('',(0.,-1.,0.));
#5777 = ADVANCED_FACE('',(#5778),#5796,.T.);
#5778 = FACE_BOUND('',#5779,.T.);
#5779 = EDGE_LOOP('',(#5780,#5788,#5794,#5795));
#5780 = ORIENTED_EDGE('',*,*,#5781,.T.);
#5781 = EDGE_CURVE('',#1434,#5782,#5784,.T.);
#5782 = VERTEX_POINT('',#5783);
#5783 = CARTESIAN_POINT('',(35.727477577477,11.531531531532,2.));
#5784 = LINE('',#5785,#5786);
#5785 = CARTESIAN_POINT('',(35.727477577477,11.531531531532,3.));
#5786 = VECTOR('',#5787,1.);
#5787 = DIRECTION('',(-0.,-0.,-1.));
#5788 = ORIENTED_EDGE('',*,*,#5789,.T.);
#5789 = EDGE_CURVE('',#5782,#5758,#5790,.T.);
#5790 = LINE('',#5791,#5792);
#5791 = CARTESIAN_POINT('',(35.727477577477,11.531531531532,2.));
#5792 = VECTOR('',#5793,1.);
#5793 = DIRECTION('',(-1.,0.,0.));
#5794 = ORIENTED_EDGE('',*,*,#5757,.F.);
#5795 = ORIENTED_EDGE('',*,*,#1441,.F.);
#5796 = PLANE('',#5797);
#5797 = AXIS2_PLACEMENT_3D('',#5798,#5799,#5800);
#5798 = CARTESIAN_POINT('',(35.727477577477,11.531531531532,3.));
#5799 = DIRECTION('',(0.,1.,0.));
#5800 = DIRECTION('',(-1.,0.,0.));
#5801 = ADVANCED_FACE('',(#5802),#5820,.T.);
#5802 = FACE_BOUND('',#5803,.T.);
#5803 = EDGE_LOOP('',(#5804,#5812,#5818,#5819));
#5804 = ORIENTED_EDGE('',*,*,#5805,.T.);
#5805 = EDGE_CURVE('',#1426,#5806,#5808,.T.);
#5806 = VERTEX_POINT('',#5807);
#5807 = CARTESIAN_POINT('',(35.727477577477,12.18018018018,2.));
#5808 = LINE('',#5809,#5810);
#5809 = CARTESIAN_POINT('',(35.727477577477,12.18018018018,3.));
#5810 = VECTOR('',#5811,1.);
#5811 = DIRECTION('',(-0.,-0.,-1.));
#5812 = ORIENTED_EDGE('',*,*,#5813,.T.);
#5813 = EDGE_CURVE('',#5806,#5782,#5814,.T.);
#5814 = LINE('',#5815,#5816);
#5815 = CARTESIAN_POINT('',(35.727477577477,12.18018018018,2.));
#5816 = VECTOR('',#5817,1.);
#5817 = DIRECTION('',(0.,-1.,0.));
#5818 = ORIENTED_EDGE('',*,*,#5781,.F.);
#5819 = ORIENTED_EDGE('',*,*,#1433,.F.);
#5820 = PLANE('',#5821);
#5821 = AXIS2_PLACEMENT_3D('',#5822,#5823,#5824);
#5822 = CARTESIAN_POINT('',(35.727477577477,12.18018018018,3.));
#5823 = DIRECTION('',(-1.,0.,0.));
#5824 = DIRECTION('',(0.,-1.,0.));
#5825 = ADVANCED_FACE('',(#5826),#5844,.T.);
#5826 = FACE_BOUND('',#5827,.T.);
#5827 = EDGE_LOOP('',(#5828,#5836,#5842,#5843));
#5828 = ORIENTED_EDGE('',*,*,#5829,.T.);
#5829 = EDGE_CURVE('',#1418,#5830,#5832,.T.);
#5830 = VERTEX_POINT('',#5831);
#5831 = CARTESIAN_POINT('',(35.01829964955,12.18018018018,2.));
#5832 = LINE('',#5833,#5834);
#5833 = CARTESIAN_POINT('',(35.01829964955,12.18018018018,3.));
#5834 = VECTOR('',#5835,1.);
#5835 = DIRECTION('',(-0.,-0.,-1.));
#5836 = ORIENTED_EDGE('',*,*,#5837,.T.);
#5837 = EDGE_CURVE('',#5830,#5806,#5838,.T.);
#5838 = LINE('',#5839,#5840);
#5839 = CARTESIAN_POINT('',(35.01829964955,12.18018018018,2.));
#5840 = VECTOR('',#5841,1.);
#5841 = DIRECTION('',(1.,0.,0.));
#5842 = ORIENTED_EDGE('',*,*,#5805,.F.);
#5843 = ORIENTED_EDGE('',*,*,#1425,.F.);
#5844 = PLANE('',#5845);
#5845 = AXIS2_PLACEMENT_3D('',#5846,#5847,#5848);
#5846 = CARTESIAN_POINT('',(35.01829964955,12.18018018018,3.));
#5847 = DIRECTION('',(0.,-1.,0.));
#5848 = DIRECTION('',(1.,0.,0.));
#5849 = ADVANCED_FACE('',(#5850),#5868,.T.);
#5850 = FACE_BOUND('',#5851,.T.);
#5851 = EDGE_LOOP('',(#5852,#5860,#5866,#5867));
#5852 = ORIENTED_EDGE('',*,*,#5853,.T.);
#5853 = EDGE_CURVE('',#1410,#5854,#5856,.T.);
#5854 = VERTEX_POINT('',#5855);
#5855 = CARTESIAN_POINT('',(35.01829964955,16.,2.));
#5856 = LINE('',#5857,#5858);
#5857 = CARTESIAN_POINT('',(35.01829964955,16.,3.));
#5858 = VECTOR('',#5859,1.);
#5859 = DIRECTION('',(-0.,-0.,-1.));
#5860 = ORIENTED_EDGE('',*,*,#5861,.T.);
#5861 = EDGE_CURVE('',#5854,#5830,#5862,.T.);
#5862 = LINE('',#5863,#5864);
#5863 = CARTESIAN_POINT('',(35.01829964955,16.,2.));
#5864 = VECTOR('',#5865,1.);
#5865 = DIRECTION('',(0.,-1.,0.));
#5866 = ORIENTED_EDGE('',*,*,#5829,.F.);
#5867 = ORIENTED_EDGE('',*,*,#1417,.F.);
#5868 = PLANE('',#5869);
#5869 = AXIS2_PLACEMENT_3D('',#5870,#5871,#5872);
#5870 = CARTESIAN_POINT('',(35.01829964955,16.,3.));
#5871 = DIRECTION('',(-1.,0.,0.));
#5872 = DIRECTION('',(0.,-1.,0.));
#5873 = ADVANCED_FACE('',(#5874),#5892,.T.);
#5874 = FACE_BOUND('',#5875,.T.);
#5875 = EDGE_LOOP('',(#5876,#5884,#5890,#5891));
#5876 = ORIENTED_EDGE('',*,*,#5877,.T.);
#5877 = EDGE_CURVE('',#1402,#5878,#5880,.T.);
#5878 = VERTEX_POINT('',#5879);
#5879 = CARTESIAN_POINT('',(34.248592442342,16.,2.));
#5880 = LINE('',#5881,#5882);
#5881 = CARTESIAN_POINT('',(34.248592442342,16.,3.));
#5882 = VECTOR('',#5883,1.);
#5883 = DIRECTION('',(-0.,-0.,-1.));
#5884 = ORIENTED_EDGE('',*,*,#5885,.T.);
#5885 = EDGE_CURVE('',#5878,#5854,#5886,.T.);
#5886 = LINE('',#5887,#5888);
#5887 = CARTESIAN_POINT('',(34.248592442342,16.,2.));
#5888 = VECTOR('',#5889,1.);
#5889 = DIRECTION('',(1.,0.,0.));
#5890 = ORIENTED_EDGE('',*,*,#5853,.F.);
#5891 = ORIENTED_EDGE('',*,*,#1409,.F.);
#5892 = PLANE('',#5893);
#5893 = AXIS2_PLACEMENT_3D('',#5894,#5895,#5896);
#5894 = CARTESIAN_POINT('',(34.248592442342,16.,3.));
#5895 = DIRECTION('',(0.,-1.,0.));
#5896 = DIRECTION('',(1.,0.,0.));
#5897 = ADVANCED_FACE('',(#5898),#5916,.T.);
#5898 = FACE_BOUND('',#5899,.T.);
#5899 = EDGE_LOOP('',(#5900,#5908,#5914,#5915));
#5900 = ORIENTED_EDGE('',*,*,#5901,.T.);
#5901 = EDGE_CURVE('',#1394,#5902,#5904,.T.);
#5902 = VERTEX_POINT('',#5903);
#5903 = CARTESIAN_POINT('',(33.422578928829,15.063626126126,2.));
#5904 = LINE('',#5905,#5906);
#5905 = CARTESIAN_POINT('',(33.422578928829,15.063626126126,3.));
#5906 = VECTOR('',#5907,1.);
#5907 = DIRECTION('',(-0.,-0.,-1.));
#5908 = ORIENTED_EDGE('',*,*,#5909,.T.);
#5909 = EDGE_CURVE('',#5902,#5878,#5910,.T.);
#5910 = B_SPLINE_CURVE_WITH_KNOTS('',2,(#5911,#5912,#5913),
  .UNSPECIFIED.,.F.,.F.,(3,3),(0.,1.),.PIECEWISE_BEZIER_KNOTS.);
#5911 = CARTESIAN_POINT('',(33.422578928829,15.063626126126,2.));
#5912 = CARTESIAN_POINT('',(33.833333433333,15.584740990991,2.));
#5913 = CARTESIAN_POINT('',(34.248592442342,16.,2.));
#5914 = ORIENTED_EDGE('',*,*,#5877,.F.);
#5915 = ORIENTED_EDGE('',*,*,#1401,.F.);
#5916 = SURFACE_OF_LINEAR_EXTRUSION('',#5917,#5921);
#5917 = B_SPLINE_CURVE_WITH_KNOTS('',2,(#5918,#5919,#5920),
  .UNSPECIFIED.,.F.,.F.,(3,3),(0.,1.),.PIECEWISE_BEZIER_KNOTS.);
#5918 = CARTESIAN_POINT('',(33.422578928829,15.063626126126,3.));
#5919 = CARTESIAN_POINT('',(33.833333433333,15.584740990991,3.));
#5920 = CARTESIAN_POINT('',(34.248592442342,16.,3.));
#5921 = VECTOR('',#5922,1.);
#5922 = DIRECTION('',(0.,0.,1.));
#5923 = ADVANCED_FACE('',(#5924),#5942,.T.);
#5924 = FACE_BOUND('',#5925,.T.);
#5925 = EDGE_LOOP('',(#5926,#5934,#5940,#5941));
#5926 = ORIENTED_EDGE('',*,*,#5927,.T.);
#5927 = EDGE_CURVE('',#1386,#5928,#5930,.T.);
#5928 = VERTEX_POINT('',#5929);
#5929 = CARTESIAN_POINT('',(32.652871721622,14.004222972973,2.));
#5930 = LINE('',#5931,#5932);
#5931 = CARTESIAN_POINT('',(32.652871721622,14.004222972973,3.));
#5932 = VECTOR('',#5933,1.);
#5933 = DIRECTION('',(-0.,-0.,-1.));
#5934 = ORIENTED_EDGE('',*,*,#5935,.T.);
#5935 = EDGE_CURVE('',#5928,#5902,#5936,.T.);
#5936 = B_SPLINE_CURVE_WITH_KNOTS('',2,(#5937,#5938,#5939),
  .UNSPECIFIED.,.F.,.F.,(3,3),(0.,1.),.PIECEWISE_BEZIER_KNOTS.);
#5937 = CARTESIAN_POINT('',(32.652871721622,14.004222972973,2.));
#5938 = CARTESIAN_POINT('',(33.011824424324,14.542792792793,2.));
#5939 = CARTESIAN_POINT('',(33.422578928829,15.063626126126,2.));
#5940 = ORIENTED_EDGE('',*,*,#5901,.F.);
#5941 = ORIENTED_EDGE('',*,*,#1393,.F.);
#5942 = SURFACE_OF_LINEAR_EXTRUSION('',#5943,#5947);
#5943 = B_SPLINE_CURVE_WITH_KNOTS('',2,(#5944,#5945,#5946),
  .UNSPECIFIED.,.F.,.F.,(3,3),(0.,1.),.PIECEWISE_BEZIER_KNOTS.);
#5944 = CARTESIAN_POINT('',(32.652871721622,14.004222972973,3.));
#5945 = CARTESIAN_POINT('',(33.011824424324,14.542792792793,3.));
#5946 = CARTESIAN_POINT('',(33.422578928829,15.063626126126,3.));
#5947 = VECTOR('',#5948,1.);
#5948 = DIRECTION('',(0.,0.,1.));
#5949 = ADVANCED_FACE('',(#5950),#5968,.T.);
#5950 = FACE_BOUND('',#5951,.T.);
#5951 = EDGE_LOOP('',(#5952,#5960,#5966,#5967));
#5952 = ORIENTED_EDGE('',*,*,#5953,.T.);
#5953 = EDGE_CURVE('',#1378,#5954,#5956,.T.);
#5954 = VERTEX_POINT('',#5955);
#5955 = CARTESIAN_POINT('',(32.008446045946,12.95777027027,2.));
#5956 = LINE('',#5957,#5958);
#5957 = CARTESIAN_POINT('',(32.008446045946,12.95777027027,3.));
#5958 = VECTOR('',#5959,1.);
#5959 = DIRECTION('',(-0.,-0.,-1.));
#5960 = ORIENTED_EDGE('',*,*,#5961,.T.);
#5961 = EDGE_CURVE('',#5954,#5928,#5962,.T.);
#5962 = B_SPLINE_CURVE_WITH_KNOTS('',2,(#5963,#5964,#5965),
  .UNSPECIFIED.,.F.,.F.,(3,3),(0.,1.),.PIECEWISE_BEZIER_KNOTS.);
#5963 = CARTESIAN_POINT('',(32.008446045946,12.95777027027,2.));
#5964 = CARTESIAN_POINT('',(32.293919018919,13.465934684685,2.));
#5965 = CARTESIAN_POINT('',(32.652871721622,14.004222972973,2.));
#5966 = ORIENTED_EDGE('',*,*,#5927,.F.);
#5967 = ORIENTED_EDGE('',*,*,#1385,.F.);
#5968 = SURFACE_OF_LINEAR_EXTRUSION('',#5969,#5973);
#5969 = B_SPLINE_CURVE_WITH_KNOTS('',2,(#5970,#5971,#5972),
  .UNSPECIFIED.,.F.,.F.,(3,3),(0.,1.),.PIECEWISE_BEZIER_KNOTS.);
#5970 = CARTESIAN_POINT('',(32.008446045946,12.95777027027,3.));
#5971 = CARTESIAN_POINT('',(32.293919018919,13.465934684685,3.));
#5972 = CARTESIAN_POINT('',(32.652871721622,14.004222972973,3.));
#5973 = VECTOR('',#5974,1.);
#5974 = DIRECTION('',(0.,0.,1.));
#5975 = ADVANCED_FACE('',(#5976),#5987,.T.);
#5976 = FACE_BOUND('',#5977,.T.);
#5977 = EDGE_LOOP('',(#5978,#5979,#5985,#5986));
#5978 = ORIENTED_EDGE('',*,*,#5670,.T.);
#5979 = ORIENTED_EDGE('',*,*,#5980,.T.);
#5980 = EDGE_CURVE('',#5663,#5954,#5981,.T.);
#5981 = B_SPLINE_CURVE_WITH_KNOTS('',2,(#5982,#5983,#5984),
  .UNSPECIFIED.,.F.,.F.,(3,3),(0.,1.),.PIECEWISE_BEZIER_KNOTS.);
#5982 = CARTESIAN_POINT('',(31.55884019009,12.067849099099,2.));
#5983 = CARTESIAN_POINT('',(31.723254604505,12.449887387387,2.));
#5984 = CARTESIAN_POINT('',(32.008446045946,12.95777027027,2.));
#5985 = ORIENTED_EDGE('',*,*,#5953,.F.);
#5986 = ORIENTED_EDGE('',*,*,#1377,.F.);
#5987 = SURFACE_OF_LINEAR_EXTRUSION('',#5988,#5992);
#5988 = B_SPLINE_CURVE_WITH_KNOTS('',2,(#5989,#5990,#5991),
  .UNSPECIFIED.,.F.,.F.,(3,3),(0.,1.),.PIECEWISE_BEZIER_KNOTS.);
#5989 = CARTESIAN_POINT('',(31.55884019009,12.067849099099,3.));
#5990 = CARTESIAN_POINT('',(31.723254604505,12.449887387387,3.));
#5991 = CARTESIAN_POINT('',(32.008446045946,12.95777027027,3.));
#5992 = VECTOR('',#5993,1.);
#5993 = DIRECTION('',(0.,0.,1.));
#5994 = ADVANCED_FACE('',(#5995),#6020,.T.);
#5995 = FACE_BOUND('',#5996,.T.);
#5996 = EDGE_LOOP('',(#5997,#6005,#6013,#6019));
#5997 = ORIENTED_EDGE('',*,*,#5998,.T.);
#5998 = EDGE_CURVE('',#1493,#5999,#6001,.T.);
#5999 = VERTEX_POINT('',#6000);
#6000 = CARTESIAN_POINT('',(-2.664132882883,20.,2.));
#6001 = LINE('',#6002,#6003);
#6002 = CARTESIAN_POINT('',(-2.664132882883,20.,3.));
#6003 = VECTOR('',#6004,1.);
#6004 = DIRECTION('',(-0.,-0.,-1.));
#6005 = ORIENTED_EDGE('',*,*,#6006,.T.);
#6006 = EDGE_CURVE('',#5999,#6007,#6009,.T.);
#6007 = VERTEX_POINT('',#6008);
#6008 = CARTESIAN_POINT('',(-2.664132882883,29.468186936937,2.));
#6009 = LINE('',#6010,#6011);
#6010 = CARTESIAN_POINT('',(-2.664132882883,20.,2.));
#6011 = VECTOR('',#6012,1.);
#6012 = DIRECTION('',(0.,1.,0.));
#6013 = ORIENTED_EDGE('',*,*,#6014,.F.);
#6014 = EDGE_CURVE('',#1495,#6007,#6015,.T.);
#6015 = LINE('',#6016,#6017);
#6016 = CARTESIAN_POINT('',(-2.664132882883,29.468186936937,3.));
#6017 = VECTOR('',#6018,1.);
#6018 = DIRECTION('',(-0.,-0.,-1.));
#6019 = ORIENTED_EDGE('',*,*,#1492,.F.);
#6020 = PLANE('',#6021);
#6021 = AXIS2_PLACEMENT_3D('',#6022,#6023,#6024);
#6022 = CARTESIAN_POINT('',(-2.664132882883,20.,3.));
#6023 = DIRECTION('',(1.,0.,0.));
#6024 = DIRECTION('',(0.,1.,0.));
#6025 = ADVANCED_FACE('',(#6026),#6044,.T.);
#6026 = FACE_BOUND('',#6027,.T.);
#6027 = EDGE_LOOP('',(#6028,#6036,#6042,#6043));
#6028 = ORIENTED_EDGE('',*,*,#6029,.T.);
#6029 = EDGE_CURVE('',#1639,#6030,#6032,.T.);
#6030 = VERTEX_POINT('',#6031);
#6031 = CARTESIAN_POINT('',(-0.921405780781,20.,2.));
#6032 = LINE('',#6033,#6034);
#6033 = CARTESIAN_POINT('',(-0.921405780781,20.,3.));
#6034 = VECTOR('',#6035,1.);
#6035 = DIRECTION('',(-0.,-0.,-1.));
#6036 = ORIENTED_EDGE('',*,*,#6037,.T.);
#6037 = EDGE_CURVE('',#6030,#5999,#6038,.T.);
#6038 = LINE('',#6039,#6040);
#6039 = CARTESIAN_POINT('',(-0.921405780781,20.,2.));
#6040 = VECTOR('',#6041,1.);
#6041 = DIRECTION('',(-1.,0.,0.));
#6042 = ORIENTED_EDGE('',*,*,#5998,.F.);
#6043 = ORIENTED_EDGE('',*,*,#1646,.F.);
#6044 = PLANE('',#6045);
#6045 = AXIS2_PLACEMENT_3D('',#6046,#6047,#6048);
#6046 = CARTESIAN_POINT('',(-0.921405780781,20.,3.));
#6047 = DIRECTION('',(0.,1.,0.));
#6048 = DIRECTION('',(-1.,0.,0.));
#6049 = ADVANCED_FACE('',(#6050),#6068,.T.);
#6050 = FACE_BOUND('',#6051,.T.);
#6051 = EDGE_LOOP('',(#6052,#6053,#6061,#6067));
#6052 = ORIENTED_EDGE('',*,*,#6014,.T.);
#6053 = ORIENTED_EDGE('',*,*,#6054,.T.);
#6054 = EDGE_CURVE('',#6007,#6055,#6057,.T.);
#6055 = VERTEX_POINT('',#6056);
#6056 = CARTESIAN_POINT('',(-1.071462087087,29.786599099099,2.));
#6057 = B_SPLINE_CURVE_WITH_KNOTS('',2,(#6058,#6059,#6060),
  .UNSPECIFIED.,.F.,.F.,(3,3),(0.,1.),.PIECEWISE_BEZIER_KNOTS.);
#6058 = CARTESIAN_POINT('',(-2.664132882883,29.468186936937,2.));
#6059 = CARTESIAN_POINT('',(-2.064517642643,29.618243243243,2.));
#6060 = CARTESIAN_POINT('',(-1.071462087087,29.786599099099,2.));
#6061 = ORIENTED_EDGE('',*,*,#6062,.F.);
#6062 = EDGE_CURVE('',#1503,#6055,#6063,.T.);
#6063 = LINE('',#6064,#6065);
#6064 = CARTESIAN_POINT('',(-1.071462087087,29.786599099099,3.));
#6065 = VECTOR('',#6066,1.);
#6066 = DIRECTION('',(-0.,-0.,-1.));
#6067 = ORIENTED_EDGE('',*,*,#1502,.F.);
#6068 = SURFACE_OF_LINEAR_EXTRUSION('',#6069,#6073);
#6069 = B_SPLINE_CURVE_WITH_KNOTS('',2,(#6070,#6071,#6072),
  .UNSPECIFIED.,.F.,.F.,(3,3),(0.,1.),.PIECEWISE_BEZIER_KNOTS.);
#6070 = CARTESIAN_POINT('',(-2.664132882883,29.468186936937,3.));
#6071 = CARTESIAN_POINT('',(-2.064517642643,29.618243243243,3.));
#6072 = CARTESIAN_POINT('',(-1.071462087087,29.786599099099,3.));
#6073 = VECTOR('',#6074,1.);
#6074 = DIRECTION('',(0.,0.,1.));
#6075 = ADVANCED_FACE('',(#6076),#6094,.T.);
#6076 = FACE_BOUND('',#6077,.T.);
#6077 = EDGE_LOOP('',(#6078,#6086,#6092,#6093));
#6078 = ORIENTED_EDGE('',*,*,#6079,.T.);
#6079 = EDGE_CURVE('',#1631,#6080,#6082,.T.);
#6080 = VERTEX_POINT('',#6081);
#6081 = CARTESIAN_POINT('',(-0.921405780781,28.245167042042,2.));
#6082 = LINE('',#6083,#6084);
#6083 = CARTESIAN_POINT('',(-0.921405780781,28.245167042042,3.));
#6084 = VECTOR('',#6085,1.);
#6085 = DIRECTION('',(-0.,-0.,-1.));
#6086 = ORIENTED_EDGE('',*,*,#6087,.T.);
#6087 = EDGE_CURVE('',#6080,#6030,#6088,.T.);
#6088 = LINE('',#6089,#6090);
#6089 = CARTESIAN_POINT('',(-0.921405780781,28.245167042042,2.));
#6090 = VECTOR('',#6091,1.);
#6091 = DIRECTION('',(0.,-1.,0.));
#6092 = ORIENTED_EDGE('',*,*,#6029,.F.);
#6093 = ORIENTED_EDGE('',*,*,#1638,.F.);
#6094 = PLANE('',#6095);
#6095 = AXIS2_PLACEMENT_3D('',#6096,#6097,#6098);
#6096 = CARTESIAN_POINT('',(-0.921405780781,28.245167042042,3.));
#6097 = DIRECTION('',(-1.,0.,0.));
#6098 = DIRECTION('',(0.,-1.,0.));
#6099 = ADVANCED_FACE('',(#6100),#6118,.T.);
#6100 = FACE_BOUND('',#6101,.T.);
#6101 = EDGE_LOOP('',(#6102,#6103,#6111,#6117));
#6102 = ORIENTED_EDGE('',*,*,#6062,.T.);
#6103 = ORIENTED_EDGE('',*,*,#6104,.T.);
#6104 = EDGE_CURVE('',#6055,#6105,#6107,.T.);
#6105 = VERTEX_POINT('',#6106);
#6106 = CARTESIAN_POINT('',(1.214761636637,29.954954954955,2.));
#6107 = B_SPLINE_CURVE_WITH_KNOTS('',2,(#6108,#6109,#6110),
  .UNSPECIFIED.,.F.,.F.,(3,3),(0.,1.),.PIECEWISE_BEZIER_KNOTS.);
#6108 = CARTESIAN_POINT('',(-1.071462087087,29.786599099099,2.));
#6109 = CARTESIAN_POINT('',(-7.840653153153E-02,29.954954954955,2.));
#6110 = CARTESIAN_POINT('',(1.214761636637,29.954954954955,2.));
#6111 = ORIENTED_EDGE('',*,*,#6112,.F.);
#6112 = EDGE_CURVE('',#1511,#6105,#6113,.T.);
#6113 = LINE('',#6114,#6115);
#6114 = CARTESIAN_POINT('',(1.214761636637,29.954954954955,3.));
#6115 = VECTOR('',#6116,1.);
#6116 = DIRECTION('',(-0.,-0.,-1.));
#6117 = ORIENTED_EDGE('',*,*,#1510,.F.);
#6118 = SURFACE_OF_LINEAR_EXTRUSION('',#6119,#6123);
#6119 = B_SPLINE_CURVE_WITH_KNOTS('',2,(#6120,#6121,#6122),
  .UNSPECIFIED.,.F.,.F.,(3,3),(0.,1.),.PIECEWISE_BEZIER_KNOTS.);
#6120 = CARTESIAN_POINT('',(-1.071462087087,29.786599099099,3.));
#6121 = CARTESIAN_POINT('',(-7.840653153153E-02,29.954954954955,3.));
#6122 = CARTESIAN_POINT('',(1.214761636637,29.954954954955,3.));
#6123 = VECTOR('',#6124,1.);
#6124 = DIRECTION('',(0.,0.,1.));
#6125 = ADVANCED_FACE('',(#6126),#6144,.T.);
#6126 = FACE_BOUND('',#6127,.T.);
#6127 = EDGE_LOOP('',(#6128,#6136,#6142,#6143));
#6128 = ORIENTED_EDGE('',*,*,#6129,.T.);
#6129 = EDGE_CURVE('',#1623,#6130,#6132,.T.);
#6130 = VERTEX_POINT('',#6131);
#6131 = CARTESIAN_POINT('',(-0.612143393393,28.301285660661,2.));
#6132 = LINE('',#6133,#6134);
#6133 = CARTESIAN_POINT('',(-0.612143393393,28.301285660661,3.));
#6134 = VECTOR('',#6135,1.);
#6135 = DIRECTION('',(-0.,-0.,-1.));
#6136 = ORIENTED_EDGE('',*,*,#6137,.T.);
#6137 = EDGE_CURVE('',#6130,#6080,#6138,.T.);
#6138 = B_SPLINE_CURVE_WITH_KNOTS('',2,(#6139,#6140,#6141),
  .UNSPECIFIED.,.F.,.F.,(3,3),(0.,1.),.PIECEWISE_BEZIER_KNOTS.);
#6139 = CARTESIAN_POINT('',(-0.612143393393,28.301285660661,2.));
#6140 = CARTESIAN_POINT('',(-0.827468093093,28.264076576577,2.));
#6141 = CARTESIAN_POINT('',(-0.921405780781,28.245167042042,2.));
#6142 = ORIENTED_EDGE('',*,*,#6079,.F.);
#6143 = ORIENTED_EDGE('',*,*,#1630,.F.);
#6144 = SURFACE_OF_LINEAR_EXTRUSION('',#6145,#6149);
#6145 = B_SPLINE_CURVE_WITH_KNOTS('',2,(#6146,#6147,#6148),
  .UNSPECIFIED.,.F.,.F.,(3,3),(0.,1.),.PIECEWISE_BEZIER_KNOTS.);
#6146 = CARTESIAN_POINT('',(-0.612143393393,28.301285660661,3.));
#6147 = CARTESIAN_POINT('',(-0.827468093093,28.264076576577,3.));
#6148 = CARTESIAN_POINT('',(-0.921405780781,28.245167042042,3.));
#6149 = VECTOR('',#6150,1.);
#6150 = DIRECTION('',(0.,0.,1.));
#6151 = ADVANCED_FACE('',(#6152),#6170,.T.);
#6152 = FACE_BOUND('',#6153,.T.);
#6153 = EDGE_LOOP('',(#6154,#6155,#6163,#6169));
#6154 = ORIENTED_EDGE('',*,*,#6112,.T.);
#6155 = ORIENTED_EDGE('',*,*,#6156,.T.);
#6156 = EDGE_CURVE('',#6105,#6157,#6159,.T.);
#6157 = VERTEX_POINT('',#6158);
#6158 = CARTESIAN_POINT('',(3.144144144144,29.626783033033,2.));
#6159 = B_SPLINE_CURVE_WITH_KNOTS('',2,(#6160,#6161,#6162),
  .UNSPECIFIED.,.F.,.F.,(3,3),(0.,1.),.PIECEWISE_BEZIER_KNOTS.);
#6160 = CARTESIAN_POINT('',(1.214761636637,29.954954954955,2.));
#6161 = CARTESIAN_POINT('',(2.376173048048,29.954954954955,2.));
#6162 = CARTESIAN_POINT('',(3.144144144144,29.626783033033,2.));
#6163 = ORIENTED_EDGE('',*,*,#6164,.F.);
#6164 = EDGE_CURVE('',#1519,#6157,#6165,.T.);
#6165 = LINE('',#6166,#6167);
#6166 = CARTESIAN_POINT('',(3.144144144144,29.626783033033,3.));
#6167 = VECTOR('',#6168,1.);
#6168 = DIRECTION('',(-0.,-0.,-1.));
#6169 = ORIENTED_EDGE('',*,*,#1518,.F.);
#6170 = SURFACE_OF_LINEAR_EXTRUSION('',#6171,#6175);
#6171 = B_SPLINE_CURVE_WITH_KNOTS('',2,(#6172,#6173,#6174),
  .UNSPECIFIED.,.F.,.F.,(3,3),(0.,1.),.PIECEWISE_BEZIER_KNOTS.);
#6172 = CARTESIAN_POINT('',(1.214761636637,29.954954954955,3.));
#6173 = CARTESIAN_POINT('',(2.376173048048,29.954954954955,3.));
#6174 = CARTESIAN_POINT('',(3.144144144144,29.626783033033,3.));
#6175 = VECTOR('',#6176,1.);
#6176 = DIRECTION('',(0.,0.,1.));
#6177 = ADVANCED_FACE('',(#6178),#6196,.T.);
#6178 = FACE_BOUND('',#6179,.T.);
#6179 = EDGE_LOOP('',(#6180,#6188,#6194,#6195));
#6180 = ORIENTED_EDGE('',*,*,#6181,.T.);
#6181 = EDGE_CURVE('',#1615,#6182,#6184,.T.);
#6182 = VERTEX_POINT('',#6183);
#6183 = CARTESIAN_POINT('',(-0.125375375375,28.366554054054,2.));
#6184 = LINE('',#6185,#6186);
#6185 = CARTESIAN_POINT('',(-0.125375375375,28.366554054054,3.));
#6186 = VECTOR('',#6187,1.);
#6187 = DIRECTION('',(-0.,-0.,-1.));
#6188 = ORIENTED_EDGE('',*,*,#6189,.T.);
#6189 = EDGE_CURVE('',#6182,#6130,#6190,.T.);
#6190 = B_SPLINE_CURVE_WITH_KNOTS('',2,(#6191,#6192,#6193),
  .UNSPECIFIED.,.F.,.F.,(3,3),(0.,1.),.PIECEWISE_BEZIER_KNOTS.);
#6191 = CARTESIAN_POINT('',(-0.125375375375,28.366554054054,2.));
#6192 = CARTESIAN_POINT('',(-0.396818693694,28.338494744745,2.));
#6193 = CARTESIAN_POINT('',(-0.612143393393,28.301285660661,2.));
#6194 = ORIENTED_EDGE('',*,*,#6129,.F.);
#6195 = ORIENTED_EDGE('',*,*,#1622,.F.);
#6196 = SURFACE_OF_LINEAR_EXTRUSION('',#6197,#6201);
#6197 = B_SPLINE_CURVE_WITH_KNOTS('',2,(#6198,#6199,#6200),
  .UNSPECIFIED.,.F.,.F.,(3,3),(0.,1.),.PIECEWISE_BEZIER_KNOTS.);
#6198 = CARTESIAN_POINT('',(-0.125375375375,28.366554054054,3.));
#6199 = CARTESIAN_POINT('',(-0.396818693694,28.338494744745,3.));
#6200 = CARTESIAN_POINT('',(-0.612143393393,28.301285660661,3.));
#6201 = VECTOR('',#6202,1.);
#6202 = DIRECTION('',(0.,0.,1.));
#6203 = ADVANCED_FACE('',(#6204),#6222,.T.);
#6204 = FACE_BOUND('',#6205,.T.);
#6205 = EDGE_LOOP('',(#6206,#6207,#6215,#6221));
#6206 = ORIENTED_EDGE('',*,*,#6164,.T.);
#6207 = ORIENTED_EDGE('',*,*,#6208,.T.);
#6208 = EDGE_CURVE('',#6157,#6209,#6211,.T.);
#6209 = VERTEX_POINT('',#6210);
#6210 = CARTESIAN_POINT('',(4.372043918919,28.708145645646,2.));
#6211 = B_SPLINE_CURVE_WITH_KNOTS('',2,(#6212,#6213,#6214),
  .UNSPECIFIED.,.F.,.F.,(3,3),(0.,1.),.PIECEWISE_BEZIER_KNOTS.);
#6212 = CARTESIAN_POINT('',(3.144144144144,29.626783033033,2.));
#6213 = CARTESIAN_POINT('',(3.912725225225,29.298611111111,2.));
#6214 = CARTESIAN_POINT('',(4.372043918919,28.708145645646,2.));
#6215 = ORIENTED_EDGE('',*,*,#6216,.F.);
#6216 = EDGE_CURVE('',#1527,#6209,#6217,.T.);
#6217 = LINE('',#6218,#6219);
#6218 = CARTESIAN_POINT('',(4.372043918919,28.708145645646,3.));
#6219 = VECTOR('',#6220,1.);
#6220 = DIRECTION('',(-0.,-0.,-1.));
#6221 = ORIENTED_EDGE('',*,*,#1526,.F.);
#6222 = SURFACE_OF_LINEAR_EXTRUSION('',#6223,#6227);
#6223 = B_SPLINE_CURVE_WITH_KNOTS('',2,(#6224,#6225,#6226),
  .UNSPECIFIED.,.F.,.F.,(3,3),(0.,1.),.PIECEWISE_BEZIER_KNOTS.);
#6224 = CARTESIAN_POINT('',(3.144144144144,29.626783033033,3.));
#6225 = CARTESIAN_POINT('',(3.912725225225,29.298611111111,3.));
#6226 = CARTESIAN_POINT('',(4.372043918919,28.708145645646,3.));
#6227 = VECTOR('',#6228,1.);
#6228 = DIRECTION('',(0.,0.,1.));
#6229 = ADVANCED_FACE('',(#6230),#6248,.T.);
#6230 = FACE_BOUND('',#6231,.T.);
#6231 = EDGE_LOOP('',(#6232,#6240,#6246,#6247));
#6232 = ORIENTED_EDGE('',*,*,#6233,.T.);
#6233 = EDGE_CURVE('',#1607,#6234,#6236,.T.);
#6234 = VERTEX_POINT('',#6235);
#6235 = CARTESIAN_POINT('',(0.446180555556,28.413522897898,2.));
#6236 = LINE('',#6237,#6238);
#6237 = CARTESIAN_POINT('',(0.446180555556,28.413522897898,3.));
#6238 = VECTOR('',#6239,1.);
#6239 = DIRECTION('',(-0.,-0.,-1.));
#6240 = ORIENTED_EDGE('',*,*,#6241,.T.);
#6241 = EDGE_CURVE('',#6234,#6182,#6242,.T.);
#6242 = B_SPLINE_CURVE_WITH_KNOTS('',2,(#6243,#6244,#6245),
  .UNSPECIFIED.,.F.,.F.,(3,3),(0.,1.),.PIECEWISE_BEZIER_KNOTS.);
#6243 = CARTESIAN_POINT('',(0.446180555556,28.413522897898,2.));
#6244 = CARTESIAN_POINT('',(0.146677927928,28.395223348348,2.));
#6245 = CARTESIAN_POINT('',(-0.125375375375,28.366554054054,2.));
#6246 = ORIENTED_EDGE('',*,*,#6181,.F.);
#6247 = ORIENTED_EDGE('',*,*,#1614,.F.);
#6248 = SURFACE_OF_LINEAR_EXTRUSION('',#6249,#6253);
#6249 = B_SPLINE_CURVE_WITH_KNOTS('',2,(#6250,#6251,#6252),
  .UNSPECIFIED.,.F.,.F.,(3,3),(0.,1.),.PIECEWISE_BEZIER_KNOTS.);
#6250 = CARTESIAN_POINT('',(0.446180555556,28.413522897898,3.));
#6251 = CARTESIAN_POINT('',(0.146677927928,28.395223348348,3.));
#6252 = CARTESIAN_POINT('',(-0.125375375375,28.366554054054,3.));
#6253 = VECTOR('',#6254,1.);
#6254 = DIRECTION('',(0.,0.,1.));
#6255 = ADVANCED_FACE('',(#6256),#6274,.T.);
#6256 = FACE_BOUND('',#6257,.T.);
#6257 = EDGE_LOOP('',(#6258,#6259,#6267,#6273));
#6258 = ORIENTED_EDGE('',*,*,#6216,.T.);
#6259 = ORIENTED_EDGE('',*,*,#6260,.T.);
#6260 = EDGE_CURVE('',#6209,#6261,#6263,.T.);
#6261 = VERTEX_POINT('',#6262);
#6262 = CARTESIAN_POINT('',(5.018628003003,27.292370495495,2.));
#6263 = B_SPLINE_CURVE_WITH_KNOTS('',2,(#6264,#6265,#6266),
  .UNSPECIFIED.,.F.,.F.,(3,3),(0.,1.),.PIECEWISE_BEZIER_KNOTS.);
#6264 = CARTESIAN_POINT('',(4.372043918919,28.708145645646,2.));
#6265 = CARTESIAN_POINT('',(4.831362612613,28.11768018018,2.));
#6266 = CARTESIAN_POINT('',(5.018628003003,27.292370495495,2.));
#6267 = ORIENTED_EDGE('',*,*,#6268,.F.);
#6268 = EDGE_CURVE('',#1535,#6261,#6269,.T.);
#6269 = LINE('',#6270,#6271);
#6270 = CARTESIAN_POINT('',(5.018628003003,27.292370495495,3.));
#6271 = VECTOR('',#6272,1.);
#6272 = DIRECTION('',(-0.,-0.,-1.));
#6273 = ORIENTED_EDGE('',*,*,#1534,.F.);
#6274 = SURFACE_OF_LINEAR_EXTRUSION('',#6275,#6279);
#6275 = B_SPLINE_CURVE_WITH_KNOTS('',2,(#6276,#6277,#6278),
  .UNSPECIFIED.,.F.,.F.,(3,3),(0.,1.),.PIECEWISE_BEZIER_KNOTS.);
#6276 = CARTESIAN_POINT('',(4.372043918919,28.708145645646,3.));
#6277 = CARTESIAN_POINT('',(4.831362612613,28.11768018018,3.));
#6278 = CARTESIAN_POINT('',(5.018628003003,27.292370495495,3.));
#6279 = VECTOR('',#6280,1.);
#6280 = DIRECTION('',(0.,0.,1.));
#6281 = ADVANCED_FACE('',(#6282),#6300,.T.);
#6282 = FACE_BOUND('',#6283,.T.);
#6283 = EDGE_LOOP('',(#6284,#6292,#6298,#6299));
#6284 = ORIENTED_EDGE('',*,*,#6285,.T.);
#6285 = EDGE_CURVE('',#1599,#6286,#6288,.T.);
#6286 = VERTEX_POINT('',#6287);
#6287 = CARTESIAN_POINT('',(1.027496246246,28.432432432432,2.));
#6288 = LINE('',#6289,#6290);
#6289 = CARTESIAN_POINT('',(1.027496246246,28.432432432432,3.));
#6290 = VECTOR('',#6291,1.);
#6291 = DIRECTION('',(-0.,-0.,-1.));
#6292 = ORIENTED_EDGE('',*,*,#6293,.T.);
#6293 = EDGE_CURVE('',#6286,#6234,#6294,.T.);
#6294 = B_SPLINE_CURVE_WITH_KNOTS('',2,(#6295,#6296,#6297),
  .UNSPECIFIED.,.F.,.F.,(3,3),(0.,1.),.PIECEWISE_BEZIER_KNOTS.);
#6295 = CARTESIAN_POINT('',(1.027496246246,28.432432432432,2.));
#6296 = CARTESIAN_POINT('',(0.746293168168,28.432432432432,2.));
#6297 = CARTESIAN_POINT('',(0.446180555556,28.413522897898,2.));
#6298 = ORIENTED_EDGE('',*,*,#6233,.F.);
#6299 = ORIENTED_EDGE('',*,*,#1606,.F.);
#6300 = SURFACE_OF_LINEAR_EXTRUSION('',#6301,#6305);
#6301 = B_SPLINE_CURVE_WITH_KNOTS('',2,(#6302,#6303,#6304),
  .UNSPECIFIED.,.F.,.F.,(3,3),(0.,1.),.PIECEWISE_BEZIER_KNOTS.);
#6302 = CARTESIAN_POINT('',(1.027496246246,28.432432432432,3.));
#6303 = CARTESIAN_POINT('',(0.746293168168,28.432432432432,3.));
#6304 = CARTESIAN_POINT('',(0.446180555556,28.413522897898,3.));
#6305 = VECTOR('',#6306,1.);
#6306 = DIRECTION('',(0.,0.,1.));
#6307 = ADVANCED_FACE('',(#6308),#6326,.T.);
#6308 = FACE_BOUND('',#6309,.T.);
#6309 = EDGE_LOOP('',(#6310,#6311,#6319,#6325));
#6310 = ORIENTED_EDGE('',*,*,#6268,.T.);
#6311 = ORIENTED_EDGE('',*,*,#6312,.T.);
#6312 = EDGE_CURVE('',#6261,#6313,#6315,.T.);
#6313 = VERTEX_POINT('',#6314);
#6314 = CARTESIAN_POINT('',(5.205893393393,25.474005255255,2.));
#6315 = B_SPLINE_CURVE_WITH_KNOTS('',2,(#6316,#6317,#6318),
  .UNSPECIFIED.,.F.,.F.,(3,3),(0.,1.),.PIECEWISE_BEZIER_KNOTS.);
#6316 = CARTESIAN_POINT('',(5.018628003003,27.292370495495,2.));
#6317 = CARTESIAN_POINT('',(5.205893393393,26.467670795796,2.));
#6318 = CARTESIAN_POINT('',(5.205893393393,25.474005255255,2.));
#6319 = ORIENTED_EDGE('',*,*,#6320,.F.);
#6320 = EDGE_CURVE('',#1543,#6313,#6321,.T.);
#6321 = LINE('',#6322,#6323);
#6322 = CARTESIAN_POINT('',(5.205893393393,25.474005255255,3.));
#6323 = VECTOR('',#6324,1.);
#6324 = DIRECTION('',(-0.,-0.,-1.));
#6325 = ORIENTED_EDGE('',*,*,#1542,.F.);
#6326 = SURFACE_OF_LINEAR_EXTRUSION('',#6327,#6331);
#6327 = B_SPLINE_CURVE_WITH_KNOTS('',2,(#6328,#6329,#6330),
  .UNSPECIFIED.,.F.,.F.,(3,3),(0.,1.),.PIECEWISE_BEZIER_KNOTS.);
#6328 = CARTESIAN_POINT('',(5.018628003003,27.292370495495,3.));
#6329 = CARTESIAN_POINT('',(5.205893393393,26.467670795796,3.));
#6330 = CARTESIAN_POINT('',(5.205893393393,25.474005255255,3.));
#6331 = VECTOR('',#6332,1.);
#6332 = DIRECTION('',(0.,0.,1.));
#6333 = ADVANCED_FACE('',(#6334),#6352,.T.);
#6334 = FACE_BOUND('',#6335,.T.);
#6335 = EDGE_LOOP('',(#6336,#6344,#6350,#6351));
#6336 = ORIENTED_EDGE('',*,*,#6337,.T.);
#6337 = EDGE_CURVE('',#1591,#6338,#6340,.T.);
#6338 = VERTEX_POINT('',#6339);
#6339 = CARTESIAN_POINT('',(2.188907657658,28.253706831832,2.));
#6340 = LINE('',#6341,#6342);
#6341 = CARTESIAN_POINT('',(2.188907657658,28.253706831832,3.));
#6342 = VECTOR('',#6343,1.);
#6343 = DIRECTION('',(-0.,-0.,-1.));
#6344 = ORIENTED_EDGE('',*,*,#6345,.T.);
#6345 = EDGE_CURVE('',#6338,#6286,#6346,.T.);
#6346 = B_SPLINE_CURVE_WITH_KNOTS('',2,(#6347,#6348,#6349),
  .UNSPECIFIED.,.F.,.F.,(3,3),(0.,1.),.PIECEWISE_BEZIER_KNOTS.);
#6347 = CARTESIAN_POINT('',(2.188907657658,28.253706831832,2.));
#6348 = CARTESIAN_POINT('',(1.720439189189,28.432432432432,2.));
#6349 = CARTESIAN_POINT('',(1.027496246246,28.432432432432,2.));
#6350 = ORIENTED_EDGE('',*,*,#6285,.F.);
#6351 = ORIENTED_EDGE('',*,*,#1598,.F.);
#6352 = SURFACE_OF_LINEAR_EXTRUSION('',#6353,#6357);
#6353 = B_SPLINE_CURVE_WITH_KNOTS('',2,(#6354,#6355,#6356),
  .UNSPECIFIED.,.F.,.F.,(3,3),(0.,1.),.PIECEWISE_BEZIER_KNOTS.);
#6354 = CARTESIAN_POINT('',(2.188907657658,28.253706831832,3.));
#6355 = CARTESIAN_POINT('',(1.720439189189,28.432432432432,3.));
#6356 = CARTESIAN_POINT('',(1.027496246246,28.432432432432,3.));
#6357 = VECTOR('',#6358,1.);
#6358 = DIRECTION('',(0.,0.,1.));
#6359 = ADVANCED_FACE('',(#6360),#6378,.T.);
#6360 = FACE_BOUND('',#6361,.T.);
#6361 = EDGE_LOOP('',(#6362,#6363,#6371,#6377));
#6362 = ORIENTED_EDGE('',*,*,#6320,.T.);
#6363 = ORIENTED_EDGE('',*,*,#6364,.T.);
#6364 = EDGE_CURVE('',#6313,#6365,#6367,.T.);
#6365 = VERTEX_POINT('',#6366);
#6366 = CARTESIAN_POINT('',(5.205893393393,20.,2.));
#6367 = LINE('',#6368,#6369);
#6368 = CARTESIAN_POINT('',(5.205893393393,25.474005255255,2.));
#6369 = VECTOR('',#6370,1.);
#6370 = DIRECTION('',(0.,-1.,0.));
#6371 = ORIENTED_EDGE('',*,*,#6372,.F.);
#6372 = EDGE_CURVE('',#1551,#6365,#6373,.T.);
#6373 = LINE('',#6374,#6375);
#6374 = CARTESIAN_POINT('',(5.205893393393,20.,3.));
#6375 = VECTOR('',#6376,1.);
#6376 = DIRECTION('',(-0.,-0.,-1.));
#6377 = ORIENTED_EDGE('',*,*,#1550,.F.);
#6378 = PLANE('',#6379);
#6379 = AXIS2_PLACEMENT_3D('',#6380,#6381,#6382);
#6380 = CARTESIAN_POINT('',(5.205893393393,25.474005255255,3.));
#6381 = DIRECTION('',(-1.,0.,0.));
#6382 = DIRECTION('',(0.,-1.,0.));
#6383 = ADVANCED_FACE('',(#6384),#6402,.T.);
#6384 = FACE_BOUND('',#6385,.T.);
#6385 = EDGE_LOOP('',(#6386,#6394,#6400,#6401));
#6386 = ORIENTED_EDGE('',*,*,#6387,.T.);
#6387 = EDGE_CURVE('',#1583,#6388,#6390,.T.);
#6388 = VERTEX_POINT('',#6389);
#6389 = CARTESIAN_POINT('',(2.938579204204,27.680930930931,2.));
#6390 = LINE('',#6391,#6392);
#6391 = CARTESIAN_POINT('',(2.938579204204,27.680930930931,3.));
#6392 = VECTOR('',#6393,1.);
#6393 = DIRECTION('',(-0.,-0.,-1.));
#6394 = ORIENTED_EDGE('',*,*,#6395,.T.);
#6395 = EDGE_CURVE('',#6388,#6338,#6396,.T.);
#6396 = B_SPLINE_CURVE_WITH_KNOTS('',2,(#6397,#6398,#6399),
  .UNSPECIFIED.,.F.,.F.,(3,3),(0.,1.),.PIECEWISE_BEZIER_KNOTS.);
#6397 = CARTESIAN_POINT('',(2.938579204204,27.680930930931,2.));
#6398 = CARTESIAN_POINT('',(2.657376126126,28.075591216216,2.));
#6399 = CARTESIAN_POINT('',(2.188907657658,28.253706831832,2.));
#6400 = ORIENTED_EDGE('',*,*,#6337,.F.);
#6401 = ORIENTED_EDGE('',*,*,#1590,.F.);
#6402 = SURFACE_OF_LINEAR_EXTRUSION('',#6403,#6407);
#6403 = B_SPLINE_CURVE_WITH_KNOTS('',2,(#6404,#6405,#6406),
  .UNSPECIFIED.,.F.,.F.,(3,3),(0.,1.),.PIECEWISE_BEZIER_KNOTS.);
#6404 = CARTESIAN_POINT('',(2.938579204204,27.680930930931,3.));
#6405 = CARTESIAN_POINT('',(2.657376126126,28.075591216216,3.));
#6406 = CARTESIAN_POINT('',(2.188907657658,28.253706831832,3.));
#6407 = VECTOR('',#6408,1.);
#6408 = DIRECTION('',(0.,0.,1.));
#6409 = ADVANCED_FACE('',(#6410),#6428,.T.);
#6410 = FACE_BOUND('',#6411,.T.);
#6411 = EDGE_LOOP('',(#6412,#6413,#6421,#6427));
#6412 = ORIENTED_EDGE('',*,*,#6372,.T.);
#6413 = ORIENTED_EDGE('',*,*,#6414,.T.);
#6414 = EDGE_CURVE('',#6365,#6415,#6417,.T.);
#6415 = VERTEX_POINT('',#6416);
#6416 = CARTESIAN_POINT('',(3.463166291291,20.,2.));
#6417 = LINE('',#6418,#6419);
#6418 = CARTESIAN_POINT('',(5.205893393393,20.,2.));
#6419 = VECTOR('',#6420,1.);
#6420 = DIRECTION('',(-1.,0.,0.));
#6421 = ORIENTED_EDGE('',*,*,#6422,.F.);
#6422 = EDGE_CURVE('',#1559,#6415,#6423,.T.);
#6423 = LINE('',#6424,#6425);
#6424 = CARTESIAN_POINT('',(3.463166291291,20.,3.));
#6425 = VECTOR('',#6426,1.);
#6426 = DIRECTION('',(-0.,-0.,-1.));
#6427 = ORIENTED_EDGE('',*,*,#1558,.F.);
#6428 = PLANE('',#6429);
#6429 = AXIS2_PLACEMENT_3D('',#6430,#6431,#6432);
#6430 = CARTESIAN_POINT('',(5.205893393393,20.,3.));
#6431 = DIRECTION('',(0.,1.,0.));
#6432 = DIRECTION('',(-1.,0.,0.));
#6433 = ADVANCED_FACE('',(#6434),#6452,.T.);
#6434 = FACE_BOUND('',#6435,.T.);
#6435 = EDGE_LOOP('',(#6436,#6444,#6450,#6451));
#6436 = ORIENTED_EDGE('',*,*,#6437,.T.);
#6437 = EDGE_CURVE('',#1575,#6438,#6440,.T.);
#6438 = VERTEX_POINT('',#6439);
#6439 = CARTESIAN_POINT('',(3.341169294294,26.648226351351,2.));
#6440 = LINE('',#6441,#6442);
#6441 = CARTESIAN_POINT('',(3.341169294294,26.648226351351,3.));
#6442 = VECTOR('',#6443,1.);
#6443 = DIRECTION('',(-0.,-0.,-1.));
#6444 = ORIENTED_EDGE('',*,*,#6445,.T.);
#6445 = EDGE_CURVE('',#6438,#6388,#6446,.T.);
#6446 = B_SPLINE_CURVE_WITH_KNOTS('',2,(#6447,#6448,#6449),
  .UNSPECIFIED.,.F.,.F.,(3,3),(0.,1.),.PIECEWISE_BEZIER_KNOTS.);
#6447 = CARTESIAN_POINT('',(3.341169294294,26.648226351351,2.));
#6448 = CARTESIAN_POINT('',(3.219782282282,27.286880630631,2.));
#6449 = CARTESIAN_POINT('',(2.938579204204,27.680930930931,2.));
#6450 = ORIENTED_EDGE('',*,*,#6387,.F.);
#6451 = ORIENTED_EDGE('',*,*,#1582,.F.);
#6452 = SURFACE_OF_LINEAR_EXTRUSION('',#6453,#6457);
#6453 = B_SPLINE_CURVE_WITH_KNOTS('',2,(#6454,#6455,#6456),
  .UNSPECIFIED.,.F.,.F.,(3,3),(0.,1.),.PIECEWISE_BEZIER_KNOTS.);
#6454 = CARTESIAN_POINT('',(3.341169294294,26.648226351351,3.));
#6455 = CARTESIAN_POINT('',(3.219782282282,27.286880630631,3.));
#6456 = CARTESIAN_POINT('',(2.938579204204,27.680930930931,3.));
#6457 = VECTOR('',#6458,1.);
#6458 = DIRECTION('',(0.,0.,1.));
#6459 = ADVANCED_FACE('',(#6460),#6478,.T.);
#6460 = FACE_BOUND('',#6461,.T.);
#6461 = EDGE_LOOP('',(#6462,#6463,#6471,#6477));
#6462 = ORIENTED_EDGE('',*,*,#6422,.T.);
#6463 = ORIENTED_EDGE('',*,*,#6464,.T.);
#6464 = EDGE_CURVE('',#6415,#6465,#6467,.T.);
#6465 = VERTEX_POINT('',#6466);
#6466 = CARTESIAN_POINT('',(3.463166291291,25.108014264264,2.));
#6467 = LINE('',#6468,#6469);
#6468 = CARTESIAN_POINT('',(3.463166291291,20.,2.));
#6469 = VECTOR('',#6470,1.);
#6470 = DIRECTION('',(0.,1.,0.));
#6471 = ORIENTED_EDGE('',*,*,#6472,.F.);
#6472 = EDGE_CURVE('',#1567,#6465,#6473,.T.);
#6473 = LINE('',#6474,#6475);
#6474 = CARTESIAN_POINT('',(3.463166291291,25.108014264264,3.));
#6475 = VECTOR('',#6476,1.);
#6476 = DIRECTION('',(-0.,-0.,-1.));
#6477 = ORIENTED_EDGE('',*,*,#1566,.F.);
#6478 = PLANE('',#6479);
#6479 = AXIS2_PLACEMENT_3D('',#6480,#6481,#6482);
#6480 = CARTESIAN_POINT('',(3.463166291291,20.,3.));
#6481 = DIRECTION('',(1.,0.,0.));
#6482 = DIRECTION('',(0.,1.,0.));
#6483 = ADVANCED_FACE('',(#6484),#6495,.T.);
#6484 = FACE_BOUND('',#6485,.T.);
#6485 = EDGE_LOOP('',(#6486,#6487,#6493,#6494));
#6486 = ORIENTED_EDGE('',*,*,#6472,.T.);
#6487 = ORIENTED_EDGE('',*,*,#6488,.T.);
#6488 = EDGE_CURVE('',#6465,#6438,#6489,.T.);
#6489 = B_SPLINE_CURVE_WITH_KNOTS('',2,(#6490,#6491,#6492),
  .UNSPECIFIED.,.F.,.F.,(3,3),(0.,1.),.PIECEWISE_BEZIER_KNOTS.);
#6490 = CARTESIAN_POINT('',(3.463166291291,25.108014264264,2.));
#6491 = CARTESIAN_POINT('',(3.463166291291,26.009572072072,2.));
#6492 = CARTESIAN_POINT('',(3.341169294294,26.648226351351,2.));
#6493 = ORIENTED_EDGE('',*,*,#6437,.F.);
#6494 = ORIENTED_EDGE('',*,*,#1574,.F.);
#6495 = SURFACE_OF_LINEAR_EXTRUSION('',#6496,#6500);
#6496 = B_SPLINE_CURVE_WITH_KNOTS('',2,(#6497,#6498,#6499),
  .UNSPECIFIED.,.F.,.F.,(3,3),(0.,1.),.PIECEWISE_BEZIER_KNOTS.);
#6497 = CARTESIAN_POINT('',(3.463166291291,25.108014264264,3.));
#6498 = CARTESIAN_POINT('',(3.463166291291,26.009572072072,3.));
#6499 = CARTESIAN_POINT('',(3.341169294294,26.648226351351,3.));
#6500 = VECTOR('',#6501,1.);
#6501 = DIRECTION('',(0.,0.,1.));
#6502 = ADVANCED_FACE('',(#6503),#6528,.T.);
#6503 = FACE_BOUND('',#6504,.T.);
#6504 = EDGE_LOOP('',(#6505,#6513,#6521,#6527));
#6505 = ORIENTED_EDGE('',*,*,#6506,.T.);
#6506 = EDGE_CURVE('',#1655,#6507,#6509,.T.);
#6507 = VERTEX_POINT('',#6508);
#6508 = CARTESIAN_POINT('',(16.271021021021,20.865568693694,2.));
#6509 = LINE('',#6510,#6511);
#6510 = CARTESIAN_POINT('',(16.271021021021,20.865568693694,3.));
#6511 = VECTOR('',#6512,1.);
#6512 = DIRECTION('',(-0.,-0.,-1.));
#6513 = ORIENTED_EDGE('',*,*,#6514,.T.);
#6514 = EDGE_CURVE('',#6507,#6515,#6517,.T.);
#6515 = VERTEX_POINT('',#6516);
#6516 = CARTESIAN_POINT('',(11.727242867868,19.882882882883,2.));
#6517 = B_SPLINE_CURVE_WITH_KNOTS('',2,(#6518,#6519,#6520),
  .UNSPECIFIED.,.F.,.F.,(3,3),(0.,1.),.PIECEWISE_BEZIER_KNOTS.);
#6518 = CARTESIAN_POINT('',(16.271021021021,20.865568693694,2.));
#6519 = CARTESIAN_POINT('',(14.837556306306,19.882882882883,2.));
#6520 = CARTESIAN_POINT('',(11.727242867868,19.882882882883,2.));
#6521 = ORIENTED_EDGE('',*,*,#6522,.F.);
#6522 = EDGE_CURVE('',#1657,#6515,#6523,.T.);
#6523 = LINE('',#6524,#6525);
#6524 = CARTESIAN_POINT('',(11.727242867868,19.882882882883,3.));
#6525 = VECTOR('',#6526,1.);
#6526 = DIRECTION('',(-0.,-0.,-1.));
#6527 = ORIENTED_EDGE('',*,*,#1654,.F.);
#6528 = SURFACE_OF_LINEAR_EXTRUSION('',#6529,#6533);
#6529 = B_SPLINE_CURVE_WITH_KNOTS('',2,(#6530,#6531,#6532),
  .UNSPECIFIED.,.F.,.F.,(3,3),(0.,1.),.PIECEWISE_BEZIER_KNOTS.);
#6530 = CARTESIAN_POINT('',(16.271021021021,20.865568693694,3.));
#6531 = CARTESIAN_POINT('',(14.837556306306,19.882882882883,3.));
#6532 = CARTESIAN_POINT('',(11.727242867868,19.882882882883,3.));
#6533 = VECTOR('',#6534,1.);
#6534 = DIRECTION('',(0.,0.,1.));
#6535 = ADVANCED_FACE('',(#6536),#6554,.T.);
#6536 = FACE_BOUND('',#6537,.T.);
#6537 = EDGE_LOOP('',(#6538,#6546,#6552,#6553));
#6538 = ORIENTED_EDGE('',*,*,#6539,.T.);
#6539 = EDGE_CURVE('',#1793,#6540,#6542,.T.);
#6540 = VERTEX_POINT('',#6541);
#6541 = CARTESIAN_POINT('',(17.704485735736,23.795326576577,2.));
#6542 = LINE('',#6543,#6544);
#6543 = CARTESIAN_POINT('',(17.704485735736,23.795326576577,3.));
#6544 = VECTOR('',#6545,1.);
#6545 = DIRECTION('',(-0.,-0.,-1.));
#6546 = ORIENTED_EDGE('',*,*,#6547,.T.);
#6547 = EDGE_CURVE('',#6540,#6507,#6548,.T.);
#6548 = B_SPLINE_CURVE_WITH_KNOTS('',2,(#6549,#6550,#6551),
  .UNSPECIFIED.,.F.,.F.,(3,3),(0.,1.),.PIECEWISE_BEZIER_KNOTS.);
#6549 = CARTESIAN_POINT('',(17.704485735736,23.795326576577,2.));
#6550 = CARTESIAN_POINT('',(17.704485735736,21.848254504505,2.));
#6551 = CARTESIAN_POINT('',(16.271021021021,20.865568693694,2.));
#6552 = ORIENTED_EDGE('',*,*,#6506,.F.);
#6553 = ORIENTED_EDGE('',*,*,#1800,.F.);
#6554 = SURFACE_OF_LINEAR_EXTRUSION('',#6555,#6559);
#6555 = B_SPLINE_CURVE_WITH_KNOTS('',2,(#6556,#6557,#6558),
  .UNSPECIFIED.,.F.,.F.,(3,3),(0.,1.),.PIECEWISE_BEZIER_KNOTS.);
#6556 = CARTESIAN_POINT('',(17.704485735736,23.795326576577,3.));
#6557 = CARTESIAN_POINT('',(17.704485735736,21.848254504505,3.));
#6558 = CARTESIAN_POINT('',(16.271021021021,20.865568693694,3.));
#6559 = VECTOR('',#6560,1.);
#6560 = DIRECTION('',(0.,0.,1.));
#6561 = ADVANCED_FACE('',(#6562),#6580,.T.);
#6562 = FACE_BOUND('',#6563,.T.);
#6563 = EDGE_LOOP('',(#6564,#6565,#6573,#6579));
#6564 = ORIENTED_EDGE('',*,*,#6522,.T.);
#6565 = ORIENTED_EDGE('',*,*,#6566,.T.);
#6566 = EDGE_CURVE('',#6515,#6567,#6569,.T.);
#6567 = VERTEX_POINT('',#6568);
#6568 = CARTESIAN_POINT('',(10.873873873874,19.901792417417,2.));
#6569 = B_SPLINE_CURVE_WITH_KNOTS('',2,(#6570,#6571,#6572),
  .UNSPECIFIED.,.F.,.F.,(3,3),(0.,1.),.PIECEWISE_BEZIER_KNOTS.);
#6570 = CARTESIAN_POINT('',(11.727242867868,19.882882882883,2.));
#6571 = CARTESIAN_POINT('',(11.333192567568,19.882882882883,2.));
#6572 = CARTESIAN_POINT('',(10.873873873874,19.901792417417,2.));
#6573 = ORIENTED_EDGE('',*,*,#6574,.F.);
#6574 = EDGE_CURVE('',#1665,#6567,#6575,.T.);
#6575 = LINE('',#6576,#6577);
#6576 = CARTESIAN_POINT('',(10.873873873874,19.901792417417,3.));
#6577 = VECTOR('',#6578,1.);
#6578 = DIRECTION('',(-0.,-0.,-1.));
#6579 = ORIENTED_EDGE('',*,*,#1664,.F.);
#6580 = SURFACE_OF_LINEAR_EXTRUSION('',#6581,#6585);
#6581 = B_SPLINE_CURVE_WITH_KNOTS('',2,(#6582,#6583,#6584),
  .UNSPECIFIED.,.F.,.F.,(3,3),(0.,1.),.PIECEWISE_BEZIER_KNOTS.);
#6582 = CARTESIAN_POINT('',(11.727242867868,19.882882882883,3.));
#6583 = CARTESIAN_POINT('',(11.333192567568,19.882882882883,3.));
#6584 = CARTESIAN_POINT('',(10.873873873874,19.901792417417,3.));
#6585 = VECTOR('',#6586,1.);
#6586 = DIRECTION('',(0.,0.,1.));
#6587 = ADVANCED_FACE('',(#6588),#6606,.T.);
#6588 = FACE_BOUND('',#6589,.T.);
#6589 = EDGE_LOOP('',(#6590,#6598,#6604,#6605));
#6590 = ORIENTED_EDGE('',*,*,#6591,.T.);
#6591 = EDGE_CURVE('',#1785,#6592,#6594,.T.);
#6592 = VERTEX_POINT('',#6593);
#6593 = CARTESIAN_POINT('',(17.029842342342,25.854635885886,2.));
#6594 = LINE('',#6595,#6596);
#6595 = CARTESIAN_POINT('',(17.029842342342,25.854635885886,3.));
#6596 = VECTOR('',#6597,1.);
#6597 = DIRECTION('',(-0.,-0.,-1.));
#6598 = ORIENTED_EDGE('',*,*,#6599,.T.);
#6599 = EDGE_CURVE('',#6592,#6540,#6600,.T.);
#6600 = B_SPLINE_CURVE_WITH_KNOTS('',2,(#6601,#6602,#6603),
  .UNSPECIFIED.,.F.,.F.,(3,3),(0.,1.),.PIECEWISE_BEZIER_KNOTS.);
#6601 = CARTESIAN_POINT('',(17.029842342342,25.854635885886,2.));
#6602 = CARTESIAN_POINT('',(17.704485735736,25.124483858859,2.));
#6603 = CARTESIAN_POINT('',(17.704485735736,23.795326576577,2.));
#6604 = ORIENTED_EDGE('',*,*,#6539,.F.);
#6605 = ORIENTED_EDGE('',*,*,#1792,.F.);
#6606 = SURFACE_OF_LINEAR_EXTRUSION('',#6607,#6611);
#6607 = B_SPLINE_CURVE_WITH_KNOTS('',2,(#6608,#6609,#6610),
  .UNSPECIFIED.,.F.,.F.,(3,3),(0.,1.),.PIECEWISE_BEZIER_KNOTS.);
#6608 = CARTESIAN_POINT('',(17.029842342342,25.854635885886,3.));
#6609 = CARTESIAN_POINT('',(17.704485735736,25.124483858859,3.));
#6610 = CARTESIAN_POINT('',(17.704485735736,23.795326576577,3.));
#6611 = VECTOR('',#6612,1.);
#6612 = DIRECTION('',(0.,0.,1.));
#6613 = ADVANCED_FACE('',(#6614),#6632,.T.);
#6614 = FACE_BOUND('',#6615,.T.);
#6615 = EDGE_LOOP('',(#6616,#6617,#6625,#6631));
#6616 = ORIENTED_EDGE('',*,*,#6574,.T.);
#6617 = ORIENTED_EDGE('',*,*,#6618,.T.);
#6618 = EDGE_CURVE('',#6567,#6619,#6621,.T.);
#6619 = VERTEX_POINT('',#6620);
#6620 = CARTESIAN_POINT('',(9.955846471471,19.957911036036,2.));
#6621 = B_SPLINE_CURVE_WITH_KNOTS('',2,(#6622,#6623,#6624),
  .UNSPECIFIED.,.F.,.F.,(3,3),(0.,1.),.PIECEWISE_BEZIER_KNOTS.);
#6622 = CARTESIAN_POINT('',(10.873873873874,19.901792417417,2.));
#6623 = CARTESIAN_POINT('',(10.415165165165,19.920091966967,2.));
#6624 = CARTESIAN_POINT('',(9.955846471471,19.957911036036,2.));
#6625 = ORIENTED_EDGE('',*,*,#6626,.F.);
#6626 = EDGE_CURVE('',#1673,#6619,#6627,.T.);
#6627 = LINE('',#6628,#6629);
#6628 = CARTESIAN_POINT('',(9.955846471471,19.957911036036,3.));
#6629 = VECTOR('',#6630,1.);
#6630 = DIRECTION('',(-0.,-0.,-1.));
#6631 = ORIENTED_EDGE('',*,*,#1672,.F.);
#6632 = SURFACE_OF_LINEAR_EXTRUSION('',#6633,#6637);
#6633 = B_SPLINE_CURVE_WITH_KNOTS('',2,(#6634,#6635,#6636),
  .UNSPECIFIED.,.F.,.F.,(3,3),(0.,1.),.PIECEWISE_BEZIER_KNOTS.);
#6634 = CARTESIAN_POINT('',(10.873873873874,19.901792417417,3.));
#6635 = CARTESIAN_POINT('',(10.415165165165,19.920091966967,3.));
#6636 = CARTESIAN_POINT('',(9.955846471471,19.957911036036,3.));
#6637 = VECTOR('',#6638,1.);
#6638 = DIRECTION('',(0.,0.,1.));
#6639 = ADVANCED_FACE('',(#6640),#6658,.T.);
#6640 = FACE_BOUND('',#6641,.T.);
#6641 = EDGE_LOOP('',(#6642,#6650,#6656,#6657));
#6642 = ORIENTED_EDGE('',*,*,#6643,.T.);
#6643 = EDGE_CURVE('',#1777,#6644,#6646,.T.);
#6644 = VERTEX_POINT('',#6645);
#6645 = CARTESIAN_POINT('',(15.212087087087,26.921499624625,2.));
#6646 = LINE('',#6647,#6648);
#6647 = CARTESIAN_POINT('',(15.212087087087,26.921499624625,3.));
#6648 = VECTOR('',#6649,1.);
#6649 = DIRECTION('',(-0.,-0.,-1.));
#6650 = ORIENTED_EDGE('',*,*,#6651,.T.);
#6651 = EDGE_CURVE('',#6644,#6592,#6652,.T.);
#6652 = B_SPLINE_CURVE_WITH_KNOTS('',2,(#6653,#6654,#6655),
  .UNSPECIFIED.,.F.,.F.,(3,3),(0.,1.),.PIECEWISE_BEZIER_KNOTS.);
#6653 = CARTESIAN_POINT('',(15.212087087087,26.921499624625,2.));
#6654 = CARTESIAN_POINT('',(16.355198948949,26.584787912913,2.));
#6655 = CARTESIAN_POINT('',(17.029842342342,25.854635885886,2.));
#6656 = ORIENTED_EDGE('',*,*,#6591,.F.);
#6657 = ORIENTED_EDGE('',*,*,#1784,.F.);
#6658 = SURFACE_OF_LINEAR_EXTRUSION('',#6659,#6663);
#6659 = B_SPLINE_CURVE_WITH_KNOTS('',2,(#6660,#6661,#6662),
  .UNSPECIFIED.,.F.,.F.,(3,3),(0.,1.),.PIECEWISE_BEZIER_KNOTS.);
#6660 = CARTESIAN_POINT('',(15.212087087087,26.921499624625,3.));
#6661 = CARTESIAN_POINT('',(16.355198948949,26.584787912913,3.));
#6662 = CARTESIAN_POINT('',(17.029842342342,25.854635885886,3.));
#6663 = VECTOR('',#6664,1.);
#6664 = DIRECTION('',(0.,0.,1.));
#6665 = ADVANCED_FACE('',(#6666),#6684,.T.);
#6666 = FACE_BOUND('',#6667,.T.);
#6667 = EDGE_LOOP('',(#6668,#6669,#6677,#6683));
#6668 = ORIENTED_EDGE('',*,*,#6626,.T.);
#6669 = ORIENTED_EDGE('',*,*,#6670,.T.);
#6670 = EDGE_CURVE('',#6619,#6671,#6673,.T.);
#6671 = VERTEX_POINT('',#6672);
#6672 = CARTESIAN_POINT('',(9.046968843844,20.051238738739,2.));
#6673 = B_SPLINE_CURVE_WITH_KNOTS('',2,(#6674,#6675,#6676),
  .UNSPECIFIED.,.F.,.F.,(3,3),(0.,1.),.PIECEWISE_BEZIER_KNOTS.);
#6674 = CARTESIAN_POINT('',(9.955846471471,19.957911036036,2.));
#6675 = CARTESIAN_POINT('',(9.497137762763,19.99512012012,2.));
#6676 = CARTESIAN_POINT('',(9.046968843844,20.051238738739,2.));
#6677 = ORIENTED_EDGE('',*,*,#6678,.F.);
#6678 = EDGE_CURVE('',#1681,#6671,#6679,.T.);
#6679 = LINE('',#6680,#6681);
#6680 = CARTESIAN_POINT('',(9.046968843844,20.051238738739,3.));
#6681 = VECTOR('',#6682,1.);
#6682 = DIRECTION('',(-0.,-0.,-1.));
#6683 = ORIENTED_EDGE('',*,*,#1680,.F.);
#6684 = SURFACE_OF_LINEAR_EXTRUSION('',#6685,#6689);
#6685 = B_SPLINE_CURVE_WITH_KNOTS('',2,(#6686,#6687,#6688),
  .UNSPECIFIED.,.F.,.F.,(3,3),(0.,1.),.PIECEWISE_BEZIER_KNOTS.);
#6686 = CARTESIAN_POINT('',(9.955846471471,19.957911036036,3.));
#6687 = CARTESIAN_POINT('',(9.497137762763,19.99512012012,3.));
#6688 = CARTESIAN_POINT('',(9.046968843844,20.051238738739,3.));
#6689 = VECTOR('',#6690,1.);
#6690 = DIRECTION('',(0.,0.,1.));
#6691 = ADVANCED_FACE('',(#6692),#6710,.T.);
#6692 = FACE_BOUND('',#6693,.T.);
#6693 = EDGE_LOOP('',(#6694,#6702,#6708,#6709));
#6694 = ORIENTED_EDGE('',*,*,#6695,.T.);
#6695 = EDGE_CURVE('',#1769,#6696,#6698,.T.);
#6696 = VERTEX_POINT('',#6697);
#6697 = CARTESIAN_POINT('',(16.561373873874,27.944444444444,2.));
#6698 = LINE('',#6699,#6700);
#6699 = CARTESIAN_POINT('',(16.561373873874,27.944444444444,3.));
#6700 = VECTOR('',#6701,1.);
#6701 = DIRECTION('',(-0.,-0.,-1.));
#6702 = ORIENTED_EDGE('',*,*,#6703,.T.);
#6703 = EDGE_CURVE('',#6696,#6644,#6704,.T.);
#6704 = B_SPLINE_CURVE_WITH_KNOTS('',2,(#6705,#6706,#6707),
  .UNSPECIFIED.,.F.,.F.,(3,3),(0.,1.),.PIECEWISE_BEZIER_KNOTS.);
#6705 = CARTESIAN_POINT('',(16.561373873874,27.944444444444,2.));
#6706 = CARTESIAN_POINT('',(16.055696321321,27.259431306306,2.));
#6707 = CARTESIAN_POINT('',(15.212087087087,26.921499624625,2.));
#6708 = ORIENTED_EDGE('',*,*,#6643,.F.);
#6709 = ORIENTED_EDGE('',*,*,#1776,.F.);
#6710 = SURFACE_OF_LINEAR_EXTRUSION('',#6711,#6715);
#6711 = B_SPLINE_CURVE_WITH_KNOTS('',2,(#6712,#6713,#6714),
  .UNSPECIFIED.,.F.,.F.,(3,3),(0.,1.),.PIECEWISE_BEZIER_KNOTS.);
#6712 = CARTESIAN_POINT('',(16.561373873874,27.944444444444,3.));
#6713 = CARTESIAN_POINT('',(16.055696321321,27.259431306306,3.));
#6714 = CARTESIAN_POINT('',(15.212087087087,26.921499624625,3.));
#6715 = VECTOR('',#6716,1.);
#6716 = DIRECTION('',(0.,0.,1.));
#6717 = ADVANCED_FACE('',(#6718),#6736,.T.);
#6718 = FACE_BOUND('',#6719,.T.);
#6719 = EDGE_LOOP('',(#6720,#6721,#6729,#6735));
#6720 = ORIENTED_EDGE('',*,*,#6678,.T.);
#6721 = ORIENTED_EDGE('',*,*,#6722,.T.);
#6722 = EDGE_CURVE('',#6671,#6723,#6725,.T.);
#6723 = VERTEX_POINT('',#6724);
#6724 = CARTESIAN_POINT('',(8.222879129129,20.201295045045,2.));
#6725 = B_SPLINE_CURVE_WITH_KNOTS('',2,(#6726,#6727,#6728),
  .UNSPECIFIED.,.F.,.F.,(3,3),(0.,1.),.PIECEWISE_BEZIER_KNOTS.);
#6726 = CARTESIAN_POINT('',(9.046968843844,20.051238738739,2.));
#6727 = CARTESIAN_POINT('',(8.59740990991,20.107357357357,2.));
#6728 = CARTESIAN_POINT('',(8.222879129129,20.201295045045,2.));
#6729 = ORIENTED_EDGE('',*,*,#6730,.F.);
#6730 = EDGE_CURVE('',#1689,#6723,#6731,.T.);
#6731 = LINE('',#6732,#6733);
#6732 = CARTESIAN_POINT('',(8.222879129129,20.201295045045,3.));
#6733 = VECTOR('',#6734,1.);
#6734 = DIRECTION('',(-0.,-0.,-1.));
#6735 = ORIENTED_EDGE('',*,*,#1688,.F.);
#6736 = SURFACE_OF_LINEAR_EXTRUSION('',#6737,#6741);
#6737 = B_SPLINE_CURVE_WITH_KNOTS('',2,(#6738,#6739,#6740),
  .UNSPECIFIED.,.F.,.F.,(3,3),(0.,1.),.PIECEWISE_BEZIER_KNOTS.);
#6738 = CARTESIAN_POINT('',(9.046968843844,20.051238738739,3.));
#6739 = CARTESIAN_POINT('',(8.59740990991,20.107357357357,3.));
#6740 = CARTESIAN_POINT('',(8.222879129129,20.201295045045,3.));
#6741 = VECTOR('',#6742,1.);
#6742 = DIRECTION('',(0.,0.,1.));
#6743 = ADVANCED_FACE('',(#6744),#6762,.T.);
#6744 = FACE_BOUND('',#6745,.T.);
#6745 = EDGE_LOOP('',(#6746,#6754,#6760,#6761));
#6746 = ORIENTED_EDGE('',*,*,#6747,.T.);
#6747 = EDGE_CURVE('',#1761,#6748,#6750,.T.);
#6748 = VERTEX_POINT('',#6749);
#6749 = CARTESIAN_POINT('',(17.067661411411,29.699981231231,2.));
#6750 = LINE('',#6751,#6752);
#6751 = CARTESIAN_POINT('',(17.067661411411,29.699981231231,3.));
#6752 = VECTOR('',#6753,1.);
#6753 = DIRECTION('',(-0.,-0.,-1.));
#6754 = ORIENTED_EDGE('',*,*,#6755,.T.);
#6755 = EDGE_CURVE('',#6748,#6696,#6756,.T.);
#6756 = B_SPLINE_CURVE_WITH_KNOTS('',2,(#6757,#6758,#6759),
  .UNSPECIFIED.,.F.,.F.,(3,3),(0.,1.),.PIECEWISE_BEZIER_KNOTS.);
#6757 = CARTESIAN_POINT('',(17.067661411411,29.699981231231,2.));
#6758 = CARTESIAN_POINT('',(17.067661411411,28.630067567568,2.));
#6759 = CARTESIAN_POINT('',(16.561373873874,27.944444444444,2.));
#6760 = ORIENTED_EDGE('',*,*,#6695,.F.);
#6761 = ORIENTED_EDGE('',*,*,#1768,.F.);
#6762 = SURFACE_OF_LINEAR_EXTRUSION('',#6763,#6767);
#6763 = B_SPLINE_CURVE_WITH_KNOTS('',2,(#6764,#6765,#6766),
  .UNSPECIFIED.,.F.,.F.,(3,3),(0.,1.),.PIECEWISE_BEZIER_KNOTS.);
#6764 = CARTESIAN_POINT('',(17.067661411411,29.699981231231,3.));
#6765 = CARTESIAN_POINT('',(17.067661411411,28.630067567568,3.));
#6766 = CARTESIAN_POINT('',(16.561373873874,27.944444444444,3.));
#6767 = VECTOR('',#6768,1.);
#6768 = DIRECTION('',(0.,0.,1.));
#6769 = ADVANCED_FACE('',(#6770),#6788,.T.);
#6770 = FACE_BOUND('',#6771,.T.);
#6771 = EDGE_LOOP('',(#6772,#6773,#6781,#6787));
#6772 = ORIENTED_EDGE('',*,*,#6730,.T.);
#6773 = ORIENTED_EDGE('',*,*,#6774,.T.);
#6774 = EDGE_CURVE('',#6723,#6775,#6777,.T.);
#6775 = VERTEX_POINT('',#6776);
#6776 = CARTESIAN_POINT('',(8.222879129129,32.798704954955,2.));
#6777 = LINE('',#6778,#6779);
#6778 = CARTESIAN_POINT('',(8.222879129129,20.201295045045,2.));
#6779 = VECTOR('',#6780,1.);
#6780 = DIRECTION('',(0.,1.,0.));
#6781 = ORIENTED_EDGE('',*,*,#6782,.F.);
#6782 = EDGE_CURVE('',#1697,#6775,#6783,.T.);
#6783 = LINE('',#6784,#6785);
#6784 = CARTESIAN_POINT('',(8.222879129129,32.798704954955,3.));
#6785 = VECTOR('',#6786,1.);
#6786 = DIRECTION('',(-0.,-0.,-1.));
#6787 = ORIENTED_EDGE('',*,*,#1696,.F.);
#6788 = PLANE('',#6789);
#6789 = AXIS2_PLACEMENT_3D('',#6790,#6791,#6792);
#6790 = CARTESIAN_POINT('',(8.222879129129,20.201295045045,3.));
#6791 = DIRECTION('',(1.,0.,0.));
#6792 = DIRECTION('',(0.,1.,0.));
#6793 = ADVANCED_FACE('',(#6794),#6812,.T.);
#6794 = FACE_BOUND('',#6795,.T.);
#6795 = EDGE_LOOP('',(#6796,#6804,#6810,#6811));
#6796 = ORIENTED_EDGE('',*,*,#6797,.T.);
#6797 = EDGE_CURVE('',#1753,#6798,#6800,.T.);
#6798 = VERTEX_POINT('',#6799);
#6799 = CARTESIAN_POINT('',(16.655311561562,31.314611486486,2.));
#6800 = LINE('',#6801,#6802);
#6801 = CARTESIAN_POINT('',(16.655311561562,31.314611486486,3.));
#6802 = VECTOR('',#6803,1.);
#6803 = DIRECTION('',(-0.,-0.,-1.));
#6804 = ORIENTED_EDGE('',*,*,#6805,.T.);
#6805 = EDGE_CURVE('',#6798,#6748,#6806,.T.);
#6806 = B_SPLINE_CURVE_WITH_KNOTS('',2,(#6807,#6808,#6809),
  .UNSPECIFIED.,.F.,.F.,(3,3),(0.,1.),.PIECEWISE_BEZIER_KNOTS.);
#6807 = CARTESIAN_POINT('',(16.655311561562,31.314611486486,2.));
#6808 = CARTESIAN_POINT('',(17.067661411411,30.657657657658,2.));
#6809 = CARTESIAN_POINT('',(17.067661411411,29.699981231231,2.));
#6810 = ORIENTED_EDGE('',*,*,#6747,.F.);
#6811 = ORIENTED_EDGE('',*,*,#1760,.F.);
#6812 = SURFACE_OF_LINEAR_EXTRUSION('',#6813,#6817);
#6813 = B_SPLINE_CURVE_WITH_KNOTS('',2,(#6814,#6815,#6816),
  .UNSPECIFIED.,.F.,.F.,(3,3),(0.,1.),.PIECEWISE_BEZIER_KNOTS.);
#6814 = CARTESIAN_POINT('',(16.655311561562,31.314611486486,3.));
#6815 = CARTESIAN_POINT('',(17.067661411411,30.657657657658,3.));
#6816 = CARTESIAN_POINT('',(17.067661411411,29.699981231231,3.));
#6817 = VECTOR('',#6818,1.);
#6818 = DIRECTION('',(0.,0.,1.));
#6819 = ADVANCED_FACE('',(#6820),#6838,.T.);
#6820 = FACE_BOUND('',#6821,.T.);
#6821 = EDGE_LOOP('',(#6822,#6823,#6831,#6837));
#6822 = ORIENTED_EDGE('',*,*,#6782,.T.);
#6823 = ORIENTED_EDGE('',*,*,#6824,.T.);
#6824 = EDGE_CURVE('',#6775,#6825,#6827,.T.);
#6825 = VERTEX_POINT('',#6826);
#6826 = CARTESIAN_POINT('',(9.046968843844,32.948761261261,2.));
#6827 = B_SPLINE_CURVE_WITH_KNOTS('',2,(#6828,#6829,#6830),
  .UNSPECIFIED.,.F.,.F.,(3,3),(0.,1.),.PIECEWISE_BEZIER_KNOTS.);
#6828 = CARTESIAN_POINT('',(8.222879129129,32.798704954955,2.));
#6829 = CARTESIAN_POINT('',(8.59740990991,32.892642642643,2.));
#6830 = CARTESIAN_POINT('',(9.046968843844,32.948761261261,2.));
#6831 = ORIENTED_EDGE('',*,*,#6832,.F.);
#6832 = EDGE_CURVE('',#1705,#6825,#6833,.T.);
#6833 = LINE('',#6834,#6835);
#6834 = CARTESIAN_POINT('',(9.046968843844,32.948761261261,3.));
#6835 = VECTOR('',#6836,1.);
#6836 = DIRECTION('',(-0.,-0.,-1.));
#6837 = ORIENTED_EDGE('',*,*,#1704,.F.);
#6838 = SURFACE_OF_LINEAR_EXTRUSION('',#6839,#6843);
#6839 = B_SPLINE_CURVE_WITH_KNOTS('',2,(#6840,#6841,#6842),
  .UNSPECIFIED.,.F.,.F.,(3,3),(0.,1.),.PIECEWISE_BEZIER_KNOTS.);
#6840 = CARTESIAN_POINT('',(8.222879129129,32.798704954955,3.));
#6841 = CARTESIAN_POINT('',(8.59740990991,32.892642642643,3.));
#6842 = CARTESIAN_POINT('',(9.046968843844,32.948761261261,3.));
#6843 = VECTOR('',#6844,1.);
#6844 = DIRECTION('',(0.,0.,1.));
#6845 = ADVANCED_FACE('',(#6846),#6864,.T.);
#6846 = FACE_BOUND('',#6847,.T.);
#6847 = EDGE_LOOP('',(#6848,#6856,#6862,#6863));
#6848 = ORIENTED_EDGE('',*,*,#6849,.T.);
#6849 = EDGE_CURVE('',#1745,#6850,#6852,.T.);
#6850 = VERTEX_POINT('',#6851);
#6851 = CARTESIAN_POINT('',(15.521349474474,32.375375375375,2.));
#6852 = LINE('',#6853,#6854);
#6853 = CARTESIAN_POINT('',(15.521349474474,32.375375375375,3.));
#6854 = VECTOR('',#6855,1.);
#6855 = DIRECTION('',(-0.,-0.,-1.));
#6856 = ORIENTED_EDGE('',*,*,#6857,.T.);
#6857 = EDGE_CURVE('',#6850,#6798,#6858,.T.);
#6858 = B_SPLINE_CURVE_WITH_KNOTS('',2,(#6859,#6860,#6861),
  .UNSPECIFIED.,.F.,.F.,(3,3),(0.,1.),.PIECEWISE_BEZIER_KNOTS.);
#6859 = CARTESIAN_POINT('',(15.521349474474,32.375375375375,2.));
#6860 = CARTESIAN_POINT('',(16.242961711712,31.971565315315,2.));
#6861 = CARTESIAN_POINT('',(16.655311561562,31.314611486486,2.));
#6862 = ORIENTED_EDGE('',*,*,#6797,.F.);
#6863 = ORIENTED_EDGE('',*,*,#1752,.F.);
#6864 = SURFACE_OF_LINEAR_EXTRUSION('',#6865,#6869);
#6865 = B_SPLINE_CURVE_WITH_KNOTS('',2,(#6866,#6867,#6868),
  .UNSPECIFIED.,.F.,.F.,(3,3),(0.,1.),.PIECEWISE_BEZIER_KNOTS.);
#6866 = CARTESIAN_POINT('',(15.521349474474,32.375375375375,3.));
#6867 = CARTESIAN_POINT('',(16.242961711712,31.971565315315,3.));
#6868 = CARTESIAN_POINT('',(16.655311561562,31.314611486486,3.));
#6869 = VECTOR('',#6870,1.);
#6870 = DIRECTION('',(0.,0.,1.));
#6871 = ADVANCED_FACE('',(#6872),#6890,.T.);
#6872 = FACE_BOUND('',#6873,.T.);
#6873 = EDGE_LOOP('',(#6874,#6875,#6883,#6889));
#6874 = ORIENTED_EDGE('',*,*,#6832,.T.);
#6875 = ORIENTED_EDGE('',*,*,#6876,.T.);
#6876 = EDGE_CURVE('',#6825,#6877,#6879,.T.);
#6877 = VERTEX_POINT('',#6878);
#6878 = CARTESIAN_POINT('',(9.955846471471,33.042088963964,2.));
#6879 = B_SPLINE_CURVE_WITH_KNOTS('',2,(#6880,#6881,#6882),
  .UNSPECIFIED.,.F.,.F.,(3,3),(0.,1.),.PIECEWISE_BEZIER_KNOTS.);
#6880 = CARTESIAN_POINT('',(9.046968843844,32.948761261261,2.));
#6881 = CARTESIAN_POINT('',(9.497137762763,33.00487987988,2.));
#6882 = CARTESIAN_POINT('',(9.955846471471,33.042088963964,2.));
#6883 = ORIENTED_EDGE('',*,*,#6884,.F.);
#6884 = EDGE_CURVE('',#1713,#6877,#6885,.T.);
#6885 = LINE('',#6886,#6887);
#6886 = CARTESIAN_POINT('',(9.955846471471,33.042088963964,3.));
#6887 = VECTOR('',#6888,1.);
#6888 = DIRECTION('',(-0.,-0.,-1.));
#6889 = ORIENTED_EDGE('',*,*,#1712,.F.);
#6890 = SURFACE_OF_LINEAR_EXTRUSION('',#6891,#6895);
#6891 = B_SPLINE_CURVE_WITH_KNOTS('',2,(#6892,#6893,#6894),
  .UNSPECIFIED.,.F.,.F.,(3,3),(0.,1.),.PIECEWISE_BEZIER_KNOTS.);
#6892 = CARTESIAN_POINT('',(9.046968843844,32.948761261261,3.));
#6893 = CARTESIAN_POINT('',(9.497137762763,33.00487987988,3.));
#6894 = CARTESIAN_POINT('',(9.955846471471,33.042088963964,3.));
#6895 = VECTOR('',#6896,1.);
#6896 = DIRECTION('',(0.,0.,1.));
#6897 = ADVANCED_FACE('',(#6898),#6916,.T.);
#6898 = FACE_BOUND('',#6899,.T.);
#6899 = EDGE_LOOP('',(#6900,#6908,#6914,#6915));
#6900 = ORIENTED_EDGE('',*,*,#6901,.T.);
#6901 = EDGE_CURVE('',#1737,#6902,#6904,.T.);
#6902 = VERTEX_POINT('',#6903);
#6903 = CARTESIAN_POINT('',(13.816441441441,32.948151276276,2.));
#6904 = LINE('',#6905,#6906);
#6905 = CARTESIAN_POINT('',(13.816441441441,32.948151276276,3.));
#6906 = VECTOR('',#6907,1.);
#6907 = DIRECTION('',(-0.,-0.,-1.));
#6908 = ORIENTED_EDGE('',*,*,#6909,.T.);
#6909 = EDGE_CURVE('',#6902,#6850,#6910,.T.);
#6910 = B_SPLINE_CURVE_WITH_KNOTS('',2,(#6911,#6912,#6913),
  .UNSPECIFIED.,.F.,.F.,(3,3),(0.,1.),.PIECEWISE_BEZIER_KNOTS.);
#6911 = CARTESIAN_POINT('',(13.816441441441,32.948151276276,2.));
#6912 = CARTESIAN_POINT('',(14.800347222222,32.779185435435,2.));
#6913 = CARTESIAN_POINT('',(15.521349474474,32.375375375375,2.));
#6914 = ORIENTED_EDGE('',*,*,#6849,.F.);
#6915 = ORIENTED_EDGE('',*,*,#1744,.F.);
#6916 = SURFACE_OF_LINEAR_EXTRUSION('',#6917,#6921);
#6917 = B_SPLINE_CURVE_WITH_KNOTS('',2,(#6918,#6919,#6920),
  .UNSPECIFIED.,.F.,.F.,(3,3),(0.,1.),.PIECEWISE_BEZIER_KNOTS.);
#6918 = CARTESIAN_POINT('',(13.816441441441,32.948151276276,3.));
#6919 = CARTESIAN_POINT('',(14.800347222222,32.779185435435,3.));
#6920 = CARTESIAN_POINT('',(15.521349474474,32.375375375375,3.));
#6921 = VECTOR('',#6922,1.);
#6922 = DIRECTION('',(0.,0.,1.));
#6923 = ADVANCED_FACE('',(#6924),#6942,.T.);
#6924 = FACE_BOUND('',#6925,.T.);
#6925 = EDGE_LOOP('',(#6926,#6927,#6935,#6941));
#6926 = ORIENTED_EDGE('',*,*,#6884,.T.);
#6927 = ORIENTED_EDGE('',*,*,#6928,.T.);
#6928 = EDGE_CURVE('',#6877,#6929,#6931,.T.);
#6929 = VERTEX_POINT('',#6930);
#6930 = CARTESIAN_POINT('',(10.864724099099,33.098207582583,2.));
#6931 = B_SPLINE_CURVE_WITH_KNOTS('',2,(#6932,#6933,#6934),
  .UNSPECIFIED.,.F.,.F.,(3,3),(0.,1.),.PIECEWISE_BEZIER_KNOTS.);
#6932 = CARTESIAN_POINT('',(9.955846471471,33.042088963964,2.));
#6933 = CARTESIAN_POINT('',(10.415165165165,33.079908033033,2.));
#6934 = CARTESIAN_POINT('',(10.864724099099,33.098207582583,2.));
#6935 = ORIENTED_EDGE('',*,*,#6936,.F.);
#6936 = EDGE_CURVE('',#1721,#6929,#6937,.T.);
#6937 = LINE('',#6938,#6939);
#6938 = CARTESIAN_POINT('',(10.864724099099,33.098207582583,3.));
#6939 = VECTOR('',#6940,1.);
#6940 = DIRECTION('',(-0.,-0.,-1.));
#6941 = ORIENTED_EDGE('',*,*,#1720,.F.);
#6942 = SURFACE_OF_LINEAR_EXTRUSION('',#6943,#6947);
#6943 = B_SPLINE_CURVE_WITH_KNOTS('',2,(#6944,#6945,#6946),
  .UNSPECIFIED.,.F.,.F.,(3,3),(0.,1.),.PIECEWISE_BEZIER_KNOTS.);
#6944 = CARTESIAN_POINT('',(9.955846471471,33.042088963964,3.));
#6945 = CARTESIAN_POINT('',(10.415165165165,33.079908033033,3.));
#6946 = CARTESIAN_POINT('',(10.864724099099,33.098207582583,3.));
#6947 = VECTOR('',#6948,1.);
#6948 = DIRECTION('',(0.,0.,1.));
#6949 = ADVANCED_FACE('',(#6950),#6968,.T.);
#6950 = FACE_BOUND('',#6951,.T.);
#6951 = EDGE_LOOP('',(#6952,#6960,#6966,#6967));
#6952 = ORIENTED_EDGE('',*,*,#6953,.T.);
#6953 = EDGE_CURVE('',#1729,#6954,#6956,.T.);
#6954 = VERTEX_POINT('',#6955);
#6955 = CARTESIAN_POINT('',(11.708333333333,33.117117117117,2.));
#6956 = LINE('',#6957,#6958);
#6957 = CARTESIAN_POINT('',(11.708333333333,33.117117117117,3.));
#6958 = VECTOR('',#6959,1.);
#6959 = DIRECTION('',(-0.,-0.,-1.));
#6960 = ORIENTED_EDGE('',*,*,#6961,.T.);
#6961 = EDGE_CURVE('',#6954,#6902,#6962,.T.);
#6962 = B_SPLINE_CURVE_WITH_KNOTS('',2,(#6963,#6964,#6965),
  .UNSPECIFIED.,.F.,.F.,(3,3),(0.,1.),.PIECEWISE_BEZIER_KNOTS.);
#6963 = CARTESIAN_POINT('',(11.708333333333,33.117117117117,2.));
#6964 = CARTESIAN_POINT('',(12.832535660661,33.117117117117,2.));
#6965 = CARTESIAN_POINT('',(13.816441441441,32.948151276276,2.));
#6966 = ORIENTED_EDGE('',*,*,#6901,.F.);
#6967 = ORIENTED_EDGE('',*,*,#1736,.F.);
#6968 = SURFACE_OF_LINEAR_EXTRUSION('',#6969,#6973);
#6969 = B_SPLINE_CURVE_WITH_KNOTS('',2,(#6970,#6971,#6972),
  .UNSPECIFIED.,.F.,.F.,(3,3),(0.,1.),.PIECEWISE_BEZIER_KNOTS.);
#6970 = CARTESIAN_POINT('',(11.708333333333,33.117117117117,3.));
#6971 = CARTESIAN_POINT('',(12.832535660661,33.117117117117,3.));
#6972 = CARTESIAN_POINT('',(13.816441441441,32.948151276276,3.));
#6973 = VECTOR('',#6974,1.);
#6974 = DIRECTION('',(0.,0.,1.));
#6975 = ADVANCED_FACE('',(#6976),#6987,.T.);
#6976 = FACE_BOUND('',#6977,.T.);
#6977 = EDGE_LOOP('',(#6978,#6979,#6985,#6986));
#6978 = ORIENTED_EDGE('',*,*,#6936,.T.);
#6979 = ORIENTED_EDGE('',*,*,#6980,.T.);
#6980 = EDGE_CURVE('',#6929,#6954,#6981,.T.);
#6981 = B_SPLINE_CURVE_WITH_KNOTS('',2,(#6982,#6983,#6984),
  .UNSPECIFIED.,.F.,.F.,(3,3),(0.,1.),.PIECEWISE_BEZIER_KNOTS.);
#6982 = CARTESIAN_POINT('',(10.864724099099,33.098207582583,2.));
#6983 = CARTESIAN_POINT('',(11.314893018018,33.117117117117,2.));
#6984 = CARTESIAN_POINT('',(11.708333333333,33.117117117117,2.));
#6985 = ORIENTED_EDGE('',*,*,#6953,.F.);
#6986 = ORIENTED_EDGE('',*,*,#1728,.F.);
#6987 = SURFACE_OF_LINEAR_EXTRUSION('',#6988,#6992);
#6988 = B_SPLINE_CURVE_WITH_KNOTS('',2,(#6989,#6990,#6991),
  .UNSPECIFIED.,.F.,.F.,(3,3),(0.,1.),.PIECEWISE_BEZIER_KNOTS.);
#6989 = CARTESIAN_POINT('',(10.864724099099,33.098207582583,3.));
#6990 = CARTESIAN_POINT('',(11.314893018018,33.117117117117,3.));
#6991 = CARTESIAN_POINT('',(11.708333333333,33.117117117117,3.));
#6992 = VECTOR('',#6993,1.);
#6993 = DIRECTION('',(0.,0.,1.));
#6994 = ADVANCED_FACE('',(#6995),#7020,.T.);
#6995 = FACE_BOUND('',#6996,.T.);
#6996 = EDGE_LOOP('',(#6997,#7005,#7013,#7019));
#6997 = ORIENTED_EDGE('',*,*,#6998,.T.);
#6998 = EDGE_CURVE('',#1809,#6999,#7001,.T.);
#6999 = VERTEX_POINT('',#7000);
#7000 = CARTESIAN_POINT('',(28.437171546547,26.968468468468,2.));
#7001 = LINE('',#7002,#7003);
#7002 = CARTESIAN_POINT('',(28.437171546547,26.968468468468,3.));
#7003 = VECTOR('',#7004,1.);
#7004 = DIRECTION('',(-0.,-0.,-1.));
#7005 = ORIENTED_EDGE('',*,*,#7006,.T.);
#7006 = EDGE_CURVE('',#6999,#7007,#7009,.T.);
#7007 = VERTEX_POINT('',#7008);
#7008 = CARTESIAN_POINT('',(28.774493243243,24.87987987988,2.));
#7009 = B_SPLINE_CURVE_WITH_KNOTS('',2,(#7010,#7011,#7012),
  .UNSPECIFIED.,.F.,.F.,(3,3),(0.,1.),.PIECEWISE_BEZIER_KNOTS.);
#7010 = CARTESIAN_POINT('',(28.437171546547,26.968468468468,2.));
#7011 = CARTESIAN_POINT('',(28.774493243243,26.022381756757,2.));
#7012 = CARTESIAN_POINT('',(28.774493243243,24.87987987988,2.));
#7013 = ORIENTED_EDGE('',*,*,#7014,.F.);
#7014 = EDGE_CURVE('',#1811,#7007,#7015,.T.);
#7015 = LINE('',#7016,#7017);
#7016 = CARTESIAN_POINT('',(28.774493243243,24.87987987988,3.));
#7017 = VECTOR('',#7018,1.);
#7018 = DIRECTION('',(-0.,-0.,-1.));
#7019 = ORIENTED_EDGE('',*,*,#1808,.F.);
#7020 = SURFACE_OF_LINEAR_EXTRUSION('',#7021,#7025);
#7021 = B_SPLINE_CURVE_WITH_KNOTS('',2,(#7022,#7023,#7024),
  .UNSPECIFIED.,.F.,.F.,(3,3),(0.,1.),.PIECEWISE_BEZIER_KNOTS.);
#7022 = CARTESIAN_POINT('',(28.437171546547,26.968468468468,3.));
#7023 = CARTESIAN_POINT('',(28.774493243243,26.022381756757,3.));
#7024 = CARTESIAN_POINT('',(28.774493243243,24.87987987988,3.));
#7025 = VECTOR('',#7026,1.);
#7026 = DIRECTION('',(0.,0.,1.));
#7027 = ADVANCED_FACE('',(#7028),#7046,.T.);
#7028 = FACE_BOUND('',#7029,.T.);
#7029 = EDGE_LOOP('',(#7030,#7038,#7044,#7045));
#7030 = ORIENTED_EDGE('',*,*,#7031,.T.);
#7031 = EDGE_CURVE('',#1923,#7032,#7034,.T.);
#7032 = VERTEX_POINT('',#7033);
#7033 = CARTESIAN_POINT('',(27.49047484985,28.588588588589,2.));
#7034 = LINE('',#7035,#7036);
#7035 = CARTESIAN_POINT('',(27.49047484985,28.588588588589,3.));
#7036 = VECTOR('',#7037,1.);
#7037 = DIRECTION('',(-0.,-0.,-1.));
#7038 = ORIENTED_EDGE('',*,*,#7039,.T.);
#7039 = EDGE_CURVE('',#7032,#6999,#7040,.T.);
#7040 = B_SPLINE_CURVE_WITH_KNOTS('',2,(#7041,#7042,#7043),
  .UNSPECIFIED.,.F.,.F.,(3,3),(0.,1.),.PIECEWISE_BEZIER_KNOTS.);
#7041 = CARTESIAN_POINT('',(27.49047484985,28.588588588589,2.));
#7042 = CARTESIAN_POINT('',(28.09984984985,27.91455518018,2.));
#7043 = CARTESIAN_POINT('',(28.437171546547,26.968468468468,2.));
#7044 = ORIENTED_EDGE('',*,*,#6998,.F.);
#7045 = ORIENTED_EDGE('',*,*,#1930,.F.);
#7046 = SURFACE_OF_LINEAR_EXTRUSION('',#7047,#7051);
#7047 = B_SPLINE_CURVE_WITH_KNOTS('',2,(#7048,#7049,#7050),
  .UNSPECIFIED.,.F.,.F.,(3,3),(0.,1.),.PIECEWISE_BEZIER_KNOTS.);
#7048 = CARTESIAN_POINT('',(27.49047484985,28.588588588589,3.));
#7049 = CARTESIAN_POINT('',(28.09984984985,27.91455518018,3.));
#7050 = CARTESIAN_POINT('',(28.437171546547,26.968468468468,3.));
#7051 = VECTOR('',#7052,1.);
#7052 = DIRECTION('',(0.,0.,1.));
#7053 = ADVANCED_FACE('',(#7054),#7072,.T.);
#7054 = FACE_BOUND('',#7055,.T.);
#7055 = EDGE_LOOP('',(#7056,#7057,#7065,#7071));
#7056 = ORIENTED_EDGE('',*,*,#7014,.T.);
#7057 = ORIENTED_EDGE('',*,*,#7058,.T.);
#7058 = EDGE_CURVE('',#7007,#7059,#7061,.T.);
#7059 = VERTEX_POINT('',#7060);
#7060 = CARTESIAN_POINT('',(28.437171546547,22.781531531532,2.));
#7061 = B_SPLINE_CURVE_WITH_KNOTS('',2,(#7062,#7063,#7064),
  .UNSPECIFIED.,.F.,.F.,(3,3),(0.,1.),.PIECEWISE_BEZIER_KNOTS.);
#7062 = CARTESIAN_POINT('',(28.774493243243,24.87987987988,2.));
#7063 = CARTESIAN_POINT('',(28.774493243243,23.718468468468,2.));
#7064 = CARTESIAN_POINT('',(28.437171546547,22.781531531532,2.));
#7065 = ORIENTED_EDGE('',*,*,#7066,.F.);
#7066 = EDGE_CURVE('',#1819,#7059,#7067,.T.);
#7067 = LINE('',#7068,#7069);
#7068 = CARTESIAN_POINT('',(28.437171546547,22.781531531532,3.));
#7069 = VECTOR('',#7070,1.);
#7070 = DIRECTION('',(-0.,-0.,-1.));
#7071 = ORIENTED_EDGE('',*,*,#1818,.F.);
#7072 = SURFACE_OF_LINEAR_EXTRUSION('',#7073,#7077);
#7073 = B_SPLINE_CURVE_WITH_KNOTS('',2,(#7074,#7075,#7076),
  .UNSPECIFIED.,.F.,.F.,(3,3),(0.,1.),.PIECEWISE_BEZIER_KNOTS.);
#7074 = CARTESIAN_POINT('',(28.774493243243,24.87987987988,3.));
#7075 = CARTESIAN_POINT('',(28.774493243243,23.718468468468,3.));
#7076 = CARTESIAN_POINT('',(28.437171546547,22.781531531532,3.));
#7077 = VECTOR('',#7078,1.);
#7078 = DIRECTION('',(0.,0.,1.));
#7079 = ADVANCED_FACE('',(#7080),#7098,.T.);
#7080 = FACE_BOUND('',#7081,.T.);
#7081 = EDGE_LOOP('',(#7082,#7090,#7096,#7097));
#7082 = ORIENTED_EDGE('',*,*,#7083,.T.);
#7083 = EDGE_CURVE('',#1915,#7084,#7086,.T.);
#7084 = VERTEX_POINT('',#7085);
#7085 = CARTESIAN_POINT('',(26.038710585586,29.628612987988,2.));
#7086 = LINE('',#7087,#7088);
#7087 = CARTESIAN_POINT('',(26.038710585586,29.628612987988,3.));
#7088 = VECTOR('',#7089,1.);
#7089 = DIRECTION('',(-0.,-0.,-1.));
#7090 = ORIENTED_EDGE('',*,*,#7091,.T.);
#7091 = EDGE_CURVE('',#7084,#7032,#7092,.T.);
#7092 = B_SPLINE_CURVE_WITH_KNOTS('',2,(#7093,#7094,#7095),
  .UNSPECIFIED.,.F.,.F.,(3,3),(0.,1.),.PIECEWISE_BEZIER_KNOTS.);
#7093 = CARTESIAN_POINT('',(26.038710585586,29.628612987988,2.));
#7094 = CARTESIAN_POINT('',(26.881709834835,29.263231981982,2.));
#7095 = CARTESIAN_POINT('',(27.49047484985,28.588588588589,2.));
#7096 = ORIENTED_EDGE('',*,*,#7031,.F.);
#7097 = ORIENTED_EDGE('',*,*,#1922,.F.);
#7098 = SURFACE_OF_LINEAR_EXTRUSION('',#7099,#7103);
#7099 = B_SPLINE_CURVE_WITH_KNOTS('',2,(#7100,#7101,#7102),
  .UNSPECIFIED.,.F.,.F.,(3,3),(0.,1.),.PIECEWISE_BEZIER_KNOTS.);
#7100 = CARTESIAN_POINT('',(26.038710585586,29.628612987988,3.));
#7101 = CARTESIAN_POINT('',(26.881709834835,29.263231981982,3.));
#7102 = CARTESIAN_POINT('',(27.49047484985,28.588588588589,3.));
#7103 = VECTOR('',#7104,1.);
#7104 = DIRECTION('',(0.,0.,1.));
#7105 = ADVANCED_FACE('',(#7106),#7124,.T.);
#7106 = FACE_BOUND('',#7107,.T.);
#7107 = EDGE_LOOP('',(#7108,#7109,#7117,#7123));
#7108 = ORIENTED_EDGE('',*,*,#7066,.T.);
#7109 = ORIENTED_EDGE('',*,*,#7110,.T.);
#7110 = EDGE_CURVE('',#7059,#7111,#7113,.T.);
#7111 = VERTEX_POINT('',#7112);
#7112 = CARTESIAN_POINT('',(27.49047484985,21.170561186186,2.));
#7113 = B_SPLINE_CURVE_WITH_KNOTS('',2,(#7114,#7115,#7116),
  .UNSPECIFIED.,.F.,.F.,(3,3),(0.,1.),.PIECEWISE_BEZIER_KNOTS.);
#7114 = CARTESIAN_POINT('',(28.437171546547,22.781531531532,2.));
#7115 = CARTESIAN_POINT('',(28.09984984985,21.84520457958,2.));
#7116 = CARTESIAN_POINT('',(27.49047484985,21.170561186186,2.));
#7117 = ORIENTED_EDGE('',*,*,#7118,.F.);
#7118 = EDGE_CURVE('',#1827,#7111,#7119,.T.);
#7119 = LINE('',#7120,#7121);
#7120 = CARTESIAN_POINT('',(27.49047484985,21.170561186186,3.));
#7121 = VECTOR('',#7122,1.);
#7122 = DIRECTION('',(-0.,-0.,-1.));
#7123 = ORIENTED_EDGE('',*,*,#1826,.F.);
#7124 = SURFACE_OF_LINEAR_EXTRUSION('',#7125,#7129);
#7125 = B_SPLINE_CURVE_WITH_KNOTS('',2,(#7126,#7127,#7128),
  .UNSPECIFIED.,.F.,.F.,(3,3),(0.,1.),.PIECEWISE_BEZIER_KNOTS.);
#7126 = CARTESIAN_POINT('',(28.437171546547,22.781531531532,3.));
#7127 = CARTESIAN_POINT('',(28.09984984985,21.84520457958,3.));
#7128 = CARTESIAN_POINT('',(27.49047484985,21.170561186186,3.));
#7129 = VECTOR('',#7130,1.);
#7130 = DIRECTION('',(0.,0.,1.));
#7131 = ADVANCED_FACE('',(#7132),#7150,.T.);
#7132 = FACE_BOUND('',#7133,.T.);
#7133 = EDGE_LOOP('',(#7134,#7142,#7148,#7149));
#7134 = ORIENTED_EDGE('',*,*,#7135,.T.);
#7135 = EDGE_CURVE('',#1907,#7136,#7138,.T.);
#7136 = VERTEX_POINT('',#7137);
#7137 = CARTESIAN_POINT('',(24.202655780781,29.993993993994,2.));
#7138 = LINE('',#7139,#7140);
#7139 = CARTESIAN_POINT('',(24.202655780781,29.993993993994,3.));
#7140 = VECTOR('',#7141,1.);
#7141 = DIRECTION('',(-0.,-0.,-1.));
#7142 = ORIENTED_EDGE('',*,*,#7143,.T.);
#7143 = EDGE_CURVE('',#7136,#7084,#7144,.T.);
#7144 = B_SPLINE_CURVE_WITH_KNOTS('',2,(#7145,#7146,#7147),
  .UNSPECIFIED.,.F.,.F.,(3,3),(0.,1.),.PIECEWISE_BEZIER_KNOTS.);
#7145 = CARTESIAN_POINT('',(24.202655780781,29.993993993994,2.));
#7146 = CARTESIAN_POINT('',(25.195711336336,29.993993993994,2.));
#7147 = CARTESIAN_POINT('',(26.038710585586,29.628612987988,2.));
#7148 = ORIENTED_EDGE('',*,*,#7083,.F.);
#7149 = ORIENTED_EDGE('',*,*,#1914,.F.);
#7150 = SURFACE_OF_LINEAR_EXTRUSION('',#7151,#7155);
#7151 = B_SPLINE_CURVE_WITH_KNOTS('',2,(#7152,#7153,#7154),
  .UNSPECIFIED.,.F.,.F.,(3,3),(0.,1.),.PIECEWISE_BEZIER_KNOTS.);
#7152 = CARTESIAN_POINT('',(24.202655780781,29.993993993994,3.));
#7153 = CARTESIAN_POINT('',(25.195711336336,29.993993993994,3.));
#7154 = CARTESIAN_POINT('',(26.038710585586,29.628612987988,3.));
#7155 = VECTOR('',#7156,1.);
#7156 = DIRECTION('',(0.,0.,1.));
#7157 = ADVANCED_FACE('',(#7158),#7176,.T.);
#7158 = FACE_BOUND('',#7159,.T.);
#7159 = EDGE_LOOP('',(#7160,#7161,#7169,#7175));
#7160 = ORIENTED_EDGE('',*,*,#7118,.T.);
#7161 = ORIENTED_EDGE('',*,*,#7162,.T.);
#7162 = EDGE_CURVE('',#7111,#7163,#7165,.T.);
#7163 = VERTEX_POINT('',#7164);
#7164 = CARTESIAN_POINT('',(26.038710585586,20.131146771772,2.));
#7165 = B_SPLINE_CURVE_WITH_KNOTS('',2,(#7166,#7167,#7168),
  .UNSPECIFIED.,.F.,.F.,(3,3),(0.,1.),.PIECEWISE_BEZIER_KNOTS.);
#7166 = CARTESIAN_POINT('',(27.49047484985,21.170561186186,2.));
#7167 = CARTESIAN_POINT('',(26.881709834835,20.496527777778,2.));
#7168 = CARTESIAN_POINT('',(26.038710585586,20.131146771772,2.));
#7169 = ORIENTED_EDGE('',*,*,#7170,.F.);
#7170 = EDGE_CURVE('',#1835,#7163,#7171,.T.);
#7171 = LINE('',#7172,#7173);
#7172 = CARTESIAN_POINT('',(26.038710585586,20.131146771772,3.));
#7173 = VECTOR('',#7174,1.);
#7174 = DIRECTION('',(-0.,-0.,-1.));
#7175 = ORIENTED_EDGE('',*,*,#1834,.F.);
#7176 = SURFACE_OF_LINEAR_EXTRUSION('',#7177,#7181);
#7177 = B_SPLINE_CURVE_WITH_KNOTS('',2,(#7178,#7179,#7180),
  .UNSPECIFIED.,.F.,.F.,(3,3),(0.,1.),.PIECEWISE_BEZIER_KNOTS.);
#7178 = CARTESIAN_POINT('',(27.49047484985,21.170561186186,3.));
#7179 = CARTESIAN_POINT('',(26.881709834835,20.496527777778,3.));
#7180 = CARTESIAN_POINT('',(26.038710585586,20.131146771772,3.));
#7181 = VECTOR('',#7182,1.);
#7182 = DIRECTION('',(0.,0.,1.));
#7183 = ADVANCED_FACE('',(#7184),#7202,.T.);
#7184 = FACE_BOUND('',#7185,.T.);
#7185 = EDGE_LOOP('',(#7186,#7194,#7200,#7201));
#7186 = ORIENTED_EDGE('',*,*,#7187,.T.);
#7187 = EDGE_CURVE('',#1899,#7188,#7190,.T.);
#7188 = VERTEX_POINT('',#7189);
#7189 = CARTESIAN_POINT('',(22.365990990991,29.628612987988,2.));
#7190 = LINE('',#7191,#7192);
#7191 = CARTESIAN_POINT('',(22.365990990991,29.628612987988,3.));
#7192 = VECTOR('',#7193,1.);
#7193 = DIRECTION('',(-0.,-0.,-1.));
#7194 = ORIENTED_EDGE('',*,*,#7195,.T.);
#7195 = EDGE_CURVE('',#7188,#7136,#7196,.T.);
#7196 = B_SPLINE_CURVE_WITH_KNOTS('',2,(#7197,#7198,#7199),
  .UNSPECIFIED.,.F.,.F.,(3,3),(0.,1.),.PIECEWISE_BEZIER_KNOTS.);
#7197 = CARTESIAN_POINT('',(22.365990990991,29.628612987988,2.));
#7198 = CARTESIAN_POINT('',(23.20899024024,29.993993993994,2.));
#7199 = CARTESIAN_POINT('',(24.202655780781,29.993993993994,2.));
#7200 = ORIENTED_EDGE('',*,*,#7135,.F.);
#7201 = ORIENTED_EDGE('',*,*,#1906,.F.);
#7202 = SURFACE_OF_LINEAR_EXTRUSION('',#7203,#7207);
#7203 = B_SPLINE_CURVE_WITH_KNOTS('',2,(#7204,#7205,#7206),
  .UNSPECIFIED.,.F.,.F.,(3,3),(0.,1.),.PIECEWISE_BEZIER_KNOTS.);
#7204 = CARTESIAN_POINT('',(22.365990990991,29.628612987988,3.));
#7205 = CARTESIAN_POINT('',(23.20899024024,29.993993993994,3.));
#7206 = CARTESIAN_POINT('',(24.202655780781,29.993993993994,3.));
#7207 = VECTOR('',#7208,1.);
#7208 = DIRECTION('',(0.,0.,1.));
#7209 = ADVANCED_FACE('',(#7210),#7228,.T.);
#7210 = FACE_BOUND('',#7211,.T.);
#7211 = EDGE_LOOP('',(#7212,#7213,#7221,#7227));
#7212 = ORIENTED_EDGE('',*,*,#7170,.T.);
#7213 = ORIENTED_EDGE('',*,*,#7214,.T.);
#7214 = EDGE_CURVE('',#7163,#7215,#7217,.T.);
#7215 = VERTEX_POINT('',#7216);
#7216 = CARTESIAN_POINT('',(24.202655780781,19.765765765766,2.));
#7217 = B_SPLINE_CURVE_WITH_KNOTS('',2,(#7218,#7219,#7220),
  .UNSPECIFIED.,.F.,.F.,(3,3),(0.,1.),.PIECEWISE_BEZIER_KNOTS.);
#7218 = CARTESIAN_POINT('',(26.038710585586,20.131146771772,2.));
#7219 = CARTESIAN_POINT('',(25.195711336336,19.765765765766,2.));
#7220 = CARTESIAN_POINT('',(24.202655780781,19.765765765766,2.));
#7221 = ORIENTED_EDGE('',*,*,#7222,.F.);
#7222 = EDGE_CURVE('',#1843,#7215,#7223,.T.);
#7223 = LINE('',#7224,#7225);
#7224 = CARTESIAN_POINT('',(24.202655780781,19.765765765766,3.));
#7225 = VECTOR('',#7226,1.);
#7226 = DIRECTION('',(-0.,-0.,-1.));
#7227 = ORIENTED_EDGE('',*,*,#1842,.F.);
#7228 = SURFACE_OF_LINEAR_EXTRUSION('',#7229,#7233);
#7229 = B_SPLINE_CURVE_WITH_KNOTS('',2,(#7230,#7231,#7232),
  .UNSPECIFIED.,.F.,.F.,(3,3),(0.,1.),.PIECEWISE_BEZIER_KNOTS.);
#7230 = CARTESIAN_POINT('',(26.038710585586,20.131146771772,3.));
#7231 = CARTESIAN_POINT('',(25.195711336336,19.765765765766,3.));
#7232 = CARTESIAN_POINT('',(24.202655780781,19.765765765766,3.));
#7233 = VECTOR('',#7234,1.);
#7234 = DIRECTION('',(0.,0.,1.));
#7235 = ADVANCED_FACE('',(#7236),#7254,.T.);
#7236 = FACE_BOUND('',#7237,.T.);
#7237 = EDGE_LOOP('',(#7238,#7246,#7252,#7253));
#7238 = ORIENTED_EDGE('',*,*,#7239,.T.);
#7239 = EDGE_CURVE('',#1891,#7240,#7242,.T.);
#7240 = VERTEX_POINT('',#7241);
#7241 = CARTESIAN_POINT('',(20.913616741742,28.588588588589,2.));
#7242 = LINE('',#7243,#7244);
#7243 = CARTESIAN_POINT('',(20.913616741742,28.588588588589,3.));
#7244 = VECTOR('',#7245,1.);
#7245 = DIRECTION('',(-0.,-0.,-1.));
#7246 = ORIENTED_EDGE('',*,*,#7247,.T.);
#7247 = EDGE_CURVE('',#7240,#7188,#7248,.T.);
#7248 = B_SPLINE_CURVE_WITH_KNOTS('',2,(#7249,#7250,#7251),
  .UNSPECIFIED.,.F.,.F.,(3,3),(0.,1.),.PIECEWISE_BEZIER_KNOTS.);
#7249 = CARTESIAN_POINT('',(20.913616741742,28.588588588589,2.));
#7250 = CARTESIAN_POINT('',(21.522991741742,29.263231981982,2.));
#7251 = CARTESIAN_POINT('',(22.365990990991,29.628612987988,2.));
#7252 = ORIENTED_EDGE('',*,*,#7187,.F.);
#7253 = ORIENTED_EDGE('',*,*,#1898,.F.);
#7254 = SURFACE_OF_LINEAR_EXTRUSION('',#7255,#7259);
#7255 = B_SPLINE_CURVE_WITH_KNOTS('',2,(#7256,#7257,#7258),
  .UNSPECIFIED.,.F.,.F.,(3,3),(0.,1.),.PIECEWISE_BEZIER_KNOTS.);
#7256 = CARTESIAN_POINT('',(20.913616741742,28.588588588589,3.));
#7257 = CARTESIAN_POINT('',(21.522991741742,29.263231981982,3.));
#7258 = CARTESIAN_POINT('',(22.365990990991,29.628612987988,3.));
#7259 = VECTOR('',#7260,1.);
#7260 = DIRECTION('',(0.,0.,1.));
#7261 = ADVANCED_FACE('',(#7262),#7280,.T.);
#7262 = FACE_BOUND('',#7263,.T.);
#7263 = EDGE_LOOP('',(#7264,#7265,#7273,#7279));
#7264 = ORIENTED_EDGE('',*,*,#7222,.T.);
#7265 = ORIENTED_EDGE('',*,*,#7266,.T.);
#7266 = EDGE_CURVE('',#7215,#7267,#7269,.T.);
#7267 = VERTEX_POINT('',#7268);
#7268 = CARTESIAN_POINT('',(22.365990990991,20.131146771772,2.));
#7269 = B_SPLINE_CURVE_WITH_KNOTS('',2,(#7270,#7271,#7272),
  .UNSPECIFIED.,.F.,.F.,(3,3),(0.,1.),.PIECEWISE_BEZIER_KNOTS.);
#7270 = CARTESIAN_POINT('',(24.202655780781,19.765765765766,2.));
#7271 = CARTESIAN_POINT('',(23.20899024024,19.765765765766,2.));
#7272 = CARTESIAN_POINT('',(22.365990990991,20.131146771772,2.));
#7273 = ORIENTED_EDGE('',*,*,#7274,.F.);
#7274 = EDGE_CURVE('',#1851,#7267,#7275,.T.);
#7275 = LINE('',#7276,#7277);
#7276 = CARTESIAN_POINT('',(22.365990990991,20.131146771772,3.));
#7277 = VECTOR('',#7278,1.);
#7278 = DIRECTION('',(-0.,-0.,-1.));
#7279 = ORIENTED_EDGE('',*,*,#1850,.F.);
#7280 = SURFACE_OF_LINEAR_EXTRUSION('',#7281,#7285);
#7281 = B_SPLINE_CURVE_WITH_KNOTS('',2,(#7282,#7283,#7284),
  .UNSPECIFIED.,.F.,.F.,(3,3),(0.,1.),.PIECEWISE_BEZIER_KNOTS.);
#7282 = CARTESIAN_POINT('',(24.202655780781,19.765765765766,3.));
#7283 = CARTESIAN_POINT('',(23.20899024024,19.765765765766,3.));
#7284 = CARTESIAN_POINT('',(22.365990990991,20.131146771772,3.));
#7285 = VECTOR('',#7286,1.);
#7286 = DIRECTION('',(0.,0.,1.));
#7287 = ADVANCED_FACE('',(#7288),#7306,.T.);
#7288 = FACE_BOUND('',#7289,.T.);
#7289 = EDGE_LOOP('',(#7290,#7298,#7304,#7305));
#7290 = ORIENTED_EDGE('',*,*,#7291,.T.);
#7291 = EDGE_CURVE('',#1883,#7292,#7294,.T.);
#7292 = VERTEX_POINT('',#7293);
#7293 = CARTESIAN_POINT('',(19.96753003003,26.968468468468,2.));
#7294 = LINE('',#7295,#7296);
#7295 = CARTESIAN_POINT('',(19.96753003003,26.968468468468,3.));
#7296 = VECTOR('',#7297,1.);
#7297 = DIRECTION('',(-0.,-0.,-1.));
#7298 = ORIENTED_EDGE('',*,*,#7299,.T.);
#7299 = EDGE_CURVE('',#7292,#7240,#7300,.T.);
#7300 = B_SPLINE_CURVE_WITH_KNOTS('',2,(#7301,#7302,#7303),
  .UNSPECIFIED.,.F.,.F.,(3,3),(0.,1.),.PIECEWISE_BEZIER_KNOTS.);
#7301 = CARTESIAN_POINT('',(19.96753003003,26.968468468468,2.));
#7302 = CARTESIAN_POINT('',(20.304851726727,27.91455518018,2.));
#7303 = CARTESIAN_POINT('',(20.913616741742,28.588588588589,2.));
#7304 = ORIENTED_EDGE('',*,*,#7239,.F.);
#7305 = ORIENTED_EDGE('',*,*,#1890,.F.);
#7306 = SURFACE_OF_LINEAR_EXTRUSION('',#7307,#7311);
#7307 = B_SPLINE_CURVE_WITH_KNOTS('',2,(#7308,#7309,#7310),
  .UNSPECIFIED.,.F.,.F.,(3,3),(0.,1.),.PIECEWISE_BEZIER_KNOTS.);
#7308 = CARTESIAN_POINT('',(19.96753003003,26.968468468468,3.));
#7309 = CARTESIAN_POINT('',(20.304851726727,27.91455518018,3.));
#7310 = CARTESIAN_POINT('',(20.913616741742,28.588588588589,3.));
#7311 = VECTOR('',#7312,1.);
#7312 = DIRECTION('',(0.,0.,1.));
#7313 = ADVANCED_FACE('',(#7314),#7332,.T.);
#7314 = FACE_BOUND('',#7315,.T.);
#7315 = EDGE_LOOP('',(#7316,#7317,#7325,#7331));
#7316 = ORIENTED_EDGE('',*,*,#7274,.T.);
#7317 = ORIENTED_EDGE('',*,*,#7318,.T.);
#7318 = EDGE_CURVE('',#7267,#7319,#7321,.T.);
#7319 = VERTEX_POINT('',#7320);
#7320 = CARTESIAN_POINT('',(20.913616741742,21.170561186186,2.));
#7321 = B_SPLINE_CURVE_WITH_KNOTS('',2,(#7322,#7323,#7324),
  .UNSPECIFIED.,.F.,.F.,(3,3),(0.,1.),.PIECEWISE_BEZIER_KNOTS.);
#7322 = CARTESIAN_POINT('',(22.365990990991,20.131146771772,2.));
#7323 = CARTESIAN_POINT('',(21.522991741742,20.496527777778,2.));
#7324 = CARTESIAN_POINT('',(20.913616741742,21.170561186186,2.));
#7325 = ORIENTED_EDGE('',*,*,#7326,.F.);
#7326 = EDGE_CURVE('',#1859,#7319,#7327,.T.);
#7327 = LINE('',#7328,#7329);
#7328 = CARTESIAN_POINT('',(20.913616741742,21.170561186186,3.));
#7329 = VECTOR('',#7330,1.);
#7330 = DIRECTION('',(-0.,-0.,-1.));
#7331 = ORIENTED_EDGE('',*,*,#1858,.F.);
#7332 = SURFACE_OF_LINEAR_EXTRUSION('',#7333,#7337);
#7333 = B_SPLINE_CURVE_WITH_KNOTS('',2,(#7334,#7335,#7336),
  .UNSPECIFIED.,.F.,.F.,(3,3),(0.,1.),.PIECEWISE_BEZIER_KNOTS.);
#7334 = CARTESIAN_POINT('',(22.365990990991,20.131146771772,3.));
#7335 = CARTESIAN_POINT('',(21.522991741742,20.496527777778,3.));
#7336 = CARTESIAN_POINT('',(20.913616741742,21.170561186186,3.));
#7337 = VECTOR('',#7338,1.);
#7338 = DIRECTION('',(0.,0.,1.));
#7339 = ADVANCED_FACE('',(#7340),#7358,.T.);
#7340 = FACE_BOUND('',#7341,.T.);
#7341 = EDGE_LOOP('',(#7342,#7350,#7356,#7357));
#7342 = ORIENTED_EDGE('',*,*,#7343,.T.);
#7343 = EDGE_CURVE('',#1875,#7344,#7346,.T.);
#7344 = VERTEX_POINT('',#7345);
#7345 = CARTESIAN_POINT('',(19.630208333333,24.87987987988,2.));
#7346 = LINE('',#7347,#7348);
#7347 = CARTESIAN_POINT('',(19.630208333333,24.87987987988,3.));
#7348 = VECTOR('',#7349,1.);
#7349 = DIRECTION('',(-0.,-0.,-1.));
#7350 = ORIENTED_EDGE('',*,*,#7351,.T.);
#7351 = EDGE_CURVE('',#7344,#7292,#7352,.T.);
#7352 = B_SPLINE_CURVE_WITH_KNOTS('',2,(#7353,#7354,#7355),
  .UNSPECIFIED.,.F.,.F.,(3,3),(0.,1.),.PIECEWISE_BEZIER_KNOTS.);
#7353 = CARTESIAN_POINT('',(19.630208333333,24.87987987988,2.));
#7354 = CARTESIAN_POINT('',(19.630208333333,26.022381756757,2.));
#7355 = CARTESIAN_POINT('',(19.96753003003,26.968468468468,2.));
#7356 = ORIENTED_EDGE('',*,*,#7291,.F.);
#7357 = ORIENTED_EDGE('',*,*,#1882,.F.);
#7358 = SURFACE_OF_LINEAR_EXTRUSION('',#7359,#7363);
#7359 = B_SPLINE_CURVE_WITH_KNOTS('',2,(#7360,#7361,#7362),
  .UNSPECIFIED.,.F.,.F.,(3,3),(0.,1.),.PIECEWISE_BEZIER_KNOTS.);
#7360 = CARTESIAN_POINT('',(19.630208333333,24.87987987988,3.));
#7361 = CARTESIAN_POINT('',(19.630208333333,26.022381756757,3.));
#7362 = CARTESIAN_POINT('',(19.96753003003,26.968468468468,3.));
#7363 = VECTOR('',#7364,1.);
#7364 = DIRECTION('',(0.,0.,1.));
#7365 = ADVANCED_FACE('',(#7366),#7384,.T.);
#7366 = FACE_BOUND('',#7367,.T.);
#7367 = EDGE_LOOP('',(#7368,#7369,#7377,#7383));
#7368 = ORIENTED_EDGE('',*,*,#7326,.T.);
#7369 = ORIENTED_EDGE('',*,*,#7370,.T.);
#7370 = EDGE_CURVE('',#7319,#7371,#7373,.T.);
#7371 = VERTEX_POINT('',#7372);
#7372 = CARTESIAN_POINT('',(19.96753003003,22.781531531532,2.));
#7373 = B_SPLINE_CURVE_WITH_KNOTS('',2,(#7374,#7375,#7376),
  .UNSPECIFIED.,.F.,.F.,(3,3),(0.,1.),.PIECEWISE_BEZIER_KNOTS.);
#7374 = CARTESIAN_POINT('',(20.913616741742,21.170561186186,2.));
#7375 = CARTESIAN_POINT('',(20.304851726727,21.84520457958,2.));
#7376 = CARTESIAN_POINT('',(19.96753003003,22.781531531532,2.));
#7377 = ORIENTED_EDGE('',*,*,#7378,.F.);
#7378 = EDGE_CURVE('',#1867,#7371,#7379,.T.);
#7379 = LINE('',#7380,#7381);
#7380 = CARTESIAN_POINT('',(19.96753003003,22.781531531532,3.));
#7381 = VECTOR('',#7382,1.);
#7382 = DIRECTION('',(-0.,-0.,-1.));
#7383 = ORIENTED_EDGE('',*,*,#1866,.F.);
#7384 = SURFACE_OF_LINEAR_EXTRUSION('',#7385,#7389);
#7385 = B_SPLINE_CURVE_WITH_KNOTS('',2,(#7386,#7387,#7388),
  .UNSPECIFIED.,.F.,.F.,(3,3),(0.,1.),.PIECEWISE_BEZIER_KNOTS.);
#7386 = CARTESIAN_POINT('',(20.913616741742,21.170561186186,3.));
#7387 = CARTESIAN_POINT('',(20.304851726727,21.84520457958,3.));
#7388 = CARTESIAN_POINT('',(19.96753003003,22.781531531532,3.));
#7389 = VECTOR('',#7390,1.);
#7390 = DIRECTION('',(0.,0.,1.));
#7391 = ADVANCED_FACE('',(#7392),#7403,.T.);
#7392 = FACE_BOUND('',#7393,.T.);
#7393 = EDGE_LOOP('',(#7394,#7395,#7401,#7402));
#7394 = ORIENTED_EDGE('',*,*,#7378,.T.);
#7395 = ORIENTED_EDGE('',*,*,#7396,.T.);
#7396 = EDGE_CURVE('',#7371,#7344,#7397,.T.);
#7397 = B_SPLINE_CURVE_WITH_KNOTS('',2,(#7398,#7399,#7400),
  .UNSPECIFIED.,.F.,.F.,(3,3),(0.,1.),.PIECEWISE_BEZIER_KNOTS.);
#7398 = CARTESIAN_POINT('',(19.96753003003,22.781531531532,2.));
#7399 = CARTESIAN_POINT('',(19.630208333333,23.718468468468,2.));
#7400 = CARTESIAN_POINT('',(19.630208333333,24.87987987988,2.));
#7401 = ORIENTED_EDGE('',*,*,#7343,.F.);
#7402 = ORIENTED_EDGE('',*,*,#1874,.F.);
#7403 = SURFACE_OF_LINEAR_EXTRUSION('',#7404,#7408);
#7404 = B_SPLINE_CURVE_WITH_KNOTS('',2,(#7405,#7406,#7407),
  .UNSPECIFIED.,.F.,.F.,(3,3),(0.,1.),.PIECEWISE_BEZIER_KNOTS.);
#7405 = CARTESIAN_POINT('',(19.96753003003,22.781531531532,3.));
#7406 = CARTESIAN_POINT('',(19.630208333333,23.718468468468,3.));
#7407 = CARTESIAN_POINT('',(19.630208333333,24.87987987988,3.));
#7408 = VECTOR('',#7409,1.);
#7409 = DIRECTION('',(0.,0.,1.));
#7410 = ADVANCED_FACE('',(#7411),#7436,.T.);
#7411 = FACE_BOUND('',#7412,.T.);
#7412 = EDGE_LOOP('',(#7413,#7421,#7429,#7435));
#7413 = ORIENTED_EDGE('',*,*,#7414,.T.);
#7414 = EDGE_CURVE('',#1939,#7415,#7417,.T.);
#7415 = VERTEX_POINT('',#7416);
#7416 = CARTESIAN_POINT('',(32.851632882883,32.765765765766,2.));
#7417 = LINE('',#7418,#7419);
#7418 = CARTESIAN_POINT('',(32.851632882883,32.765765765766,3.));
#7419 = VECTOR('',#7420,1.);
#7420 = DIRECTION('',(-0.,-0.,-1.));
#7421 = ORIENTED_EDGE('',*,*,#7422,.T.);
#7422 = EDGE_CURVE('',#7415,#7423,#7425,.T.);
#7423 = VERTEX_POINT('',#7424);
#7424 = CARTESIAN_POINT('',(32.851632882883,29.75975975976,2.));
#7425 = LINE('',#7426,#7427);
#7426 = CARTESIAN_POINT('',(32.851632882883,32.765765765766,2.));
#7427 = VECTOR('',#7428,1.);
#7428 = DIRECTION('',(0.,-1.,0.));
#7429 = ORIENTED_EDGE('',*,*,#7430,.F.);
#7430 = EDGE_CURVE('',#1941,#7423,#7431,.T.);
#7431 = LINE('',#7432,#7433);
#7432 = CARTESIAN_POINT('',(32.851632882883,29.75975975976,3.));
#7433 = VECTOR('',#7434,1.);
#7434 = DIRECTION('',(-0.,-0.,-1.));
#7435 = ORIENTED_EDGE('',*,*,#1938,.F.);
#7436 = PLANE('',#7437);
#7437 = AXIS2_PLACEMENT_3D('',#7438,#7439,#7440);
#7438 = CARTESIAN_POINT('',(32.851632882883,32.765765765766,3.));
#7439 = DIRECTION('',(-1.,0.,0.));
#7440 = DIRECTION('',(0.,-1.,0.));
#7441 = ADVANCED_FACE('',(#7442),#7460,.T.);
#7442 = FACE_BOUND('',#7443,.T.);
#7443 = EDGE_LOOP('',(#7444,#7452,#7458,#7459));
#7444 = ORIENTED_EDGE('',*,*,#7445,.T.);
#7445 = EDGE_CURVE('',#2085,#7446,#7448,.T.);
#7446 = VERTEX_POINT('',#7447);
#7447 = CARTESIAN_POINT('',(31.108905780781,32.466263138138,2.));
#7448 = LINE('',#7449,#7450);
#7449 = CARTESIAN_POINT('',(31.108905780781,32.466263138138,3.));
#7450 = VECTOR('',#7451,1.);
#7451 = DIRECTION('',(-0.,-0.,-1.));
#7452 = ORIENTED_EDGE('',*,*,#7453,.T.);
#7453 = EDGE_CURVE('',#7446,#7415,#7454,.T.);
#7454 = LINE('',#7455,#7456);
#7455 = CARTESIAN_POINT('',(31.108905780781,32.466263138138,2.));
#7456 = VECTOR('',#7457,1.);
#7457 = DIRECTION('',(0.985551590111,0.169375509536,0.));
#7458 = ORIENTED_EDGE('',*,*,#7414,.F.);
#7459 = ORIENTED_EDGE('',*,*,#2092,.F.);
#7460 = PLANE('',#7461);
#7461 = AXIS2_PLACEMENT_3D('',#7462,#7463,#7464);
#7462 = CARTESIAN_POINT('',(31.108905780781,32.466263138138,3.));
#7463 = DIRECTION('',(0.169375509536,-0.985551590111,0.));
#7464 = DIRECTION('',(0.985551590111,0.169375509536,0.));
#7465 = ADVANCED_FACE('',(#7466),#7484,.T.);
#7466 = FACE_BOUND('',#7467,.T.);
#7467 = EDGE_LOOP('',(#7468,#7469,#7477,#7483));
#7468 = ORIENTED_EDGE('',*,*,#7430,.T.);
#7469 = ORIENTED_EDGE('',*,*,#7470,.T.);
#7470 = EDGE_CURVE('',#7423,#7471,#7473,.T.);
#7471 = VERTEX_POINT('',#7472);
#7472 = CARTESIAN_POINT('',(36.543262012012,29.75975975976,2.));
#7473 = LINE('',#7474,#7475);
#7474 = CARTESIAN_POINT('',(32.851632882883,29.75975975976,2.));
#7475 = VECTOR('',#7476,1.);
#7476 = DIRECTION('',(1.,0.,0.));
#7477 = ORIENTED_EDGE('',*,*,#7478,.F.);
#7478 = EDGE_CURVE('',#1949,#7471,#7479,.T.);
#7479 = LINE('',#7480,#7481);
#7480 = CARTESIAN_POINT('',(36.543262012012,29.75975975976,3.));
#7481 = VECTOR('',#7482,1.);
#7482 = DIRECTION('',(-0.,-0.,-1.));
#7483 = ORIENTED_EDGE('',*,*,#1948,.F.);
#7484 = PLANE('',#7485);
#7485 = AXIS2_PLACEMENT_3D('',#7486,#7487,#7488);
#7486 = CARTESIAN_POINT('',(32.851632882883,29.75975975976,3.));
#7487 = DIRECTION('',(0.,-1.,0.));
#7488 = DIRECTION('',(1.,0.,0.));
#7489 = ADVANCED_FACE('',(#7490),#7508,.T.);
#7490 = FACE_BOUND('',#7491,.T.);
#7491 = EDGE_LOOP('',(#7492,#7500,#7506,#7507));
#7492 = ORIENTED_EDGE('',*,*,#7493,.T.);
#7493 = EDGE_CURVE('',#2077,#7494,#7496,.T.);
#7494 = VERTEX_POINT('',#7495);
#7495 = CARTESIAN_POINT('',(31.108905780781,23.775807057057,2.));
#7496 = LINE('',#7497,#7498);
#7497 = CARTESIAN_POINT('',(31.108905780781,23.775807057057,3.));
#7498 = VECTOR('',#7499,1.);
#7499 = DIRECTION('',(-0.,-0.,-1.));
#7500 = ORIENTED_EDGE('',*,*,#7501,.T.);
#7501 = EDGE_CURVE('',#7494,#7446,#7502,.T.);
#7502 = LINE('',#7503,#7504);
#7503 = CARTESIAN_POINT('',(31.108905780781,23.775807057057,2.));
#7504 = VECTOR('',#7505,1.);
#7505 = DIRECTION('',(0.,1.,0.));
#7506 = ORIENTED_EDGE('',*,*,#7445,.F.);
#7507 = ORIENTED_EDGE('',*,*,#2084,.F.);
#7508 = PLANE('',#7509);
#7509 = AXIS2_PLACEMENT_3D('',#7510,#7511,#7512);
#7510 = CARTESIAN_POINT('',(31.108905780781,23.775807057057,3.));
#7511 = DIRECTION('',(1.,0.,0.));
#7512 = DIRECTION('',(0.,1.,0.));
#7513 = ADVANCED_FACE('',(#7514),#7532,.T.);
#7514 = FACE_BOUND('',#7515,.T.);
#7515 = EDGE_LOOP('',(#7516,#7517,#7525,#7531));
#7516 = ORIENTED_EDGE('',*,*,#7478,.T.);
#7517 = ORIENTED_EDGE('',*,*,#7518,.T.);
#7518 = EDGE_CURVE('',#7471,#7519,#7521,.T.);
#7519 = VERTEX_POINT('',#7520);
#7520 = CARTESIAN_POINT('',(36.543262012012,28.315315315315,2.));
#7521 = LINE('',#7522,#7523);
#7522 = CARTESIAN_POINT('',(36.543262012012,29.75975975976,2.));
#7523 = VECTOR('',#7524,1.);
#7524 = DIRECTION('',(0.,-1.,0.));
#7525 = ORIENTED_EDGE('',*,*,#7526,.F.);
#7526 = EDGE_CURVE('',#1957,#7519,#7527,.T.);
#7527 = LINE('',#7528,#7529);
#7528 = CARTESIAN_POINT('',(36.543262012012,28.315315315315,3.));
#7529 = VECTOR('',#7530,1.);
#7530 = DIRECTION('',(-0.,-0.,-1.));
#7531 = ORIENTED_EDGE('',*,*,#1956,.F.);
#7532 = PLANE('',#7533);
#7533 = AXIS2_PLACEMENT_3D('',#7534,#7535,#7536);
#7534 = CARTESIAN_POINT('',(36.543262012012,29.75975975976,3.));
#7535 = DIRECTION('',(-1.,0.,0.));
#7536 = DIRECTION('',(0.,-1.,0.));
#7537 = ADVANCED_FACE('',(#7538),#7556,.T.);
#7538 = FACE_BOUND('',#7539,.T.);
#7539 = EDGE_LOOP('',(#7540,#7548,#7554,#7555));
#7540 = ORIENTED_EDGE('',*,*,#7541,.T.);
#7541 = EDGE_CURVE('',#2069,#7542,#7544,.T.);
#7542 = VERTEX_POINT('',#7543);
#7543 = CARTESIAN_POINT('',(31.268111861862,22.061749249249,2.));
#7544 = LINE('',#7545,#7546);
#7545 = CARTESIAN_POINT('',(31.268111861862,22.061749249249,3.));
#7546 = VECTOR('',#7547,1.);
#7547 = DIRECTION('',(-0.,-0.,-1.));
#7548 = ORIENTED_EDGE('',*,*,#7549,.T.);
#7549 = EDGE_CURVE('',#7542,#7494,#7550,.T.);
#7550 = B_SPLINE_CURVE_WITH_KNOTS('',2,(#7551,#7552,#7553),
  .UNSPECIFIED.,.F.,.F.,(3,3),(0.,1.),.PIECEWISE_BEZIER_KNOTS.);
#7551 = CARTESIAN_POINT('',(31.268111861862,22.061749249249,2.));
#7552 = CARTESIAN_POINT('',(31.108905780781,22.801661036036,2.));
#7553 = CARTESIAN_POINT('',(31.108905780781,23.775807057057,2.));
#7554 = ORIENTED_EDGE('',*,*,#7493,.F.);
#7555 = ORIENTED_EDGE('',*,*,#2076,.F.);
#7556 = SURFACE_OF_LINEAR_EXTRUSION('',#7557,#7561);
#7557 = B_SPLINE_CURVE_WITH_KNOTS('',2,(#7558,#7559,#7560),
  .UNSPECIFIED.,.F.,.F.,(3,3),(0.,1.),.PIECEWISE_BEZIER_KNOTS.);
#7558 = CARTESIAN_POINT('',(31.268111861862,22.061749249249,3.));
#7559 = CARTESIAN_POINT('',(31.108905780781,22.801661036036,3.));
#7560 = CARTESIAN_POINT('',(31.108905780781,23.775807057057,3.));
#7561 = VECTOR('',#7562,1.);
#7562 = DIRECTION('',(0.,0.,1.));
#7563 = ADVANCED_FACE('',(#7564),#7582,.T.);
#7564 = FACE_BOUND('',#7565,.T.);
#7565 = EDGE_LOOP('',(#7566,#7567,#7575,#7581));
#7566 = ORIENTED_EDGE('',*,*,#7526,.T.);
#7567 = ORIENTED_EDGE('',*,*,#7568,.T.);
#7568 = EDGE_CURVE('',#7519,#7569,#7571,.T.);
#7569 = VERTEX_POINT('',#7570);
#7570 = CARTESIAN_POINT('',(32.851632882883,28.315315315315,2.));
#7571 = LINE('',#7572,#7573);
#7572 = CARTESIAN_POINT('',(36.543262012012,28.315315315315,2.));
#7573 = VECTOR('',#7574,1.);
#7574 = DIRECTION('',(-1.,0.,0.));
#7575 = ORIENTED_EDGE('',*,*,#7576,.F.);
#7576 = EDGE_CURVE('',#1965,#7569,#7577,.T.);
#7577 = LINE('',#7578,#7579);
#7578 = CARTESIAN_POINT('',(32.851632882883,28.315315315315,3.));
#7579 = VECTOR('',#7580,1.);
#7580 = DIRECTION('',(-0.,-0.,-1.));
#7581 = ORIENTED_EDGE('',*,*,#1964,.F.);
#7582 = PLANE('',#7583);
#7583 = AXIS2_PLACEMENT_3D('',#7584,#7585,#7586);
#7584 = CARTESIAN_POINT('',(36.543262012012,28.315315315315,3.));
#7585 = DIRECTION('',(0.,1.,0.));
#7586 = DIRECTION('',(-1.,0.,0.));
#7587 = ADVANCED_FACE('',(#7588),#7606,.T.);
#7588 = FACE_BOUND('',#7589,.T.);
#7589 = EDGE_LOOP('',(#7590,#7598,#7604,#7605));
#7590 = ORIENTED_EDGE('',*,*,#7591,.T.);
#7591 = EDGE_CURVE('',#2061,#7592,#7594,.T.);
#7592 = VERTEX_POINT('',#7593);
#7593 = CARTESIAN_POINT('',(31.820758258258,20.81615990991,2.));
#7594 = LINE('',#7595,#7596);
#7595 = CARTESIAN_POINT('',(31.820758258258,20.81615990991,3.));
#7596 = VECTOR('',#7597,1.);
#7597 = DIRECTION('',(-0.,-0.,-1.));
#7598 = ORIENTED_EDGE('',*,*,#7599,.T.);
#7599 = EDGE_CURVE('',#7592,#7542,#7600,.T.);
#7600 = B_SPLINE_CURVE_WITH_KNOTS('',2,(#7601,#7602,#7603),
  .UNSPECIFIED.,.F.,.F.,(3,3),(0.,1.),.PIECEWISE_BEZIER_KNOTS.);
#7601 = CARTESIAN_POINT('',(31.820758258258,20.81615990991,2.));
#7602 = CARTESIAN_POINT('',(31.427317942943,21.321837462462,2.));
#7603 = CARTESIAN_POINT('',(31.268111861862,22.061749249249,2.));
#7604 = ORIENTED_EDGE('',*,*,#7541,.F.);
#7605 = ORIENTED_EDGE('',*,*,#2068,.F.);
#7606 = SURFACE_OF_LINEAR_EXTRUSION('',#7607,#7611);
#7607 = B_SPLINE_CURVE_WITH_KNOTS('',2,(#7608,#7609,#7610),
  .UNSPECIFIED.,.F.,.F.,(3,3),(0.,1.),.PIECEWISE_BEZIER_KNOTS.);
#7608 = CARTESIAN_POINT('',(31.820758258258,20.81615990991,3.));
#7609 = CARTESIAN_POINT('',(31.427317942943,21.321837462462,3.));
#7610 = CARTESIAN_POINT('',(31.268111861862,22.061749249249,3.));
#7611 = VECTOR('',#7612,1.);
#7612 = DIRECTION('',(0.,0.,1.));
#7613 = ADVANCED_FACE('',(#7614),#7632,.T.);
#7614 = FACE_BOUND('',#7615,.T.);
#7615 = EDGE_LOOP('',(#7616,#7617,#7625,#7631));
#7616 = ORIENTED_EDGE('',*,*,#7576,.T.);
#7617 = ORIENTED_EDGE('',*,*,#7618,.T.);
#7618 = EDGE_CURVE('',#7569,#7619,#7621,.T.);
#7619 = VERTEX_POINT('',#7620);
#7620 = CARTESIAN_POINT('',(32.851632882883,23.794716591592,2.));
#7621 = LINE('',#7622,#7623);
#7622 = CARTESIAN_POINT('',(32.851632882883,28.315315315315,2.));
#7623 = VECTOR('',#7624,1.);
#7624 = DIRECTION('',(0.,-1.,0.));
#7625 = ORIENTED_EDGE('',*,*,#7626,.F.);
#7626 = EDGE_CURVE('',#1973,#7619,#7627,.T.);
#7627 = LINE('',#7628,#7629);
#7628 = CARTESIAN_POINT('',(32.851632882883,23.794716591592,3.));
#7629 = VECTOR('',#7630,1.);
#7630 = DIRECTION('',(-0.,-0.,-1.));
#7631 = ORIENTED_EDGE('',*,*,#1972,.F.);
#7632 = PLANE('',#7633);
#7633 = AXIS2_PLACEMENT_3D('',#7634,#7635,#7636);
#7634 = CARTESIAN_POINT('',(32.851632882883,28.315315315315,3.));
#7635 = DIRECTION('',(-1.,0.,0.));
#7636 = DIRECTION('',(0.,-1.,0.));
#7637 = ADVANCED_FACE('',(#7638),#7656,.T.);
#7638 = FACE_BOUND('',#7639,.T.);
#7639 = EDGE_LOOP('',(#7640,#7648,#7654,#7655));
#7640 = ORIENTED_EDGE('',*,*,#7641,.T.);
#7641 = EDGE_CURVE('',#2053,#7642,#7644,.T.);
#7642 = VERTEX_POINT('',#7643);
#7643 = CARTESIAN_POINT('',(32.860782657658,20.057338588589,2.));
#7644 = LINE('',#7645,#7646);
#7645 = CARTESIAN_POINT('',(32.860782657658,20.057338588589,3.));
#7646 = VECTOR('',#7647,1.);
#7647 = DIRECTION('',(-0.,-0.,-1.));
#7648 = ORIENTED_EDGE('',*,*,#7649,.T.);
#7649 = EDGE_CURVE('',#7642,#7592,#7650,.T.);
#7650 = B_SPLINE_CURVE_WITH_KNOTS('',2,(#7651,#7652,#7653),
  .UNSPECIFIED.,.F.,.F.,(3,3),(0.,1.),.PIECEWISE_BEZIER_KNOTS.);
#7651 = CARTESIAN_POINT('',(32.860782657658,20.057338588589,2.));
#7652 = CARTESIAN_POINT('',(32.214198573574,20.310482357357,2.));
#7653 = CARTESIAN_POINT('',(31.820758258258,20.81615990991,2.));
#7654 = ORIENTED_EDGE('',*,*,#7591,.F.);
#7655 = ORIENTED_EDGE('',*,*,#2060,.F.);
#7656 = SURFACE_OF_LINEAR_EXTRUSION('',#7657,#7661);
#7657 = B_SPLINE_CURVE_WITH_KNOTS('',2,(#7658,#7659,#7660),
  .UNSPECIFIED.,.F.,.F.,(3,3),(0.,1.),.PIECEWISE_BEZIER_KNOTS.);
#7658 = CARTESIAN_POINT('',(32.860782657658,20.057338588589,3.));
#7659 = CARTESIAN_POINT('',(32.214198573574,20.310482357357,3.));
#7660 = CARTESIAN_POINT('',(31.820758258258,20.81615990991,3.));
#7661 = VECTOR('',#7662,1.);
#7662 = DIRECTION('',(0.,0.,1.));
#7663 = ADVANCED_FACE('',(#7664),#7682,.T.);
#7664 = FACE_BOUND('',#7665,.T.);
#7665 = EDGE_LOOP('',(#7666,#7667,#7675,#7681));
#7666 = ORIENTED_EDGE('',*,*,#7626,.T.);
#7667 = ORIENTED_EDGE('',*,*,#7668,.T.);
#7668 = EDGE_CURVE('',#7619,#7669,#7671,.T.);
#7669 = VERTEX_POINT('',#7670);
#7670 = CARTESIAN_POINT('',(32.96387012012,22.579626501502,2.));
#7671 = B_SPLINE_CURVE_WITH_KNOTS('',2,(#7672,#7673,#7674),
  .UNSPECIFIED.,.F.,.F.,(3,3),(0.,1.),.PIECEWISE_BEZIER_KNOTS.);
#7672 = CARTESIAN_POINT('',(32.851632882883,23.794716591592,2.));
#7673 = CARTESIAN_POINT('',(32.851632882883,23.06029466967,2.));
#7674 = CARTESIAN_POINT('',(32.96387012012,22.579626501502,2.));
#7675 = ORIENTED_EDGE('',*,*,#7676,.F.);
#7676 = EDGE_CURVE('',#1981,#7669,#7677,.T.);
#7677 = LINE('',#7678,#7679);
#7678 = CARTESIAN_POINT('',(32.96387012012,22.579626501502,3.));
#7679 = VECTOR('',#7680,1.);
#7680 = DIRECTION('',(-0.,-0.,-1.));
#7681 = ORIENTED_EDGE('',*,*,#1980,.F.);
#7682 = SURFACE_OF_LINEAR_EXTRUSION('',#7683,#7687);
#7683 = B_SPLINE_CURVE_WITH_KNOTS('',2,(#7684,#7685,#7686),
  .UNSPECIFIED.,.F.,.F.,(3,3),(0.,1.),.PIECEWISE_BEZIER_KNOTS.);
#7684 = CARTESIAN_POINT('',(32.851632882883,23.794716591592,3.));
#7685 = CARTESIAN_POINT('',(32.851632882883,23.06029466967,3.));
#7686 = CARTESIAN_POINT('',(32.96387012012,22.579626501502,3.));
#7687 = VECTOR('',#7688,1.);
#7688 = DIRECTION('',(0.,0.,1.));
#7689 = ADVANCED_FACE('',(#7690),#7708,.T.);
#7690 = FACE_BOUND('',#7691,.T.);
#7691 = EDGE_LOOP('',(#7692,#7700,#7706,#7707));
#7692 = ORIENTED_EDGE('',*,*,#7693,.T.);
#7693 = EDGE_CURVE('',#2045,#7694,#7696,.T.);
#7694 = VERTEX_POINT('',#7695);
#7695 = CARTESIAN_POINT('',(34.500422297297,19.804804804805,2.));
#7696 = LINE('',#7697,#7698);
#7697 = CARTESIAN_POINT('',(34.500422297297,19.804804804805,3.));
#7698 = VECTOR('',#7699,1.);
#7699 = DIRECTION('',(-0.,-0.,-1.));
#7700 = ORIENTED_EDGE('',*,*,#7701,.T.);
#7701 = EDGE_CURVE('',#7694,#7642,#7702,.T.);
#7702 = B_SPLINE_CURVE_WITH_KNOTS('',2,(#7703,#7704,#7705),
  .UNSPECIFIED.,.F.,.F.,(3,3),(0.,1.),.PIECEWISE_BEZIER_KNOTS.);
#7703 = CARTESIAN_POINT('',(34.500422297297,19.804804804805,2.));
#7704 = CARTESIAN_POINT('',(33.507366741742,19.804804804805,2.));
#7705 = CARTESIAN_POINT('',(32.860782657658,20.057338588589,2.));
#7706 = ORIENTED_EDGE('',*,*,#7641,.F.);
#7707 = ORIENTED_EDGE('',*,*,#2052,.F.);
#7708 = SURFACE_OF_LINEAR_EXTRUSION('',#7709,#7713);
#7709 = B_SPLINE_CURVE_WITH_KNOTS('',2,(#7710,#7711,#7712),
  .UNSPECIFIED.,.F.,.F.,(3,3),(0.,1.),.PIECEWISE_BEZIER_KNOTS.);
#7710 = CARTESIAN_POINT('',(34.500422297297,19.804804804805,3.));
#7711 = CARTESIAN_POINT('',(33.507366741742,19.804804804805,3.));
#7712 = CARTESIAN_POINT('',(32.860782657658,20.057338588589,3.));
#7713 = VECTOR('',#7714,1.);
#7714 = DIRECTION('',(0.,0.,1.));
#7715 = ADVANCED_FACE('',(#7716),#7734,.T.);
#7716 = FACE_BOUND('',#7717,.T.);
#7717 = EDGE_LOOP('',(#7718,#7719,#7727,#7733));
#7718 = ORIENTED_EDGE('',*,*,#7676,.T.);
#7719 = ORIENTED_EDGE('',*,*,#7720,.T.);
#7720 = EDGE_CURVE('',#7669,#7721,#7723,.T.);
#7721 = VERTEX_POINT('',#7722);
#7722 = CARTESIAN_POINT('',(33.301191816817,21.826295045045,2.));
#7723 = B_SPLINE_CURVE_WITH_KNOTS('',2,(#7724,#7725,#7726),
  .UNSPECIFIED.,.F.,.F.,(3,3),(0.,1.),.PIECEWISE_BEZIER_KNOTS.);
#7724 = CARTESIAN_POINT('',(32.96387012012,22.579626501502,2.));
#7725 = CARTESIAN_POINT('',(33.076717342342,22.099568318318,2.));
#7726 = CARTESIAN_POINT('',(33.301191816817,21.826295045045,2.));
#7727 = ORIENTED_EDGE('',*,*,#7728,.F.);
#7728 = EDGE_CURVE('',#1989,#7721,#7729,.T.);
#7729 = LINE('',#7730,#7731);
#7730 = CARTESIAN_POINT('',(33.301191816817,21.826295045045,3.));
#7731 = VECTOR('',#7732,1.);
#7732 = DIRECTION('',(-0.,-0.,-1.));
#7733 = ORIENTED_EDGE('',*,*,#1988,.F.);
#7734 = SURFACE_OF_LINEAR_EXTRUSION('',#7735,#7739);
#7735 = B_SPLINE_CURVE_WITH_KNOTS('',2,(#7736,#7737,#7738),
  .UNSPECIFIED.,.F.,.F.,(3,3),(0.,1.),.PIECEWISE_BEZIER_KNOTS.);
#7736 = CARTESIAN_POINT('',(32.96387012012,22.579626501502,3.));
#7737 = CARTESIAN_POINT('',(33.076717342342,22.099568318318,3.));
#7738 = CARTESIAN_POINT('',(33.301191816817,21.826295045045,3.));
#7739 = VECTOR('',#7740,1.);
#7740 = DIRECTION('',(0.,0.,1.));
#7741 = ADVANCED_FACE('',(#7742),#7760,.T.);
#7742 = FACE_BOUND('',#7743,.T.);
#7743 = EDGE_LOOP('',(#7744,#7752,#7758,#7759));
#7744 = ORIENTED_EDGE('',*,*,#7745,.T.);
#7745 = EDGE_CURVE('',#2037,#7746,#7748,.T.);
#7746 = VERTEX_POINT('',#7747);
#7747 = CARTESIAN_POINT('',(35.99976539039,20.00121996997,2.));
#7748 = LINE('',#7749,#7750);
#7749 = CARTESIAN_POINT('',(35.99976539039,20.00121996997,3.));
#7750 = VECTOR('',#7751,1.);
#7751 = DIRECTION('',(-0.,-0.,-1.));
#7752 = ORIENTED_EDGE('',*,*,#7753,.T.);
#7753 = EDGE_CURVE('',#7746,#7694,#7754,.T.);
#7754 = B_SPLINE_CURVE_WITH_KNOTS('',2,(#7755,#7756,#7757),
  .UNSPECIFIED.,.F.,.F.,(3,3),(0.,1.),.PIECEWISE_BEZIER_KNOTS.);
#7755 = CARTESIAN_POINT('',(35.99976539039,20.00121996997,2.));
#7756 = CARTESIAN_POINT('',(35.344031531532,19.804804804805,2.));
#7757 = CARTESIAN_POINT('',(34.500422297297,19.804804804805,2.));
#7758 = ORIENTED_EDGE('',*,*,#7693,.F.);
#7759 = ORIENTED_EDGE('',*,*,#2044,.F.);
#7760 = SURFACE_OF_LINEAR_EXTRUSION('',#7761,#7765);
#7761 = B_SPLINE_CURVE_WITH_KNOTS('',2,(#7762,#7763,#7764),
  .UNSPECIFIED.,.F.,.F.,(3,3),(0.,1.),.PIECEWISE_BEZIER_KNOTS.);
#7762 = CARTESIAN_POINT('',(35.99976539039,20.00121996997,3.));
#7763 = CARTESIAN_POINT('',(35.344031531532,19.804804804805,3.));
#7764 = CARTESIAN_POINT('',(34.500422297297,19.804804804805,3.));
#7765 = VECTOR('',#7766,1.);
#7766 = DIRECTION('',(0.,0.,1.));
#7767 = ADVANCED_FACE('',(#7768),#7786,.T.);
#7768 = FACE_BOUND('',#7769,.T.);
#7769 = EDGE_LOOP('',(#7770,#7771,#7779,#7785));
#7770 = ORIENTED_EDGE('',*,*,#7728,.T.);
#7771 = ORIENTED_EDGE('',*,*,#7772,.T.);
#7772 = EDGE_CURVE('',#7721,#7773,#7775,.T.);
#7773 = VERTEX_POINT('',#7774);
#7774 = CARTESIAN_POINT('',(33.863597972973,21.44017454955,2.));
#7775 = B_SPLINE_CURVE_WITH_KNOTS('',2,(#7776,#7777,#7778),
  .UNSPECIFIED.,.F.,.F.,(3,3),(0.,1.),.PIECEWISE_BEZIER_KNOTS.);
#7776 = CARTESIAN_POINT('',(33.301191816817,21.826295045045,2.));
#7777 = CARTESIAN_POINT('',(33.526276276276,21.553631756757,2.));
#7778 = CARTESIAN_POINT('',(33.863597972973,21.44017454955,2.));
#7779 = ORIENTED_EDGE('',*,*,#7780,.F.);
#7780 = EDGE_CURVE('',#1997,#7773,#7781,.T.);
#7781 = LINE('',#7782,#7783);
#7782 = CARTESIAN_POINT('',(33.863597972973,21.44017454955,3.));
#7783 = VECTOR('',#7784,1.);
#7784 = DIRECTION('',(-0.,-0.,-1.));
#7785 = ORIENTED_EDGE('',*,*,#1996,.F.);
#7786 = SURFACE_OF_LINEAR_EXTRUSION('',#7787,#7791);
#7787 = B_SPLINE_CURVE_WITH_KNOTS('',2,(#7788,#7789,#7790),
  .UNSPECIFIED.,.F.,.F.,(3,3),(0.,1.),.PIECEWISE_BEZIER_KNOTS.);
#7788 = CARTESIAN_POINT('',(33.301191816817,21.826295045045,3.));
#7789 = CARTESIAN_POINT('',(33.526276276276,21.553631756757,3.));
#7790 = CARTESIAN_POINT('',(33.863597972973,21.44017454955,3.));
#7791 = VECTOR('',#7792,1.);
#7792 = DIRECTION('',(0.,0.,1.));
#7793 = ADVANCED_FACE('',(#7794),#7812,.T.);
#7794 = FACE_BOUND('',#7795,.T.);
#7795 = EDGE_LOOP('',(#7796,#7804,#7810,#7811));
#7796 = ORIENTED_EDGE('',*,*,#7797,.T.);
#7797 = EDGE_CURVE('',#2029,#7798,#7800,.T.);
#7798 = VERTEX_POINT('',#7799);
#7799 = CARTESIAN_POINT('',(36.917792792793,20.329391891892,2.));
#7800 = LINE('',#7801,#7802);
#7801 = CARTESIAN_POINT('',(36.917792792793,20.329391891892,3.));
#7802 = VECTOR('',#7803,1.);
#7803 = DIRECTION('',(-0.,-0.,-1.));
#7804 = ORIENTED_EDGE('',*,*,#7805,.T.);
#7805 = EDGE_CURVE('',#7798,#7746,#7806,.T.);
#7806 = B_SPLINE_CURVE_WITH_KNOTS('',2,(#7807,#7808,#7809),
  .UNSPECIFIED.,.F.,.F.,(3,3),(0.,1.),.PIECEWISE_BEZIER_KNOTS.);
#7807 = CARTESIAN_POINT('',(36.917792792793,20.329391891892,2.));
#7808 = CARTESIAN_POINT('',(36.655499249249,20.19824512012,2.));
#7809 = CARTESIAN_POINT('',(35.99976539039,20.00121996997,2.));
#7810 = ORIENTED_EDGE('',*,*,#7745,.F.);
#7811 = ORIENTED_EDGE('',*,*,#2036,.F.);
#7812 = SURFACE_OF_LINEAR_EXTRUSION('',#7813,#7817);
#7813 = B_SPLINE_CURVE_WITH_KNOTS('',2,(#7814,#7815,#7816),
  .UNSPECIFIED.,.F.,.F.,(3,3),(0.,1.),.PIECEWISE_BEZIER_KNOTS.);
#7814 = CARTESIAN_POINT('',(36.917792792793,20.329391891892,3.));
#7815 = CARTESIAN_POINT('',(36.655499249249,20.19824512012,3.));
#7816 = CARTESIAN_POINT('',(35.99976539039,20.00121996997,3.));
#7817 = VECTOR('',#7818,1.);
#7818 = DIRECTION('',(0.,0.,1.));
#7819 = ADVANCED_FACE('',(#7820),#7838,.T.);
#7820 = FACE_BOUND('',#7821,.T.);
#7821 = EDGE_LOOP('',(#7822,#7823,#7831,#7837));
#7822 = ORIENTED_EDGE('',*,*,#7780,.T.);
#7823 = ORIENTED_EDGE('',*,*,#7824,.T.);
#7824 = EDGE_CURVE('',#7773,#7825,#7827,.T.);
#7825 = VERTEX_POINT('',#7826);
#7826 = CARTESIAN_POINT('',(34.650478603604,21.327327327327,2.));
#7827 = B_SPLINE_CURVE_WITH_KNOTS('',2,(#7828,#7829,#7830),
  .UNSPECIFIED.,.F.,.F.,(3,3),(0.,1.),.PIECEWISE_BEZIER_KNOTS.);
#7828 = CARTESIAN_POINT('',(33.863597972973,21.44017454955,2.));
#7829 = CARTESIAN_POINT('',(34.20091966967,21.327327327327,2.));
#7830 = CARTESIAN_POINT('',(34.650478603604,21.327327327327,2.));
#7831 = ORIENTED_EDGE('',*,*,#7832,.F.);
#7832 = EDGE_CURVE('',#2005,#7825,#7833,.T.);
#7833 = LINE('',#7834,#7835);
#7834 = CARTESIAN_POINT('',(34.650478603604,21.327327327327,3.));
#7835 = VECTOR('',#7836,1.);
#7836 = DIRECTION('',(-0.,-0.,-1.));
#7837 = ORIENTED_EDGE('',*,*,#2004,.F.);
#7838 = SURFACE_OF_LINEAR_EXTRUSION('',#7839,#7843);
#7839 = B_SPLINE_CURVE_WITH_KNOTS('',2,(#7840,#7841,#7842),
  .UNSPECIFIED.,.F.,.F.,(3,3),(0.,1.),.PIECEWISE_BEZIER_KNOTS.);
#7840 = CARTESIAN_POINT('',(33.863597972973,21.44017454955,3.));
#7841 = CARTESIAN_POINT('',(34.20091966967,21.327327327327,3.));
#7842 = CARTESIAN_POINT('',(34.650478603604,21.327327327327,3.));
#7843 = VECTOR('',#7844,1.);
#7844 = DIRECTION('',(0.,0.,1.));
#7845 = ADVANCED_FACE('',(#7846),#7864,.T.);
#7846 = FACE_BOUND('',#7847,.T.);
#7847 = EDGE_LOOP('',(#7848,#7856,#7862,#7863));
#7848 = ORIENTED_EDGE('',*,*,#7849,.T.);
#7849 = EDGE_CURVE('',#2021,#7850,#7852,.T.);
#7850 = VERTEX_POINT('',#7851);
#7851 = CARTESIAN_POINT('',(36.581081081081,21.758586711712,2.));
#7852 = LINE('',#7853,#7854);
#7853 = CARTESIAN_POINT('',(36.581081081081,21.758586711712,3.));
#7854 = VECTOR('',#7855,1.);
#7855 = DIRECTION('',(-0.,-0.,-1.));
#7856 = ORIENTED_EDGE('',*,*,#7857,.T.);
#7857 = EDGE_CURVE('',#7850,#7798,#7858,.T.);
#7858 = LINE('',#7859,#7860);
#7859 = CARTESIAN_POINT('',(36.581081081081,21.758586711712,2.));
#7860 = VECTOR('',#7861,1.);
#7861 = DIRECTION('',(0.22931718556,-0.973351749578,0.));
#7862 = ORIENTED_EDGE('',*,*,#7797,.F.);
#7863 = ORIENTED_EDGE('',*,*,#2028,.F.);
#7864 = PLANE('',#7865);
#7865 = AXIS2_PLACEMENT_3D('',#7866,#7867,#7868);
#7866 = CARTESIAN_POINT('',(36.581081081081,21.758586711712,3.));
#7867 = DIRECTION('',(-0.973351749578,-0.22931718556,0.));
#7868 = DIRECTION('',(0.22931718556,-0.973351749578,0.));
#7869 = ADVANCED_FACE('',(#7870),#7888,.T.);
#7870 = FACE_BOUND('',#7871,.T.);
#7871 = EDGE_LOOP('',(#7872,#7873,#7881,#7887));
#7872 = ORIENTED_EDGE('',*,*,#7832,.T.);
#7873 = ORIENTED_EDGE('',*,*,#7874,.T.);
#7874 = EDGE_CURVE('',#7825,#7875,#7877,.T.);
#7875 = VERTEX_POINT('',#7876);
#7876 = CARTESIAN_POINT('',(35.915587462462,21.505442942943,2.));
#7877 = B_SPLINE_CURVE_WITH_KNOTS('',2,(#7878,#7879,#7880),
  .UNSPECIFIED.,.F.,.F.,(3,3),(0.,1.),.PIECEWISE_BEZIER_KNOTS.);
#7878 = CARTESIAN_POINT('',(34.650478603604,21.327327327327,2.));
#7879 = CARTESIAN_POINT('',(35.437969219219,21.327327327327,2.));
#7880 = CARTESIAN_POINT('',(35.915587462462,21.505442942943,2.));
#7881 = ORIENTED_EDGE('',*,*,#7882,.F.);
#7882 = EDGE_CURVE('',#2013,#7875,#7883,.T.);
#7883 = LINE('',#7884,#7885);
#7884 = CARTESIAN_POINT('',(35.915587462462,21.505442942943,3.));
#7885 = VECTOR('',#7886,1.);
#7886 = DIRECTION('',(-0.,-0.,-1.));
#7887 = ORIENTED_EDGE('',*,*,#2012,.F.);
#7888 = SURFACE_OF_LINEAR_EXTRUSION('',#7889,#7893);
#7889 = B_SPLINE_CURVE_WITH_KNOTS('',2,(#7890,#7891,#7892),
  .UNSPECIFIED.,.F.,.F.,(3,3),(0.,1.),.PIECEWISE_BEZIER_KNOTS.);
#7890 = CARTESIAN_POINT('',(34.650478603604,21.327327327327,3.));
#7891 = CARTESIAN_POINT('',(35.437969219219,21.327327327327,3.));
#7892 = CARTESIAN_POINT('',(35.915587462462,21.505442942943,3.));
#7893 = VECTOR('',#7894,1.);
#7894 = DIRECTION('',(0.,0.,1.));
#7895 = ADVANCED_FACE('',(#7896),#7907,.T.);
#7896 = FACE_BOUND('',#7897,.T.);
#7897 = EDGE_LOOP('',(#7898,#7899,#7905,#7906));
#7898 = ORIENTED_EDGE('',*,*,#7882,.T.);
#7899 = ORIENTED_EDGE('',*,*,#7900,.T.);
#7900 = EDGE_CURVE('',#7875,#7850,#7901,.T.);
#7901 = B_SPLINE_CURVE_WITH_KNOTS('',2,(#7902,#7903,#7904),
  .UNSPECIFIED.,.F.,.F.,(3,3),(0.,1.),.PIECEWISE_BEZIER_KNOTS.);
#7902 = CARTESIAN_POINT('',(35.915587462462,21.505442942943,2.));
#7903 = CARTESIAN_POINT('',(36.393815690691,21.683558558559,2.));
#7904 = CARTESIAN_POINT('',(36.581081081081,21.758586711712,2.));
#7905 = ORIENTED_EDGE('',*,*,#7849,.F.);
#7906 = ORIENTED_EDGE('',*,*,#2020,.F.);
#7907 = SURFACE_OF_LINEAR_EXTRUSION('',#7908,#7912);
#7908 = B_SPLINE_CURVE_WITH_KNOTS('',2,(#7909,#7910,#7911),
  .UNSPECIFIED.,.F.,.F.,(3,3),(0.,1.),.PIECEWISE_BEZIER_KNOTS.);
#7909 = CARTESIAN_POINT('',(35.915587462462,21.505442942943,3.));
#7910 = CARTESIAN_POINT('',(36.393815690691,21.683558558559,3.));
#7911 = CARTESIAN_POINT('',(36.581081081081,21.758586711712,3.));
#7912 = VECTOR('',#7913,1.);
#7913 = DIRECTION('',(0.,0.,1.));
#7914 = ADVANCED_FACE('',(#7915,#7921),#7955,.T.);
#7915 = FACE_BOUND('',#7916,.T.);
#7916 = EDGE_LOOP('',(#7917,#7918,#7919,#7920));
#7917 = ORIENTED_EDGE('',*,*,#2246,.T.);
#7918 = ORIENTED_EDGE('',*,*,#2294,.T.);
#7919 = ORIENTED_EDGE('',*,*,#2318,.T.);
#7920 = ORIENTED_EDGE('',*,*,#2277,.T.);
#7921 = FACE_BOUND('',#7922,.F.);
#7922 = EDGE_LOOP('',(#7923,#7933,#7941,#7949));
#7923 = ORIENTED_EDGE('',*,*,#7924,.T.);
#7924 = EDGE_CURVE('',#7925,#7927,#7929,.T.);
#7925 = VERTEX_POINT('',#7926);
#7926 = CARTESIAN_POINT('',(6.75,-13.,8.5));
#7927 = VERTEX_POINT('',#7928);
#7928 = CARTESIAN_POINT('',(6.75,1.5,8.5));
#7929 = LINE('',#7930,#7931);
#7930 = CARTESIAN_POINT('',(6.75,-13.,8.5));
#7931 = VECTOR('',#7932,1.);
#7932 = DIRECTION('',(0.,1.,0.));
#7933 = ORIENTED_EDGE('',*,*,#7934,.T.);
#7934 = EDGE_CURVE('',#7927,#7935,#7937,.T.);
#7935 = VERTEX_POINT('',#7936);
#7936 = CARTESIAN_POINT('',(-6.75,1.5,8.5));
#7937 = LINE('',#7938,#7939);
#7938 = CARTESIAN_POINT('',(6.75,1.5,8.5));
#7939 = VECTOR('',#7940,1.);
#7940 = DIRECTION('',(-1.,0.,0.));
#7941 = ORIENTED_EDGE('',*,*,#7942,.T.);
#7942 = EDGE_CURVE('',#7935,#7943,#7945,.T.);
#7943 = VERTEX_POINT('',#7944);
#7944 = CARTESIAN_POINT('',(-6.75,-13.,8.5));
#7945 = LINE('',#7946,#7947);
#7946 = CARTESIAN_POINT('',(-6.75,1.5,8.5));
#7947 = VECTOR('',#7948,1.);
#7948 = DIRECTION('',(0.,-1.,0.));
#7949 = ORIENTED_EDGE('',*,*,#7950,.T.);
#7950 = EDGE_CURVE('',#7943,#7925,#7951,.T.);
#7951 = LINE('',#7952,#7953);
#7952 = CARTESIAN_POINT('',(-6.75,-13.,8.5));
#7953 = VECTOR('',#7954,1.);
#7954 = DIRECTION('',(1.,0.,0.));
#7955 = PLANE('',#7956);
#7956 = AXIS2_PLACEMENT_3D('',#7957,#7958,#7959);
#7957 = CARTESIAN_POINT('',(2.2E-16,-5.75,8.5));
#7958 = DIRECTION('',(0.,0.,1.));
#7959 = DIRECTION('',(1.,0.,0.));
#7960 = ADVANCED_FACE('',(#7961),#7967,.T.);
#7961 = FACE_BOUND('',#7962,.T.);
#7962 = EDGE_LOOP('',(#7963,#7964,#7965,#7966));
#7963 = ORIENTED_EDGE('',*,*,#2390,.F.);
#7964 = ORIENTED_EDGE('',*,*,#2342,.F.);
#7965 = ORIENTED_EDGE('',*,*,#2373,.F.);
#7966 = ORIENTED_EDGE('',*,*,#2414,.F.);
#7967 = PLANE('',#7968);
#7968 = AXIS2_PLACEMENT_3D('',#7969,#7970,#7971);
#7969 = CARTESIAN_POINT('',(-23.85210168278,26.722488765188,2.));
#7970 = DIRECTION('',(0.,0.,1.));
#7971 = DIRECTION('',(1.,0.,0.));
#7972 = ADVANCED_FACE('',(#7973),#7983,.T.);
#7973 = FACE_BOUND('',#7974,.T.);
#7974 = EDGE_LOOP('',(#7975,#7976,#7977,#7978,#7979,#7980,#7981,#7982));
#7975 = ORIENTED_EDGE('',*,*,#2486,.F.);
#7976 = ORIENTED_EDGE('',*,*,#2438,.F.);
#7977 = ORIENTED_EDGE('',*,*,#2469,.F.);
#7978 = ORIENTED_EDGE('',*,*,#2517,.F.);
#7979 = ORIENTED_EDGE('',*,*,#2565,.F.);
#7980 = ORIENTED_EDGE('',*,*,#2606,.F.);
#7981 = ORIENTED_EDGE('',*,*,#2582,.F.);
#7982 = ORIENTED_EDGE('',*,*,#2534,.F.);
#7983 = PLANE('',#7984);
#7984 = AXIS2_PLACEMENT_3D('',#7985,#7986,#7987);
#7985 = CARTESIAN_POINT('',(-31.50650968423,28.532572721322,2.));
#7986 = DIRECTION('',(0.,0.,1.));
#7987 = DIRECTION('',(1.,0.,0.));
#7988 = ADVANCED_FACE('',(#7989),#7999,.T.);
#7989 = FACE_BOUND('',#7990,.T.);
#7990 = EDGE_LOOP('',(#7991,#7992,#7993,#7994,#7995,#7996,#7997,#7998));
#7991 = ORIENTED_EDGE('',*,*,#2682,.F.);
#7992 = ORIENTED_EDGE('',*,*,#2630,.F.);
#7993 = ORIENTED_EDGE('',*,*,#2663,.F.);
#7994 = ORIENTED_EDGE('',*,*,#2715,.F.);
#7995 = ORIENTED_EDGE('',*,*,#2767,.F.);
#7996 = ORIENTED_EDGE('',*,*,#2812,.F.);
#7997 = ORIENTED_EDGE('',*,*,#2786,.F.);
#7998 = ORIENTED_EDGE('',*,*,#2734,.F.);
#7999 = PLANE('',#8000);
#8000 = AXIS2_PLACEMENT_3D('',#8001,#8002,#8003);
#8001 = CARTESIAN_POINT('',(-23.85210168278,26.722488765188,2.));
#8002 = DIRECTION('',(0.,0.,1.));
#8003 = DIRECTION('',(1.,0.,0.));
#8004 = ADVANCED_FACE('',(#8005,#8038),#8128,.T.);
#8005 = FACE_BOUND('',#8006,.T.);
#8006 = EDGE_LOOP('',(#8007,#8008,#8009,#8010,#8011,#8012,#8013,#8014,
    #8015,#8016,#8017,#8018,#8019,#8020,#8021,#8022,#8023,#8024,#8025,
    #8026,#8027,#8028,#8029,#8030,#8031,#8032,#8033,#8034,#8035,#8036,
    #8037));
#8007 = ORIENTED_EDGE('',*,*,#2890,.F.);
#8008 = ORIENTED_EDGE('',*,*,#2838,.F.);
#8009 = ORIENTED_EDGE('',*,*,#2871,.F.);
#8010 = ORIENTED_EDGE('',*,*,#2923,.F.);
#8011 = ORIENTED_EDGE('',*,*,#2973,.F.);
#8012 = ORIENTED_EDGE('',*,*,#3025,.F.);
#8013 = ORIENTED_EDGE('',*,*,#3077,.F.);
#8014 = ORIENTED_EDGE('',*,*,#3127,.F.);
#8015 = ORIENTED_EDGE('',*,*,#3179,.F.);
#8016 = ORIENTED_EDGE('',*,*,#3231,.F.);
#8017 = ORIENTED_EDGE('',*,*,#3283,.F.);
#8018 = ORIENTED_EDGE('',*,*,#3333,.F.);
#8019 = ORIENTED_EDGE('',*,*,#3385,.F.);
#8020 = ORIENTED_EDGE('',*,*,#3437,.F.);
#8021 = ORIENTED_EDGE('',*,*,#3489,.F.);
#8022 = ORIENTED_EDGE('',*,*,#3541,.F.);
#8023 = ORIENTED_EDGE('',*,*,#3593,.F.);
#8024 = ORIENTED_EDGE('',*,*,#3612,.F.);
#8025 = ORIENTED_EDGE('',*,*,#3560,.F.);
#8026 = ORIENTED_EDGE('',*,*,#3508,.F.);
#8027 = ORIENTED_EDGE('',*,*,#3456,.F.);
#8028 = ORIENTED_EDGE('',*,*,#3404,.F.);
#8029 = ORIENTED_EDGE('',*,*,#3352,.F.);
#8030 = ORIENTED_EDGE('',*,*,#3300,.F.);
#8031 = ORIENTED_EDGE('',*,*,#3250,.F.);
#8032 = ORIENTED_EDGE('',*,*,#3198,.F.);
#8033 = ORIENTED_EDGE('',*,*,#3146,.F.);
#8034 = ORIENTED_EDGE('',*,*,#3096,.F.);
#8035 = ORIENTED_EDGE('',*,*,#3044,.F.);
#8036 = ORIENTED_EDGE('',*,*,#2992,.F.);
#8037 = ORIENTED_EDGE('',*,*,#2940,.F.);
#8038 = FACE_BOUND('',#8039,.T.);
#8039 = EDGE_LOOP('',(#8040,#8050,#8058,#8066,#8074,#8082,#8090,#8098,
    #8106,#8114,#8122));
#8040 = ORIENTED_EDGE('',*,*,#8041,.F.);
#8041 = EDGE_CURVE('',#8042,#8044,#8046,.T.);
#8042 = VERTEX_POINT('',#8043);
#8043 = CARTESIAN_POINT('',(-9.165352852853,21.249249249249,2.));
#8044 = VERTEX_POINT('',#8045);
#8045 = CARTESIAN_POINT('',(-8.069209834835,21.277308558559,2.));
#8046 = B_SPLINE_CURVE_WITH_KNOTS('',2,(#8047,#8048,#8049),
  .UNSPECIFIED.,.F.,.F.,(3,3),(0.,1.),.PIECEWISE_BEZIER_KNOTS.);
#8047 = CARTESIAN_POINT('',(-9.165352852853,21.249249249249,2.));
#8048 = CARTESIAN_POINT('',(-8.546828078078,21.249249249249,2.));
#8049 = CARTESIAN_POINT('',(-8.069209834835,21.277308558559,2.));
#8050 = ORIENTED_EDGE('',*,*,#8051,.F.);
#8051 = EDGE_CURVE('',#8052,#8042,#8054,.T.);
#8052 = VERTEX_POINT('',#8053);
#8053 = CARTESIAN_POINT('',(-10.79523273273,21.61646021021,2.));
#8054 = B_SPLINE_CURVE_WITH_KNOTS('',2,(#8055,#8056,#8057),
  .UNSPECIFIED.,.F.,.F.,(3,3),(0.,1.),.PIECEWISE_BEZIER_KNOTS.);
#8055 = CARTESIAN_POINT('',(-10.79523273273,21.61646021021,2.));
#8056 = CARTESIAN_POINT('',(-10.19561749249,21.249249249249,2.));
#8057 = CARTESIAN_POINT('',(-9.165352852853,21.249249249249,2.));
#8058 = ORIENTED_EDGE('',*,*,#8059,.F.);
#8059 = EDGE_CURVE('',#8060,#8052,#8062,.T.);
#8060 = VERTEX_POINT('',#8061);
#8061 = CARTESIAN_POINT('',(-11.39484797297,22.926707957958,2.));
#8062 = B_SPLINE_CURVE_WITH_KNOTS('',2,(#8063,#8064,#8065),
  .UNSPECIFIED.,.F.,.F.,(3,3),(0.,1.),.PIECEWISE_BEZIER_KNOTS.);
#8063 = CARTESIAN_POINT('',(-11.39484797297,22.926707957958,2.));
#8064 = CARTESIAN_POINT('',(-11.39484797297,21.984281156156,2.));
#8065 = CARTESIAN_POINT('',(-10.79523273273,21.61646021021,2.));
#8066 = ORIENTED_EDGE('',*,*,#8067,.F.);
#8067 = EDGE_CURVE('',#8068,#8060,#8070,.T.);
#8068 = VERTEX_POINT('',#8069);
#8069 = CARTESIAN_POINT('',(-11.15146396396,23.746527777778,2.));
#8070 = B_SPLINE_CURVE_WITH_KNOTS('',2,(#8071,#8072,#8073),
  .UNSPECIFIED.,.F.,.F.,(3,3),(0.,1.),.PIECEWISE_BEZIER_KNOTS.);
#8071 = CARTESIAN_POINT('',(-11.15146396396,23.746527777778,2.));
#8072 = CARTESIAN_POINT('',(-11.39484797297,23.435435435435,2.));
#8073 = CARTESIAN_POINT('',(-11.39484797297,22.926707957958,2.));
#8074 = ORIENTED_EDGE('',*,*,#8075,.F.);
#8075 = EDGE_CURVE('',#8076,#8068,#8078,.T.);
#8076 = VERTEX_POINT('',#8077);
#8077 = CARTESIAN_POINT('',(-10.54208896396,24.236345720721,2.));
#8078 = B_SPLINE_CURVE_WITH_KNOTS('',2,(#8079,#8080,#8081),
  .UNSPECIFIED.,.F.,.F.,(3,3),(0.,1.),.PIECEWISE_BEZIER_KNOTS.);
#8079 = CARTESIAN_POINT('',(-10.54208896396,24.236345720721,2.));
#8080 = CARTESIAN_POINT('',(-10.90746996997,24.05762012012,2.));
#8081 = CARTESIAN_POINT('',(-11.15146396396,23.746527777778,2.));
#8082 = ORIENTED_EDGE('',*,*,#8083,.F.);
#8083 = EDGE_CURVE('',#8084,#8076,#8086,.T.);
#8084 = VERTEX_POINT('',#8085);
#8085 = CARTESIAN_POINT('',(-9.736908783784,24.471799924925,2.));
#8086 = B_SPLINE_CURVE_WITH_KNOTS('',2,(#8087,#8088,#8089),
  .UNSPECIFIED.,.F.,.F.,(3,3),(0.,1.),.PIECEWISE_BEZIER_KNOTS.);
#8087 = CARTESIAN_POINT('',(-9.736908783784,24.471799924925,2.));
#8088 = CARTESIAN_POINT('',(-10.17670795795,24.415681306306,2.));
#8089 = CARTESIAN_POINT('',(-10.54208896396,24.236345720721,2.));
#8090 = ORIENTED_EDGE('',*,*,#8091,.F.);
#8091 = EDGE_CURVE('',#8092,#8084,#8094,.T.);
#8092 = VERTEX_POINT('',#8093);
#8093 = CARTESIAN_POINT('',(-8.902449324324,24.528528528529,2.));
#8094 = B_SPLINE_CURVE_WITH_KNOTS('',2,(#8095,#8096,#8097),
  .UNSPECIFIED.,.F.,.F.,(3,3),(0.,1.),.PIECEWISE_BEZIER_KNOTS.);
#8095 = CARTESIAN_POINT('',(-8.902449324324,24.528528528529,2.));
#8096 = CARTESIAN_POINT('',(-9.296499624625,24.528528528529,2.));
#8097 = CARTESIAN_POINT('',(-9.736908783784,24.471799924925,2.));
#8098 = ORIENTED_EDGE('',*,*,#8099,.F.);
#8099 = EDGE_CURVE('',#8100,#8092,#8102,.T.);
#8100 = VERTEX_POINT('',#8101);
#8101 = CARTESIAN_POINT('',(-7.881334459459,24.46265015015,2.));
#8102 = B_SPLINE_CURVE_WITH_KNOTS('',2,(#8103,#8104,#8105),
  .UNSPECIFIED.,.F.,.F.,(3,3),(0.,1.),.PIECEWISE_BEZIER_KNOTS.);
#8103 = CARTESIAN_POINT('',(-7.881334459459,24.46265015015,2.));
#8104 = CARTESIAN_POINT('',(-8.302834084084,24.528528528529,2.));
#8105 = CARTESIAN_POINT('',(-8.902449324324,24.528528528529,2.));
#8106 = ORIENTED_EDGE('',*,*,#8107,.F.);
#8107 = EDGE_CURVE('',#8108,#8100,#8110,.T.);
#8108 = VERTEX_POINT('',#8109);
#8109 = CARTESIAN_POINT('',(-7.272569444444,24.303444069069,2.));
#8110 = B_SPLINE_CURVE_WITH_KNOTS('',2,(#8111,#8112,#8113),
  .UNSPECIFIED.,.F.,.F.,(3,3),(0.,1.),.PIECEWISE_BEZIER_KNOTS.);
#8111 = CARTESIAN_POINT('',(-7.272569444444,24.303444069069,2.));
#8112 = CARTESIAN_POINT('',(-7.459834834835,24.397381756757,2.));
#8113 = CARTESIAN_POINT('',(-7.881334459459,24.46265015015,2.));
#8114 = ORIENTED_EDGE('',*,*,#8115,.F.);
#8115 = EDGE_CURVE('',#8116,#8108,#8118,.T.);
#8116 = VERTEX_POINT('',#8117);
#8117 = CARTESIAN_POINT('',(-7.272569444444,21.380396021021,2.));
#8118 = LINE('',#8119,#8120);
#8119 = CARTESIAN_POINT('',(-7.272569444444,21.380396021021,2.));
#8120 = VECTOR('',#8121,1.);
#8121 = DIRECTION('',(0.,1.,0.));
#8122 = ORIENTED_EDGE('',*,*,#8123,.F.);
#8123 = EDGE_CURVE('',#8044,#8116,#8124,.T.);
#8124 = B_SPLINE_CURVE_WITH_KNOTS('',2,(#8125,#8126,#8127),
  .UNSPECIFIED.,.F.,.F.,(3,3),(0.,1.),.PIECEWISE_BEZIER_KNOTS.);
#8125 = CARTESIAN_POINT('',(-8.069209834835,21.277308558559,2.));
#8126 = CARTESIAN_POINT('',(-7.590981606607,21.305367867868,2.));
#8127 = CARTESIAN_POINT('',(-7.272569444444,21.380396021021,2.));
#8128 = PLANE('',#8129);
#8129 = AXIS2_PLACEMENT_3D('',#8130,#8131,#8132);
#8130 = CARTESIAN_POINT('',(-8.995258265208,24.644220203117,2.));
#8131 = DIRECTION('',(0.,0.,1.));
#8132 = DIRECTION('',(1.,0.,0.));
#8133 = ADVANCED_FACE('',(#8134),#8156,.T.);
#8134 = FACE_BOUND('',#8135,.T.);
#8135 = EDGE_LOOP('',(#8136,#8137,#8138,#8139,#8140,#8141,#8142,#8143,
    #8144,#8145,#8146,#8147,#8148,#8149,#8150,#8151,#8152,#8153,#8154,
    #8155));
#8136 = ORIENTED_EDGE('',*,*,#3686,.F.);
#8137 = ORIENTED_EDGE('',*,*,#3638,.F.);
#8138 = ORIENTED_EDGE('',*,*,#3669,.F.);
#8139 = ORIENTED_EDGE('',*,*,#3717,.F.);
#8140 = ORIENTED_EDGE('',*,*,#3765,.F.);
#8141 = ORIENTED_EDGE('',*,*,#3815,.F.);
#8142 = ORIENTED_EDGE('',*,*,#3865,.F.);
#8143 = ORIENTED_EDGE('',*,*,#3917,.F.);
#8144 = ORIENTED_EDGE('',*,*,#3969,.F.);
#8145 = ORIENTED_EDGE('',*,*,#4021,.F.);
#8146 = ORIENTED_EDGE('',*,*,#4073,.F.);
#8147 = ORIENTED_EDGE('',*,*,#4116,.F.);
#8148 = ORIENTED_EDGE('',*,*,#4090,.F.);
#8149 = ORIENTED_EDGE('',*,*,#4040,.F.);
#8150 = ORIENTED_EDGE('',*,*,#3988,.F.);
#8151 = ORIENTED_EDGE('',*,*,#3936,.F.);
#8152 = ORIENTED_EDGE('',*,*,#3884,.F.);
#8153 = ORIENTED_EDGE('',*,*,#3834,.F.);
#8154 = ORIENTED_EDGE('',*,*,#3784,.F.);
#8155 = ORIENTED_EDGE('',*,*,#3734,.F.);
#8156 = PLANE('',#8157);
#8157 = AXIS2_PLACEMENT_3D('',#8158,#8159,#8160);
#8158 = CARTESIAN_POINT('',(-17.93076738462,25.985132640033,2.));
#8159 = DIRECTION('',(0.,0.,1.));
#8160 = DIRECTION('',(1.,0.,0.));
#8161 = ADVANCED_FACE('',(#8162),#8179,.T.);
#8162 = FACE_BOUND('',#8163,.T.);
#8163 = EDGE_LOOP('',(#8164,#8165,#8166,#8167,#8168,#8169,#8170,#8171,
    #8172,#8173,#8174,#8175,#8176,#8177,#8178));
#8164 = ORIENTED_EDGE('',*,*,#4500,.F.);
#8165 = ORIENTED_EDGE('',*,*,#4142,.F.);
#8166 = ORIENTED_EDGE('',*,*,#4173,.F.);
#8167 = ORIENTED_EDGE('',*,*,#4199,.F.);
#8168 = ORIENTED_EDGE('',*,*,#4225,.F.);
#8169 = ORIENTED_EDGE('',*,*,#4251,.F.);
#8170 = ORIENTED_EDGE('',*,*,#4277,.F.);
#8171 = ORIENTED_EDGE('',*,*,#4303,.F.);
#8172 = ORIENTED_EDGE('',*,*,#4329,.F.);
#8173 = ORIENTED_EDGE('',*,*,#4355,.F.);
#8174 = ORIENTED_EDGE('',*,*,#4381,.F.);
#8175 = ORIENTED_EDGE('',*,*,#4405,.F.);
#8176 = ORIENTED_EDGE('',*,*,#4431,.F.);
#8177 = ORIENTED_EDGE('',*,*,#4457,.F.);
#8178 = ORIENTED_EDGE('',*,*,#4481,.F.);
#8179 = PLANE('',#8180);
#8180 = AXIS2_PLACEMENT_3D('',#8181,#8182,#8183);
#8181 = CARTESIAN_POINT('',(20.036847741346,12.528862803599,2.));
#8182 = DIRECTION('',(0.,0.,1.));
#8183 = DIRECTION('',(1.,0.,0.));
#8184 = ADVANCED_FACE('',(#8185),#8195,.T.);
#8185 = FACE_BOUND('',#8186,.T.);
#8186 = EDGE_LOOP('',(#8187,#8188,#8189,#8190,#8191,#8192,#8193,#8194));
#8187 = ORIENTED_EDGE('',*,*,#4708,.F.);
#8188 = ORIENTED_EDGE('',*,*,#4526,.F.);
#8189 = ORIENTED_EDGE('',*,*,#4559,.F.);
#8190 = ORIENTED_EDGE('',*,*,#4585,.F.);
#8191 = ORIENTED_EDGE('',*,*,#4611,.F.);
#8192 = ORIENTED_EDGE('',*,*,#4637,.F.);
#8193 = ORIENTED_EDGE('',*,*,#4663,.F.);
#8194 = ORIENTED_EDGE('',*,*,#4689,.F.);
#8195 = PLANE('',#8196);
#8196 = AXIS2_PLACEMENT_3D('',#8197,#8198,#8199);
#8197 = CARTESIAN_POINT('',(30.150474992198,10.468416761593,2.));
#8198 = DIRECTION('',(0.,0.,1.));
#8199 = DIRECTION('',(1.,0.,0.));
#8200 = ADVANCED_FACE('',(#8201),#8239,.T.);
#8201 = FACE_BOUND('',#8202,.T.);
#8202 = EDGE_LOOP('',(#8203,#8204,#8205,#8206,#8207,#8208,#8209,#8210,
    #8211,#8212,#8213,#8214,#8215,#8216,#8217,#8218,#8219,#8220,#8221,
    #8222,#8223,#8224,#8225,#8226,#8227,#8228,#8229,#8230,#8231,#8232,
    #8233,#8234,#8235,#8236,#8237,#8238));
#8203 = ORIENTED_EDGE('',*,*,#5636,.F.);
#8204 = ORIENTED_EDGE('',*,*,#4734,.F.);
#8205 = ORIENTED_EDGE('',*,*,#4767,.F.);
#8206 = ORIENTED_EDGE('',*,*,#4793,.F.);
#8207 = ORIENTED_EDGE('',*,*,#4819,.F.);
#8208 = ORIENTED_EDGE('',*,*,#4845,.F.);
#8209 = ORIENTED_EDGE('',*,*,#4871,.F.);
#8210 = ORIENTED_EDGE('',*,*,#4897,.F.);
#8211 = ORIENTED_EDGE('',*,*,#4921,.F.);
#8212 = ORIENTED_EDGE('',*,*,#4947,.F.);
#8213 = ORIENTED_EDGE('',*,*,#4973,.F.);
#8214 = ORIENTED_EDGE('',*,*,#4999,.F.);
#8215 = ORIENTED_EDGE('',*,*,#5025,.F.);
#8216 = ORIENTED_EDGE('',*,*,#5051,.F.);
#8217 = ORIENTED_EDGE('',*,*,#5077,.F.);
#8218 = ORIENTED_EDGE('',*,*,#5103,.F.);
#8219 = ORIENTED_EDGE('',*,*,#5129,.F.);
#8220 = ORIENTED_EDGE('',*,*,#5155,.F.);
#8221 = ORIENTED_EDGE('',*,*,#5181,.F.);
#8222 = ORIENTED_EDGE('',*,*,#5207,.F.);
#8223 = ORIENTED_EDGE('',*,*,#5233,.F.);
#8224 = ORIENTED_EDGE('',*,*,#5259,.F.);
#8225 = ORIENTED_EDGE('',*,*,#5285,.F.);
#8226 = ORIENTED_EDGE('',*,*,#5311,.F.);
#8227 = ORIENTED_EDGE('',*,*,#5337,.F.);
#8228 = ORIENTED_EDGE('',*,*,#5363,.F.);
#8229 = ORIENTED_EDGE('',*,*,#5389,.F.);
#8230 = ORIENTED_EDGE('',*,*,#5413,.F.);
#8231 = ORIENTED_EDGE('',*,*,#5437,.F.);
#8232 = ORIENTED_EDGE('',*,*,#5461,.F.);
#8233 = ORIENTED_EDGE('',*,*,#5487,.F.);
#8234 = ORIENTED_EDGE('',*,*,#5513,.F.);
#8235 = ORIENTED_EDGE('',*,*,#5539,.F.);
#8236 = ORIENTED_EDGE('',*,*,#5565,.F.);
#8237 = ORIENTED_EDGE('',*,*,#5591,.F.);
#8238 = ORIENTED_EDGE('',*,*,#5617,.F.);
#8239 = PLANE('',#8240);
#8240 = AXIS2_PLACEMENT_3D('',#8241,#8242,#8243);
#8241 = CARTESIAN_POINT('',(26.606452244728,12.821698563101,2.));
#8242 = DIRECTION('',(0.,0.,1.));
#8243 = DIRECTION('',(1.,0.,0.));
#8244 = ADVANCED_FACE('',(#8245,#8261),#8311,.T.);
#8245 = FACE_BOUND('',#8246,.T.);
#8246 = EDGE_LOOP('',(#8247,#8248,#8249,#8250,#8251,#8252,#8253,#8254,
    #8255,#8256,#8257,#8258,#8259,#8260));
#8247 = ORIENTED_EDGE('',*,*,#5980,.F.);
#8248 = ORIENTED_EDGE('',*,*,#5662,.F.);
#8249 = ORIENTED_EDGE('',*,*,#5693,.F.);
#8250 = ORIENTED_EDGE('',*,*,#5717,.F.);
#8251 = ORIENTED_EDGE('',*,*,#5741,.F.);
#8252 = ORIENTED_EDGE('',*,*,#5765,.F.);
#8253 = ORIENTED_EDGE('',*,*,#5789,.F.);
#8254 = ORIENTED_EDGE('',*,*,#5813,.F.);
#8255 = ORIENTED_EDGE('',*,*,#5837,.F.);
#8256 = ORIENTED_EDGE('',*,*,#5861,.F.);
#8257 = ORIENTED_EDGE('',*,*,#5885,.F.);
#8258 = ORIENTED_EDGE('',*,*,#5909,.F.);
#8259 = ORIENTED_EDGE('',*,*,#5935,.F.);
#8260 = ORIENTED_EDGE('',*,*,#5961,.F.);
#8261 = FACE_BOUND('',#8262,.T.);
#8262 = EDGE_LOOP('',(#8263,#8273,#8281,#8289,#8297,#8305));
#8263 = ORIENTED_EDGE('',*,*,#8264,.F.);
#8264 = EDGE_CURVE('',#8265,#8267,#8269,.T.);
#8265 = VERTEX_POINT('',#8266);
#8266 = CARTESIAN_POINT('',(34.239864964865,15.04420045045,2.));
#8267 = VERTEX_POINT('',#8268);
#8268 = CARTESIAN_POINT('',(33.716497847748,14.423704954955,2.));
#8269 = B_SPLINE_CURVE_WITH_KNOTS('',2,(#8270,#8271,#8272),
  .UNSPECIFIED.,.F.,.F.,(3,3),(0.,1.),.PIECEWISE_BEZIER_KNOTS.);
#8270 = CARTESIAN_POINT('',(34.239864964865,15.04420045045,2.));
#8271 = CARTESIAN_POINT('',(33.980292892793,14.76661036036,2.));
#8272 = CARTESIAN_POINT('',(33.716497847748,14.423704954955,2.));
#8273 = ORIENTED_EDGE('',*,*,#8274,.F.);
#8274 = EDGE_CURVE('',#8275,#8265,#8277,.T.);
#8275 = VERTEX_POINT('',#8276);
#8276 = CARTESIAN_POINT('',(34.239864964865,12.18018018018,2.));
#8277 = LINE('',#8278,#8279);
#8278 = CARTESIAN_POINT('',(34.239864964865,12.18018018018,2.));
#8279 = VECTOR('',#8280,1.);
#8280 = DIRECTION('',(0.,1.,0.));
#8281 = ORIENTED_EDGE('',*,*,#8282,.F.);
#8282 = EDGE_CURVE('',#8283,#8275,#8285,.T.);
#8283 = VERTEX_POINT('',#8284);
#8284 = CARTESIAN_POINT('',(32.337274874775,12.18018018018,2.));
#8285 = LINE('',#8286,#8287);
#8286 = CARTESIAN_POINT('',(32.337274874775,12.18018018018,2.));
#8287 = VECTOR('',#8288,1.);
#8288 = DIRECTION('',(1.,0.,0.));
#8289 = ORIENTED_EDGE('',*,*,#8290,.F.);
#8290 = EDGE_CURVE('',#8291,#8283,#8293,.T.);
#8291 = VERTEX_POINT('',#8292);
#8292 = CARTESIAN_POINT('',(32.730574424324,12.943975225225,2.));
#8293 = B_SPLINE_CURVE_WITH_KNOTS('',2,(#8294,#8295,#8296),
  .UNSPECIFIED.,.F.,.F.,(3,3),(0.,1.),.PIECEWISE_BEZIER_KNOTS.);
#8294 = CARTESIAN_POINT('',(32.730574424324,12.943975225225,2.));
#8295 = CARTESIAN_POINT('',(32.510135235135,12.553490990991,2.));
#8296 = CARTESIAN_POINT('',(32.337274874775,12.18018018018,2.));
#8297 = ORIENTED_EDGE('',*,*,#8298,.F.);
#8298 = EDGE_CURVE('',#8299,#8291,#8301,.T.);
#8299 = VERTEX_POINT('',#8300);
#8300 = CARTESIAN_POINT('',(33.20213973964,13.707488738739,2.));
#8301 = B_SPLINE_CURVE_WITH_KNOTS('',2,(#8302,#8303,#8304),
  .UNSPECIFIED.,.F.,.F.,(3,3),(0.,1.),.PIECEWISE_BEZIER_KNOTS.);
#8302 = CARTESIAN_POINT('',(33.20213973964,13.707488738739,2.));
#8303 = CARTESIAN_POINT('',(32.951295145045,13.334459459459,2.));
#8304 = CARTESIAN_POINT('',(32.730574424324,12.943975225225,2.));
#8305 = ORIENTED_EDGE('',*,*,#8306,.F.);
#8306 = EDGE_CURVE('',#8267,#8299,#8307,.T.);
#8307 = B_SPLINE_CURVE_WITH_KNOTS('',2,(#8308,#8309,#8310),
  .UNSPECIFIED.,.F.,.F.,(3,3),(0.,1.),.PIECEWISE_BEZIER_KNOTS.);
#8308 = CARTESIAN_POINT('',(33.716497847748,14.423704954955,2.));
#8309 = CARTESIAN_POINT('',(33.452984334234,14.08079954955,2.));
#8310 = CARTESIAN_POINT('',(33.20213973964,13.707488738739,2.));
#8311 = PLANE('',#8312);
#8312 = AXIS2_PLACEMENT_3D('',#8313,#8314,#8315);
#8313 = CARTESIAN_POINT('',(33.868451295373,12.929267759947,2.));
#8314 = DIRECTION('',(0.,0.,1.));
#8315 = DIRECTION('',(1.,0.,0.));
#8316 = ADVANCED_FACE('',(#8317),#8339,.T.);
#8317 = FACE_BOUND('',#8318,.T.);
#8318 = EDGE_LOOP('',(#8319,#8320,#8321,#8322,#8323,#8324,#8325,#8326,
    #8327,#8328,#8329,#8330,#8331,#8332,#8333,#8334,#8335,#8336,#8337,
    #8338));
#8319 = ORIENTED_EDGE('',*,*,#6054,.F.);
#8320 = ORIENTED_EDGE('',*,*,#6006,.F.);
#8321 = ORIENTED_EDGE('',*,*,#6037,.F.);
#8322 = ORIENTED_EDGE('',*,*,#6087,.F.);
#8323 = ORIENTED_EDGE('',*,*,#6137,.F.);
#8324 = ORIENTED_EDGE('',*,*,#6189,.F.);
#8325 = ORIENTED_EDGE('',*,*,#6241,.F.);
#8326 = ORIENTED_EDGE('',*,*,#6293,.F.);
#8327 = ORIENTED_EDGE('',*,*,#6345,.F.);
#8328 = ORIENTED_EDGE('',*,*,#6395,.F.);
#8329 = ORIENTED_EDGE('',*,*,#6445,.F.);
#8330 = ORIENTED_EDGE('',*,*,#6488,.F.);
#8331 = ORIENTED_EDGE('',*,*,#6464,.F.);
#8332 = ORIENTED_EDGE('',*,*,#6414,.F.);
#8333 = ORIENTED_EDGE('',*,*,#6364,.F.);
#8334 = ORIENTED_EDGE('',*,*,#6312,.F.);
#8335 = ORIENTED_EDGE('',*,*,#6260,.F.);
#8336 = ORIENTED_EDGE('',*,*,#6208,.F.);
#8337 = ORIENTED_EDGE('',*,*,#6156,.F.);
#8338 = ORIENTED_EDGE('',*,*,#6104,.F.);
#8339 = PLANE('',#8340);
#8340 = AXIS2_PLACEMENT_3D('',#8341,#8342,#8343);
#8341 = CARTESIAN_POINT('',(1.117924035627,25.146001118637,2.));
#8342 = DIRECTION('',(0.,0.,1.));
#8343 = DIRECTION('',(1.,0.,0.));
#8344 = ADVANCED_FACE('',(#8345,#8366,#8472),#8570,.T.);
#8345 = FACE_BOUND('',#8346,.T.);
#8346 = EDGE_LOOP('',(#8347,#8348,#8349,#8350,#8351,#8352,#8353,#8354,
    #8355,#8356,#8357,#8358,#8359,#8360,#8361,#8362,#8363,#8364,#8365));
#8347 = ORIENTED_EDGE('',*,*,#6566,.F.);
#8348 = ORIENTED_EDGE('',*,*,#6514,.F.);
#8349 = ORIENTED_EDGE('',*,*,#6547,.F.);
#8350 = ORIENTED_EDGE('',*,*,#6599,.F.);
#8351 = ORIENTED_EDGE('',*,*,#6651,.F.);
#8352 = ORIENTED_EDGE('',*,*,#6703,.F.);
#8353 = ORIENTED_EDGE('',*,*,#6755,.F.);
#8354 = ORIENTED_EDGE('',*,*,#6805,.F.);
#8355 = ORIENTED_EDGE('',*,*,#6857,.F.);
#8356 = ORIENTED_EDGE('',*,*,#6909,.F.);
#8357 = ORIENTED_EDGE('',*,*,#6961,.F.);
#8358 = ORIENTED_EDGE('',*,*,#6980,.F.);
#8359 = ORIENTED_EDGE('',*,*,#6928,.F.);
#8360 = ORIENTED_EDGE('',*,*,#6876,.F.);
#8361 = ORIENTED_EDGE('',*,*,#6824,.F.);
#8362 = ORIENTED_EDGE('',*,*,#6774,.F.);
#8363 = ORIENTED_EDGE('',*,*,#6722,.F.);
#8364 = ORIENTED_EDGE('',*,*,#6670,.F.);
#8365 = ORIENTED_EDGE('',*,*,#6618,.F.);
#8366 = FACE_BOUND('',#8367,.T.);
#8367 = EDGE_LOOP('',(#8368,#8378,#8386,#8394,#8402,#8410,#8418,#8426,
    #8434,#8442,#8450,#8458,#8466));
#8368 = ORIENTED_EDGE('',*,*,#8369,.F.);
#8369 = EDGE_CURVE('',#8370,#8372,#8374,.T.);
#8370 = VERTEX_POINT('',#8371);
#8371 = CARTESIAN_POINT('',(10.02172484985,26.051051051051,2.));
#8372 = VERTEX_POINT('',#8373);
#8373 = CARTESIAN_POINT('',(10.02172484985,21.480433558559,2.));
#8374 = LINE('',#8375,#8376);
#8375 = CARTESIAN_POINT('',(10.02172484985,26.051051051051,2.));
#8376 = VECTOR('',#8377,1.);
#8377 = DIRECTION('',(0.,-1.,0.));
#8378 = ORIENTED_EDGE('',*,*,#8379,.F.);
#8379 = EDGE_CURVE('',#8380,#8370,#8382,.T.);
#8380 = VERTEX_POINT('',#8381);
#8381 = CARTESIAN_POINT('',(12.364067192192,26.051051051051,2.));
#8382 = LINE('',#8383,#8384);
#8383 = CARTESIAN_POINT('',(12.364067192192,26.051051051051,2.));
#8384 = VECTOR('',#8385,1.);
#8385 = DIRECTION('',(-1.,0.,0.));
#8386 = ORIENTED_EDGE('',*,*,#8387,.F.);
#8387 = EDGE_CURVE('',#8388,#8380,#8390,.T.);
#8388 = VERTEX_POINT('',#8389);
#8389 = CARTESIAN_POINT('',(13.787772147147,25.938203828829,2.));
#8390 = B_SPLINE_CURVE_WITH_KNOTS('',2,(#8391,#8392,#8393),
  .UNSPECIFIED.,.F.,.F.,(3,3),(0.,1.),.PIECEWISE_BEZIER_KNOTS.);
#8391 = CARTESIAN_POINT('',(13.787772147147,25.938203828829,2.));
#8392 = CARTESIAN_POINT('',(13.150947822823,26.051051051051,2.));
#8393 = CARTESIAN_POINT('',(12.364067192192,26.051051051051,2.));
#8394 = ORIENTED_EDGE('',*,*,#8395,.F.);
#8395 = EDGE_CURVE('',#8396,#8388,#8398,.T.);
#8396 = VERTEX_POINT('',#8397);
#8397 = CARTESIAN_POINT('',(14.883915165165,25.563673048048,2.));
#8398 = B_SPLINE_CURVE_WITH_KNOTS('',2,(#8399,#8400,#8401),
  .UNSPECIFIED.,.F.,.F.,(3,3),(0.,1.),.PIECEWISE_BEZIER_KNOTS.);
#8399 = CARTESIAN_POINT('',(14.883915165165,25.563673048048,2.));
#8400 = CARTESIAN_POINT('',(14.425206456456,25.825966591592,2.));
#8401 = CARTESIAN_POINT('',(13.787772147147,25.938203828829,2.));
#8402 = ORIENTED_EDGE('',*,*,#8403,.F.);
#8403 = EDGE_CURVE('',#8404,#8396,#8406,.T.);
#8404 = VERTEX_POINT('',#8405);
#8405 = CARTESIAN_POINT('',(15.586617867868,24.86158033033,2.));
#8406 = B_SPLINE_CURVE_WITH_KNOTS('',2,(#8407,#8408,#8409),
  .UNSPECIFIED.,.F.,.F.,(3,3),(0.,1.),.PIECEWISE_BEZIER_KNOTS.);
#8407 = CARTESIAN_POINT('',(15.586617867868,24.86158033033,2.));
#8408 = CARTESIAN_POINT('',(15.343233858859,25.301989489489,2.));
#8409 = CARTESIAN_POINT('',(14.883915165165,25.563673048048,2.));
#8410 = ORIENTED_EDGE('',*,*,#8411,.F.);
#8411 = EDGE_CURVE('',#8412,#8404,#8414,.T.);
#8412 = VERTEX_POINT('',#8413);
#8413 = CARTESIAN_POINT('',(15.830611861862,23.784346846847,2.));
#8414 = B_SPLINE_CURVE_WITH_KNOTS('',2,(#8415,#8416,#8417),
  .UNSPECIFIED.,.F.,.F.,(3,3),(0.,1.),.PIECEWISE_BEZIER_KNOTS.);
#8415 = CARTESIAN_POINT('',(15.830611861862,23.784346846847,2.));
#8416 = CARTESIAN_POINT('',(15.830611861862,24.421171171171,2.));
#8417 = CARTESIAN_POINT('',(15.586617867868,24.86158033033,2.));
#8418 = ORIENTED_EDGE('',*,*,#8419,.F.);
#8419 = EDGE_CURVE('',#8420,#8412,#8422,.T.);
#8420 = VERTEX_POINT('',#8421);
#8421 = CARTESIAN_POINT('',(15.50243993994,22.604025900901,2.));
#8422 = B_SPLINE_CURVE_WITH_KNOTS('',2,(#8423,#8424,#8425),
  .UNSPECIFIED.,.F.,.F.,(3,3),(0.,1.),.PIECEWISE_BEZIER_KNOTS.);
#8423 = CARTESIAN_POINT('',(15.50243993994,22.604025900901,2.));
#8424 = CARTESIAN_POINT('',(15.830611861862,23.072494369369,2.));
#8425 = CARTESIAN_POINT('',(15.830611861862,23.784346846847,2.));
#8426 = ORIENTED_EDGE('',*,*,#8427,.F.);
#8427 = EDGE_CURVE('',#8428,#8420,#8430,.T.);
#8428 = VERTEX_POINT('',#8429);
#8429 = CARTESIAN_POINT('',(14.631381381381,21.873873873874,2.));
#8430 = B_SPLINE_CURVE_WITH_KNOTS('',2,(#8431,#8432,#8433),
  .UNSPECIFIED.,.F.,.F.,(3,3),(0.,1.),.PIECEWISE_BEZIER_KNOTS.);
#8431 = CARTESIAN_POINT('',(14.631381381381,21.873873873874,2.));
#8432 = CARTESIAN_POINT('',(15.174878003003,22.136167417417,2.));
#8433 = CARTESIAN_POINT('',(15.50243993994,22.604025900901,2.));
#8434 = ORIENTED_EDGE('',*,*,#8435,.F.);
#8435 = EDGE_CURVE('',#8436,#8428,#8438,.T.);
#8436 = VERTEX_POINT('',#8437);
#8437 = CARTESIAN_POINT('',(13.366272522523,21.508492867868,2.));
#8438 = B_SPLINE_CURVE_WITH_KNOTS('',2,(#8439,#8440,#8441),
  .UNSPECIFIED.,.F.,.F.,(3,3),(0.,1.),.PIECEWISE_BEZIER_KNOTS.);
#8439 = CARTESIAN_POINT('',(13.366272522523,21.508492867868,2.));
#8440 = CARTESIAN_POINT('',(14.08788475976,21.61158033033,2.));
#8441 = CARTESIAN_POINT('',(14.631381381381,21.873873873874,2.));
#8442 = ORIENTED_EDGE('',*,*,#8443,.F.);
#8443 = EDGE_CURVE('',#8444,#8436,#8446,.T.);
#8444 = VERTEX_POINT('',#8445);
#8445 = CARTESIAN_POINT('',(11.839480105105,21.405405405405,2.));
#8446 = B_SPLINE_CURVE_WITH_KNOTS('',2,(#8447,#8448,#8449),
  .UNSPECIFIED.,.F.,.F.,(3,3),(0.,1.),.PIECEWISE_BEZIER_KNOTS.);
#8447 = CARTESIAN_POINT('',(11.839480105105,21.405405405405,2.));
#8448 = CARTESIAN_POINT('',(12.64527027027,21.405405405405,2.));
#8449 = CARTESIAN_POINT('',(13.366272522523,21.508492867868,2.));
#8450 = ORIENTED_EDGE('',*,*,#8451,.F.);
#8451 = EDGE_CURVE('',#8452,#8444,#8454,.T.);
#8452 = VERTEX_POINT('',#8453);
#8453 = CARTESIAN_POINT('',(11.080048798799,21.41455518018,2.));
#8454 = B_SPLINE_CURVE_WITH_KNOTS('',2,(#8455,#8456,#8457),
  .UNSPECIFIED.,.F.,.F.,(3,3),(0.,1.),.PIECEWISE_BEZIER_KNOTS.);
#8455 = CARTESIAN_POINT('',(11.080048798799,21.41455518018,2.));
#8456 = CARTESIAN_POINT('',(11.408220720721,21.405405405405,2.));
#8457 = CARTESIAN_POINT('',(11.839480105105,21.405405405405,2.));
#8458 = ORIENTED_EDGE('',*,*,#8459,.F.);
#8459 = EDGE_CURVE('',#8460,#8452,#8462,.T.);
#8460 = VERTEX_POINT('',#8461);
#8461 = CARTESIAN_POINT('',(10.509102852853,21.443224474474,2.));
#8462 = B_SPLINE_CURVE_WITH_KNOTS('',2,(#8463,#8464,#8465),
  .UNSPECIFIED.,.F.,.F.,(3,3),(0.,1.),.PIECEWISE_BEZIER_KNOTS.);
#8463 = CARTESIAN_POINT('',(10.509102852853,21.443224474474,2.));
#8464 = CARTESIAN_POINT('',(10.752486861862,21.42431493994,2.));
#8465 = CARTESIAN_POINT('',(11.080048798799,21.41455518018,2.));
#8466 = ORIENTED_EDGE('',*,*,#8467,.F.);
#8467 = EDGE_CURVE('',#8372,#8460,#8468,.T.);
#8468 = B_SPLINE_CURVE_WITH_KNOTS('',2,(#8469,#8470,#8471),
  .UNSPECIFIED.,.F.,.F.,(3,3),(0.,1.),.PIECEWISE_BEZIER_KNOTS.);
#8469 = CARTESIAN_POINT('',(10.02172484985,21.480433558559,2.));
#8470 = CARTESIAN_POINT('',(10.227899774775,21.461524024024,2.));
#8471 = CARTESIAN_POINT('',(10.509102852853,21.443224474474,2.));
#8472 = FACE_BOUND('',#8473,.T.);
#8473 = EDGE_LOOP('',(#8474,#8484,#8492,#8500,#8508,#8516,#8524,#8532,
    #8540,#8548,#8556,#8564));
#8474 = ORIENTED_EDGE('',*,*,#8475,.F.);
#8475 = EDGE_CURVE('',#8476,#8478,#8480,.T.);
#8476 = VERTEX_POINT('',#8477);
#8477 = CARTESIAN_POINT('',(10.02172484985,27.495495495495,2.));
#8478 = VERTEX_POINT('',#8479);
#8479 = CARTESIAN_POINT('',(11.933417792793,27.495495495495,2.));
#8480 = LINE('',#8481,#8482);
#8481 = CARTESIAN_POINT('',(10.02172484985,27.495495495495,2.));
#8482 = VECTOR('',#8483,1.);
#8483 = DIRECTION('',(1.,0.,0.));
#8484 = ORIENTED_EDGE('',*,*,#8485,.F.);
#8485 = EDGE_CURVE('',#8486,#8476,#8488,.T.);
#8486 = VERTEX_POINT('',#8487);
#8487 = CARTESIAN_POINT('',(10.02172484985,31.519566441441,2.));
#8488 = LINE('',#8489,#8490);
#8489 = CARTESIAN_POINT('',(10.02172484985,31.519566441441,2.));
#8490 = VECTOR('',#8491,1.);
#8491 = DIRECTION('',(0.,-1.,0.));
#8492 = ORIENTED_EDGE('',*,*,#8493,.F.);
#8493 = EDGE_CURVE('',#8494,#8486,#8496,.T.);
#8494 = VERTEX_POINT('',#8495);
#8495 = CARTESIAN_POINT('',(10.733577327327,31.57568506006,2.));
#8496 = B_SPLINE_CURVE_WITH_KNOTS('',2,(#8497,#8498,#8499),
  .UNSPECIFIED.,.F.,.F.,(3,3),(0.,1.),.PIECEWISE_BEZIER_KNOTS.);
#8497 = CARTESIAN_POINT('',(10.733577327327,31.57568506006,2.));
#8498 = CARTESIAN_POINT('',(10.340137012012,31.557385510511,2.));
#8499 = CARTESIAN_POINT('',(10.02172484985,31.519566441441,2.));
#8500 = ORIENTED_EDGE('',*,*,#8501,.F.);
#8501 = EDGE_CURVE('',#8502,#8494,#8504,.T.);
#8502 = VERTEX_POINT('',#8503);
#8503 = CARTESIAN_POINT('',(11.820570570571,31.594594594595,2.));
#8504 = B_SPLINE_CURVE_WITH_KNOTS('',2,(#8505,#8506,#8507),
  .UNSPECIFIED.,.F.,.F.,(3,3),(0.,1.),.PIECEWISE_BEZIER_KNOTS.);
#8505 = CARTESIAN_POINT('',(11.820570570571,31.594594594595,2.));
#8506 = CARTESIAN_POINT('',(11.127627627628,31.594594594595,2.));
#8507 = CARTESIAN_POINT('',(10.733577327327,31.57568506006,2.));
#8508 = ORIENTED_EDGE('',*,*,#8509,.F.);
#8509 = EDGE_CURVE('',#8510,#8502,#8512,.T.);
#8510 = VERTEX_POINT('',#8511);
#8511 = CARTESIAN_POINT('',(13.132038288288,31.481747372372,2.));
#8512 = B_SPLINE_CURVE_WITH_KNOTS('',2,(#8513,#8514,#8515),
  .UNSPECIFIED.,.F.,.F.,(3,3),(0.,1.),.PIECEWISE_BEZIER_KNOTS.);
#8513 = CARTESIAN_POINT('',(13.132038288288,31.481747372372,2.));
#8514 = CARTESIAN_POINT('',(12.514123498498,31.594594594595,2.));
#8515 = CARTESIAN_POINT('',(11.820570570571,31.594594594595,2.));
#8516 = ORIENTED_EDGE('',*,*,#8517,.F.);
#8517 = EDGE_CURVE('',#8518,#8510,#8520,.T.);
#8518 = VERTEX_POINT('',#8519);
#8519 = CARTESIAN_POINT('',(14.209881756757,31.133445945946,2.));
#8520 = B_SPLINE_CURVE_WITH_KNOTS('',2,(#8521,#8522,#8523),
  .UNSPECIFIED.,.F.,.F.,(3,3),(0.,1.),.PIECEWISE_BEZIER_KNOTS.);
#8521 = CARTESIAN_POINT('',(14.209881756757,31.133445945946,2.));
#8522 = CARTESIAN_POINT('',(13.750563063063,31.36890015015,2.));
#8523 = CARTESIAN_POINT('',(13.132038288288,31.481747372372,2.));
#8524 = ORIENTED_EDGE('',*,*,#8525,.F.);
#8525 = EDGE_CURVE('',#8526,#8518,#8528,.T.);
#8526 = VERTEX_POINT('',#8527);
#8527 = CARTESIAN_POINT('',(14.931493993994,30.513091216216,2.));
#8528 = B_SPLINE_CURVE_WITH_KNOTS('',2,(#8529,#8530,#8531),
  .UNSPECIFIED.,.F.,.F.,(3,3),(0.,1.),.PIECEWISE_BEZIER_KNOTS.);
#8529 = CARTESIAN_POINT('',(14.931493993994,30.513091216216,2.));
#8530 = CARTESIAN_POINT('',(14.66920045045,30.898601726727,2.));
#8531 = CARTESIAN_POINT('',(14.209881756757,31.133445945946,2.));
#8532 = ORIENTED_EDGE('',*,*,#8533,.F.);
#8533 = EDGE_CURVE('',#8534,#8526,#8536,.T.);
#8534 = VERTEX_POINT('',#8535);
#8535 = CARTESIAN_POINT('',(15.193787537538,29.56395457958,2.));
#8536 = B_SPLINE_CURVE_WITH_KNOTS('',2,(#8537,#8538,#8539),
  .UNSPECIFIED.,.F.,.F.,(3,3),(0.,1.),.PIECEWISE_BEZIER_KNOTS.);
#8537 = CARTESIAN_POINT('',(15.193787537538,29.56395457958,2.));
#8538 = CARTESIAN_POINT('',(15.193787537538,30.128190690691,2.));
#8539 = CARTESIAN_POINT('',(14.931493993994,30.513091216216,2.));
#8540 = ORIENTED_EDGE('',*,*,#8541,.F.);
#8541 = EDGE_CURVE('',#8542,#8534,#8544,.T.);
#8542 = VERTEX_POINT('',#8543);
#8543 = CARTESIAN_POINT('',(14.940643768769,28.567239114114,2.));
#8544 = B_SPLINE_CURVE_WITH_KNOTS('',2,(#8545,#8546,#8547),
  .UNSPECIFIED.,.F.,.F.,(3,3),(0.,1.),.PIECEWISE_BEZIER_KNOTS.);
#8545 = CARTESIAN_POINT('',(14.940643768769,28.567239114114,2.));
#8546 = CARTESIAN_POINT('',(15.193787537538,28.961899399399,2.));
#8547 = CARTESIAN_POINT('',(15.193787537538,29.56395457958,2.));
#8548 = ORIENTED_EDGE('',*,*,#8549,.F.);
#8549 = EDGE_CURVE('',#8550,#8542,#8552,.T.);
#8550 = VERTEX_POINT('',#8551);
#8551 = CARTESIAN_POINT('',(14.247700825826,27.92797484985,2.));
#8552 = B_SPLINE_CURVE_WITH_KNOTS('',2,(#8553,#8554,#8555),
  .UNSPECIFIED.,.F.,.F.,(3,3),(0.,1.),.PIECEWISE_BEZIER_KNOTS.);
#8553 = CARTESIAN_POINT('',(14.247700825826,27.92797484985,2.));
#8554 = CARTESIAN_POINT('',(14.688109984985,28.172578828829,2.));
#8555 = CARTESIAN_POINT('',(14.940643768769,28.567239114114,2.));
#8556 = ORIENTED_EDGE('',*,*,#8557,.F.);
#8557 = EDGE_CURVE('',#8558,#8550,#8560,.T.);
#8558 = VERTEX_POINT('',#8559);
#8559 = CARTESIAN_POINT('',(13.207066441441,27.589433183183,2.));
#8560 = B_SPLINE_CURVE_WITH_KNOTS('',2,(#8561,#8562,#8563),
  .UNSPECIFIED.,.F.,.F.,(3,3),(0.,1.),.PIECEWISE_BEZIER_KNOTS.);
#8561 = CARTESIAN_POINT('',(13.207066441441,27.589433183183,2.));
#8562 = CARTESIAN_POINT('',(13.807291666667,27.683370870871,2.));
#8563 = CARTESIAN_POINT('',(14.247700825826,27.92797484985,2.));
#8564 = ORIENTED_EDGE('',*,*,#8565,.F.);
#8565 = EDGE_CURVE('',#8478,#8558,#8566,.T.);
#8566 = B_SPLINE_CURVE_WITH_KNOTS('',2,(#8567,#8568,#8569),
  .UNSPECIFIED.,.F.,.F.,(3,3),(0.,1.),.PIECEWISE_BEZIER_KNOTS.);
#8567 = CARTESIAN_POINT('',(11.933417792793,27.495495495495,2.));
#8568 = CARTESIAN_POINT('',(12.607451201201,27.495495495495,2.));
#8569 = CARTESIAN_POINT('',(13.207066441441,27.589433183183,2.));
#8570 = PLANE('',#8571);
#8571 = AXIS2_PLACEMENT_3D('',#8572,#8573,#8574);
#8572 = CARTESIAN_POINT('',(12.488953661123,26.462466575647,2.));
#8573 = DIRECTION('',(0.,0.,1.));
#8574 = DIRECTION('',(1.,0.,0.));
#8575 = ADVANCED_FACE('',(#8576,#8594),#8660,.T.);
#8576 = FACE_BOUND('',#8577,.T.);
#8577 = EDGE_LOOP('',(#8578,#8579,#8580,#8581,#8582,#8583,#8584,#8585,
    #8586,#8587,#8588,#8589,#8590,#8591,#8592,#8593));
#8578 = ORIENTED_EDGE('',*,*,#7058,.F.);
#8579 = ORIENTED_EDGE('',*,*,#7006,.F.);
#8580 = ORIENTED_EDGE('',*,*,#7039,.F.);
#8581 = ORIENTED_EDGE('',*,*,#7091,.F.);
#8582 = ORIENTED_EDGE('',*,*,#7143,.F.);
#8583 = ORIENTED_EDGE('',*,*,#7195,.F.);
#8584 = ORIENTED_EDGE('',*,*,#7247,.F.);
#8585 = ORIENTED_EDGE('',*,*,#7299,.F.);
#8586 = ORIENTED_EDGE('',*,*,#7351,.F.);
#8587 = ORIENTED_EDGE('',*,*,#7396,.F.);
#8588 = ORIENTED_EDGE('',*,*,#7370,.F.);
#8589 = ORIENTED_EDGE('',*,*,#7318,.F.);
#8590 = ORIENTED_EDGE('',*,*,#7266,.F.);
#8591 = ORIENTED_EDGE('',*,*,#7214,.F.);
#8592 = ORIENTED_EDGE('',*,*,#7162,.F.);
#8593 = ORIENTED_EDGE('',*,*,#7110,.F.);
#8594 = FACE_BOUND('',#8595,.T.);
#8595 = EDGE_LOOP('',(#8596,#8606,#8614,#8622,#8630,#8638,#8646,#8654));
#8596 = ORIENTED_EDGE('',*,*,#8597,.F.);
#8597 = EDGE_CURVE('',#8598,#8600,#8602,.T.);
#8598 = VERTEX_POINT('',#8599);
#8599 = CARTESIAN_POINT('',(26.956737987988,24.87987987988,2.));
#8600 = VERTEX_POINT('',#8601);
#8601 = CARTESIAN_POINT('',(26.216216216216,27.502815315315,2.));
#8602 = B_SPLINE_CURVE_WITH_KNOTS('',2,(#8603,#8604,#8605),
  .UNSPECIFIED.,.F.,.F.,(3,3),(0.,1.),.PIECEWISE_BEZIER_KNOTS.);
#8603 = CARTESIAN_POINT('',(26.956737987988,24.87987987988,2.));
#8604 = CARTESIAN_POINT('',(26.956737987988,26.534769144144,2.));
#8605 = CARTESIAN_POINT('',(26.216216216216,27.502815315315,2.));
#8606 = ORIENTED_EDGE('',*,*,#8607,.F.);
#8607 = EDGE_CURVE('',#8608,#8598,#8610,.T.);
#8608 = VERTEX_POINT('',#8609);
#8609 = CARTESIAN_POINT('',(26.216216216216,22.256334459459,2.));
#8610 = B_SPLINE_CURVE_WITH_KNOTS('',2,(#8611,#8612,#8613),
  .UNSPECIFIED.,.F.,.F.,(3,3),(0.,1.),.PIECEWISE_BEZIER_KNOTS.);
#8611 = CARTESIAN_POINT('',(26.216216216216,22.256334459459,2.));
#8612 = CARTESIAN_POINT('',(26.956737987988,23.224990615616,2.));
#8613 = CARTESIAN_POINT('',(26.956737987988,24.87987987988,2.));
#8614 = ORIENTED_EDGE('',*,*,#8615,.F.);
#8615 = EDGE_CURVE('',#8616,#8608,#8618,.T.);
#8616 = VERTEX_POINT('',#8617);
#8617 = CARTESIAN_POINT('',(24.202045795796,21.288288288288,2.));
#8618 = B_SPLINE_CURVE_WITH_KNOTS('',2,(#8619,#8620,#8621),
  .UNSPECIFIED.,.F.,.F.,(3,3),(0.,1.),.PIECEWISE_BEZIER_KNOTS.);
#8619 = CARTESIAN_POINT('',(24.202045795796,21.288288288288,2.));
#8620 = CARTESIAN_POINT('',(25.476304429429,21.288288288288,2.));
#8621 = CARTESIAN_POINT('',(26.216216216216,22.256334459459,2.));
#8622 = ORIENTED_EDGE('',*,*,#8623,.F.);
#8623 = EDGE_CURVE('',#8624,#8616,#8626,.T.);
#8624 = VERTEX_POINT('',#8625);
#8625 = CARTESIAN_POINT('',(22.187875375375,22.256334459459,2.));
#8626 = B_SPLINE_CURVE_WITH_KNOTS('',2,(#8627,#8628,#8629),
  .UNSPECIFIED.,.F.,.F.,(3,3),(0.,1.),.PIECEWISE_BEZIER_KNOTS.);
#8627 = CARTESIAN_POINT('',(22.187875375375,22.256334459459,2.));
#8628 = CARTESIAN_POINT('',(22.928397147147,21.288288288288,2.));
#8629 = CARTESIAN_POINT('',(24.202045795796,21.288288288288,2.));
#8630 = ORIENTED_EDGE('',*,*,#8631,.F.);
#8631 = EDGE_CURVE('',#8632,#8624,#8634,.T.);
#8632 = VERTEX_POINT('',#8633);
#8633 = CARTESIAN_POINT('',(21.447963588589,24.87987987988,2.));
#8634 = B_SPLINE_CURVE_WITH_KNOTS('',2,(#8635,#8636,#8637),
  .UNSPECIFIED.,.F.,.F.,(3,3),(0.,1.),.PIECEWISE_BEZIER_KNOTS.);
#8635 = CARTESIAN_POINT('',(21.447963588589,24.87987987988,2.));
#8636 = CARTESIAN_POINT('',(21.447963588589,23.224990615616,2.));
#8637 = CARTESIAN_POINT('',(22.187875375375,22.256334459459,2.));
#8638 = ORIENTED_EDGE('',*,*,#8639,.F.);
#8639 = EDGE_CURVE('',#8640,#8632,#8642,.T.);
#8640 = VERTEX_POINT('',#8641);
#8641 = CARTESIAN_POINT('',(22.187875375375,27.502815315315,2.));
#8642 = B_SPLINE_CURVE_WITH_KNOTS('',2,(#8643,#8644,#8645),
  .UNSPECIFIED.,.F.,.F.,(3,3),(0.,1.),.PIECEWISE_BEZIER_KNOTS.);
#8643 = CARTESIAN_POINT('',(22.187875375375,27.502815315315,2.));
#8644 = CARTESIAN_POINT('',(21.447963588589,26.534769144144,2.));
#8645 = CARTESIAN_POINT('',(21.447963588589,24.87987987988,2.));
#8646 = ORIENTED_EDGE('',*,*,#8647,.F.);
#8647 = EDGE_CURVE('',#8648,#8640,#8650,.T.);
#8648 = VERTEX_POINT('',#8649);
#8649 = CARTESIAN_POINT('',(24.202045795796,28.471471471471,2.));
#8650 = B_SPLINE_CURVE_WITH_KNOTS('',2,(#8651,#8652,#8653),
  .UNSPECIFIED.,.F.,.F.,(3,3),(0.,1.),.PIECEWISE_BEZIER_KNOTS.);
#8651 = CARTESIAN_POINT('',(24.202045795796,28.471471471471,2.));
#8652 = CARTESIAN_POINT('',(22.928397147147,28.471471471471,2.));
#8653 = CARTESIAN_POINT('',(22.187875375375,27.502815315315,2.));
#8654 = ORIENTED_EDGE('',*,*,#8655,.F.);
#8655 = EDGE_CURVE('',#8600,#8648,#8656,.T.);
#8656 = B_SPLINE_CURVE_WITH_KNOTS('',2,(#8657,#8658,#8659),
  .UNSPECIFIED.,.F.,.F.,(3,3),(0.,1.),.PIECEWISE_BEZIER_KNOTS.);
#8657 = CARTESIAN_POINT('',(26.216216216216,27.502815315315,2.));
#8658 = CARTESIAN_POINT('',(25.476304429429,28.471471471471,2.));
#8659 = CARTESIAN_POINT('',(24.202045795796,28.471471471471,2.));
#8660 = PLANE('',#8661);
#8661 = AXIS2_PLACEMENT_3D('',#8662,#8663,#8664);
#8662 = CARTESIAN_POINT('',(24.202262819281,24.879627340405,2.));
#8663 = DIRECTION('',(0.,0.,1.));
#8664 = DIRECTION('',(1.,0.,0.));
#8665 = ADVANCED_FACE('',(#8666),#8688,.T.);
#8666 = FACE_BOUND('',#8667,.T.);
#8667 = EDGE_LOOP('',(#8668,#8669,#8670,#8671,#8672,#8673,#8674,#8675,
    #8676,#8677,#8678,#8679,#8680,#8681,#8682,#8683,#8684,#8685,#8686,
    #8687));
#8668 = ORIENTED_EDGE('',*,*,#7470,.F.);
#8669 = ORIENTED_EDGE('',*,*,#7422,.F.);
#8670 = ORIENTED_EDGE('',*,*,#7453,.F.);
#8671 = ORIENTED_EDGE('',*,*,#7501,.F.);
#8672 = ORIENTED_EDGE('',*,*,#7549,.F.);
#8673 = ORIENTED_EDGE('',*,*,#7599,.F.);
#8674 = ORIENTED_EDGE('',*,*,#7649,.F.);
#8675 = ORIENTED_EDGE('',*,*,#7701,.F.);
#8676 = ORIENTED_EDGE('',*,*,#7753,.F.);
#8677 = ORIENTED_EDGE('',*,*,#7805,.F.);
#8678 = ORIENTED_EDGE('',*,*,#7857,.F.);
#8679 = ORIENTED_EDGE('',*,*,#7900,.F.);
#8680 = ORIENTED_EDGE('',*,*,#7874,.F.);
#8681 = ORIENTED_EDGE('',*,*,#7824,.F.);
#8682 = ORIENTED_EDGE('',*,*,#7772,.F.);
#8683 = ORIENTED_EDGE('',*,*,#7720,.F.);
#8684 = ORIENTED_EDGE('',*,*,#7668,.F.);
#8685 = ORIENTED_EDGE('',*,*,#7618,.F.);
#8686 = ORIENTED_EDGE('',*,*,#7568,.F.);
#8687 = ORIENTED_EDGE('',*,*,#7518,.F.);
#8688 = PLANE('',#8689);
#8689 = AXIS2_PLACEMENT_3D('',#8690,#8691,#8692);
#8690 = CARTESIAN_POINT('',(33.288451834596,25.985132640033,2.));
#8691 = DIRECTION('',(0.,0.,1.));
#8692 = DIRECTION('',(1.,0.,0.));
#8693 = ADVANCED_FACE('',(#8694),#8735,.T.);
#8694 = FACE_BOUND('',#8695,.T.);
#8695 = EDGE_LOOP('',(#8696,#8706,#8712,#8713,#8721,#8729));
#8696 = ORIENTED_EDGE('',*,*,#8697,.F.);
#8697 = EDGE_CURVE('',#8698,#8700,#8702,.T.);
#8698 = VERTEX_POINT('',#8699);
#8699 = CARTESIAN_POINT('',(6.75,-13.,3.));
#8700 = VERTEX_POINT('',#8701);
#8701 = CARTESIAN_POINT('',(6.75,-8.,3.));
#8702 = LINE('',#8703,#8704);
#8703 = CARTESIAN_POINT('',(6.75,-13.,3.));
#8704 = VECTOR('',#8705,1.);
#8705 = DIRECTION('',(0.,1.,0.));
#8706 = ORIENTED_EDGE('',*,*,#8707,.T.);
#8707 = EDGE_CURVE('',#8698,#7925,#8708,.T.);
#8708 = LINE('',#8709,#8710);
#8709 = CARTESIAN_POINT('',(6.75,-13.,3.));
#8710 = VECTOR('',#8711,1.);
#8711 = DIRECTION('',(0.,0.,1.));
#8712 = ORIENTED_EDGE('',*,*,#7924,.T.);
#8713 = ORIENTED_EDGE('',*,*,#8714,.F.);
#8714 = EDGE_CURVE('',#8715,#7927,#8717,.T.);
#8715 = VERTEX_POINT('',#8716);
#8716 = CARTESIAN_POINT('',(6.75,1.5,4.));
#8717 = LINE('',#8718,#8719);
#8718 = CARTESIAN_POINT('',(6.75,1.5,3.));
#8719 = VECTOR('',#8720,1.);
#8720 = DIRECTION('',(0.,0.,1.));
#8721 = ORIENTED_EDGE('',*,*,#8722,.F.);
#8722 = EDGE_CURVE('',#8723,#8715,#8725,.T.);
#8723 = VERTEX_POINT('',#8724);
#8724 = CARTESIAN_POINT('',(6.75,-8.,4.));
#8725 = LINE('',#8726,#8727);
#8726 = CARTESIAN_POINT('',(6.75,-8.,4.));
#8727 = VECTOR('',#8728,1.);
#8728 = DIRECTION('',(0.,1.,0.));
#8729 = ORIENTED_EDGE('',*,*,#8730,.F.);
#8730 = EDGE_CURVE('',#8700,#8723,#8731,.T.);
#8731 = LINE('',#8732,#8733);
#8732 = CARTESIAN_POINT('',(6.75,-8.,3.));
#8733 = VECTOR('',#8734,1.);
#8734 = DIRECTION('',(0.,0.,1.));
#8735 = PLANE('',#8736);
#8736 = AXIS2_PLACEMENT_3D('',#8737,#8738,#8739);
#8737 = CARTESIAN_POINT('',(6.75,-13.,3.));
#8738 = DIRECTION('',(-1.,0.,0.));
#8739 = DIRECTION('',(0.,1.,0.));
#8740 = ADVANCED_FACE('',(#8741),#8759,.T.);
#8741 = FACE_BOUND('',#8742,.T.);
#8742 = EDGE_LOOP('',(#8743,#8751,#8752,#8753));
#8743 = ORIENTED_EDGE('',*,*,#8744,.F.);
#8744 = EDGE_CURVE('',#8715,#8745,#8747,.T.);
#8745 = VERTEX_POINT('',#8746);
#8746 = CARTESIAN_POINT('',(-6.75,1.5,4.));
#8747 = LINE('',#8748,#8749);
#8748 = CARTESIAN_POINT('',(6.75,1.5,4.));
#8749 = VECTOR('',#8750,1.);
#8750 = DIRECTION('',(-1.,0.,0.));
#8751 = ORIENTED_EDGE('',*,*,#8714,.T.);
#8752 = ORIENTED_EDGE('',*,*,#7934,.T.);
#8753 = ORIENTED_EDGE('',*,*,#8754,.F.);
#8754 = EDGE_CURVE('',#8745,#7935,#8755,.T.);
#8755 = LINE('',#8756,#8757);
#8756 = CARTESIAN_POINT('',(-6.75,1.5,3.));
#8757 = VECTOR('',#8758,1.);
#8758 = DIRECTION('',(0.,0.,1.));
#8759 = PLANE('',#8760);
#8760 = AXIS2_PLACEMENT_3D('',#8761,#8762,#8763);
#8761 = CARTESIAN_POINT('',(6.75,1.5,3.));
#8762 = DIRECTION('',(0.,-1.,0.));
#8763 = DIRECTION('',(-1.,0.,0.));
#8764 = ADVANCED_FACE('',(#8765),#8799,.T.);
#8765 = FACE_BOUND('',#8766,.T.);
#8766 = EDGE_LOOP('',(#8767,#8775,#8776,#8777,#8785,#8793));
#8767 = ORIENTED_EDGE('',*,*,#8768,.F.);
#8768 = EDGE_CURVE('',#8745,#8769,#8771,.T.);
#8769 = VERTEX_POINT('',#8770);
#8770 = CARTESIAN_POINT('',(-6.75,-8.,4.));
#8771 = LINE('',#8772,#8773);
#8772 = CARTESIAN_POINT('',(-6.75,1.5,4.));
#8773 = VECTOR('',#8774,1.);
#8774 = DIRECTION('',(0.,-1.,0.));
#8775 = ORIENTED_EDGE('',*,*,#8754,.T.);
#8776 = ORIENTED_EDGE('',*,*,#7942,.T.);
#8777 = ORIENTED_EDGE('',*,*,#8778,.F.);
#8778 = EDGE_CURVE('',#8779,#7943,#8781,.T.);
#8779 = VERTEX_POINT('',#8780);
#8780 = CARTESIAN_POINT('',(-6.75,-13.,3.));
#8781 = LINE('',#8782,#8783);
#8782 = CARTESIAN_POINT('',(-6.75,-13.,3.));
#8783 = VECTOR('',#8784,1.);
#8784 = DIRECTION('',(0.,0.,1.));
#8785 = ORIENTED_EDGE('',*,*,#8786,.F.);
#8786 = EDGE_CURVE('',#8787,#8779,#8789,.T.);
#8787 = VERTEX_POINT('',#8788);
#8788 = CARTESIAN_POINT('',(-6.75,-8.,3.));
#8789 = LINE('',#8790,#8791);
#8790 = CARTESIAN_POINT('',(-6.75,1.5,3.));
#8791 = VECTOR('',#8792,1.);
#8792 = DIRECTION('',(0.,-1.,0.));
#8793 = ORIENTED_EDGE('',*,*,#8794,.T.);
#8794 = EDGE_CURVE('',#8787,#8769,#8795,.T.);
#8795 = LINE('',#8796,#8797);
#8796 = CARTESIAN_POINT('',(-6.75,-8.,3.));
#8797 = VECTOR('',#8798,1.);
#8798 = DIRECTION('',(0.,0.,1.));
#8799 = PLANE('',#8800);
#8800 = AXIS2_PLACEMENT_3D('',#8801,#8802,#8803);
#8801 = CARTESIAN_POINT('',(-6.75,1.5,3.));
#8802 = DIRECTION('',(1.,0.,0.));
#8803 = DIRECTION('',(0.,-1.,0.));
#8804 = ADVANCED_FACE('',(#8805),#8816,.T.);
#8805 = FACE_BOUND('',#8806,.T.);
#8806 = EDGE_LOOP('',(#8807,#8808,#8809,#8810));
#8807 = ORIENTED_EDGE('',*,*,#8778,.T.);
#8808 = ORIENTED_EDGE('',*,*,#7950,.T.);
#8809 = ORIENTED_EDGE('',*,*,#8707,.F.);
#8810 = ORIENTED_EDGE('',*,*,#8811,.F.);
#8811 = EDGE_CURVE('',#8779,#8698,#8812,.T.);
#8812 = LINE('',#8813,#8814);
#8813 = CARTESIAN_POINT('',(-6.75,-13.,3.));
#8814 = VECTOR('',#8815,1.);
#8815 = DIRECTION('',(1.,0.,0.));
#8816 = PLANE('',#8817);
#8817 = AXIS2_PLACEMENT_3D('',#8818,#8819,#8820);
#8818 = CARTESIAN_POINT('',(-6.75,-13.,3.));
#8819 = DIRECTION('',(0.,1.,0.));
#8820 = DIRECTION('',(1.,0.,0.));
#8821 = ADVANCED_FACE('',(#8822),#8847,.T.);
#8822 = FACE_BOUND('',#8823,.T.);
#8823 = EDGE_LOOP('',(#8824,#8832,#8833,#8841));
#8824 = ORIENTED_EDGE('',*,*,#8825,.T.);
#8825 = EDGE_CURVE('',#8826,#8042,#8828,.T.);
#8826 = VERTEX_POINT('',#8827);
#8827 = CARTESIAN_POINT('',(-9.165352852853,21.249249249249,3.));
#8828 = LINE('',#8829,#8830);
#8829 = CARTESIAN_POINT('',(-9.165352852853,21.249249249249,3.));
#8830 = VECTOR('',#8831,1.);
#8831 = DIRECTION('',(-0.,-0.,-1.));
#8832 = ORIENTED_EDGE('',*,*,#8041,.T.);
#8833 = ORIENTED_EDGE('',*,*,#8834,.F.);
#8834 = EDGE_CURVE('',#8835,#8044,#8837,.T.);
#8835 = VERTEX_POINT('',#8836);
#8836 = CARTESIAN_POINT('',(-8.069209834835,21.277308558559,3.));
#8837 = LINE('',#8838,#8839);
#8838 = CARTESIAN_POINT('',(-8.069209834835,21.277308558559,3.));
#8839 = VECTOR('',#8840,1.);
#8840 = DIRECTION('',(-0.,-0.,-1.));
#8841 = ORIENTED_EDGE('',*,*,#8842,.F.);
#8842 = EDGE_CURVE('',#8826,#8835,#8843,.T.);
#8843 = B_SPLINE_CURVE_WITH_KNOTS('',2,(#8844,#8845,#8846),
  .UNSPECIFIED.,.F.,.F.,(3,3),(0.,1.),.PIECEWISE_BEZIER_KNOTS.);
#8844 = CARTESIAN_POINT('',(-9.165352852853,21.249249249249,3.));
#8845 = CARTESIAN_POINT('',(-8.546828078078,21.249249249249,3.));
#8846 = CARTESIAN_POINT('',(-8.069209834835,21.277308558559,3.));
#8847 = SURFACE_OF_LINEAR_EXTRUSION('',#8848,#8852);
#8848 = B_SPLINE_CURVE_WITH_KNOTS('',2,(#8849,#8850,#8851),
  .UNSPECIFIED.,.F.,.F.,(3,3),(0.,1.),.PIECEWISE_BEZIER_KNOTS.);
#8849 = CARTESIAN_POINT('',(-9.165352852853,21.249249249249,3.));
#8850 = CARTESIAN_POINT('',(-8.546828078078,21.249249249249,3.));
#8851 = CARTESIAN_POINT('',(-8.069209834835,21.277308558559,3.));
#8852 = VECTOR('',#8853,1.);
#8853 = DIRECTION('',(0.,0.,1.));
#8854 = ADVANCED_FACE('',(#8855),#8873,.T.);
#8855 = FACE_BOUND('',#8856,.T.);
#8856 = EDGE_LOOP('',(#8857,#8865,#8866,#8867));
#8857 = ORIENTED_EDGE('',*,*,#8858,.T.);
#8858 = EDGE_CURVE('',#8859,#8052,#8861,.T.);
#8859 = VERTEX_POINT('',#8860);
#8860 = CARTESIAN_POINT('',(-10.79523273273,21.61646021021,3.));
#8861 = LINE('',#8862,#8863);
#8862 = CARTESIAN_POINT('',(-10.79523273273,21.61646021021,3.));
#8863 = VECTOR('',#8864,1.);
#8864 = DIRECTION('',(-0.,-0.,-1.));
#8865 = ORIENTED_EDGE('',*,*,#8051,.T.);
#8866 = ORIENTED_EDGE('',*,*,#8825,.F.);
#8867 = ORIENTED_EDGE('',*,*,#8868,.F.);
#8868 = EDGE_CURVE('',#8859,#8826,#8869,.T.);
#8869 = B_SPLINE_CURVE_WITH_KNOTS('',2,(#8870,#8871,#8872),
  .UNSPECIFIED.,.F.,.F.,(3,3),(0.,1.),.PIECEWISE_BEZIER_KNOTS.);
#8870 = CARTESIAN_POINT('',(-10.79523273273,21.61646021021,3.));
#8871 = CARTESIAN_POINT('',(-10.19561749249,21.249249249249,3.));
#8872 = CARTESIAN_POINT('',(-9.165352852853,21.249249249249,3.));
#8873 = SURFACE_OF_LINEAR_EXTRUSION('',#8874,#8878);
#8874 = B_SPLINE_CURVE_WITH_KNOTS('',2,(#8875,#8876,#8877),
  .UNSPECIFIED.,.F.,.F.,(3,3),(0.,1.),.PIECEWISE_BEZIER_KNOTS.);
#8875 = CARTESIAN_POINT('',(-10.79523273273,21.61646021021,3.));
#8876 = CARTESIAN_POINT('',(-10.19561749249,21.249249249249,3.));
#8877 = CARTESIAN_POINT('',(-9.165352852853,21.249249249249,3.));
#8878 = VECTOR('',#8879,1.);
#8879 = DIRECTION('',(0.,0.,1.));
#8880 = ADVANCED_FACE('',(#8881),#8899,.T.);
#8881 = FACE_BOUND('',#8882,.T.);
#8882 = EDGE_LOOP('',(#8883,#8891,#8892,#8893));
#8883 = ORIENTED_EDGE('',*,*,#8884,.T.);
#8884 = EDGE_CURVE('',#8885,#8060,#8887,.T.);
#8885 = VERTEX_POINT('',#8886);
#8886 = CARTESIAN_POINT('',(-11.39484797297,22.926707957958,3.));
#8887 = LINE('',#8888,#8889);
#8888 = CARTESIAN_POINT('',(-11.39484797297,22.926707957958,3.));
#8889 = VECTOR('',#8890,1.);
#8890 = DIRECTION('',(-0.,-0.,-1.));
#8891 = ORIENTED_EDGE('',*,*,#8059,.T.);
#8892 = ORIENTED_EDGE('',*,*,#8858,.F.);
#8893 = ORIENTED_EDGE('',*,*,#8894,.F.);
#8894 = EDGE_CURVE('',#8885,#8859,#8895,.T.);
#8895 = B_SPLINE_CURVE_WITH_KNOTS('',2,(#8896,#8897,#8898),
  .UNSPECIFIED.,.F.,.F.,(3,3),(0.,1.),.PIECEWISE_BEZIER_KNOTS.);
#8896 = CARTESIAN_POINT('',(-11.39484797297,22.926707957958,3.));
#8897 = CARTESIAN_POINT('',(-11.39484797297,21.984281156156,3.));
#8898 = CARTESIAN_POINT('',(-10.79523273273,21.61646021021,3.));
#8899 = SURFACE_OF_LINEAR_EXTRUSION('',#8900,#8904);
#8900 = B_SPLINE_CURVE_WITH_KNOTS('',2,(#8901,#8902,#8903),
  .UNSPECIFIED.,.F.,.F.,(3,3),(0.,1.),.PIECEWISE_BEZIER_KNOTS.);
#8901 = CARTESIAN_POINT('',(-11.39484797297,22.926707957958,3.));
#8902 = CARTESIAN_POINT('',(-11.39484797297,21.984281156156,3.));
#8903 = CARTESIAN_POINT('',(-10.79523273273,21.61646021021,3.));
#8904 = VECTOR('',#8905,1.);
#8905 = DIRECTION('',(0.,0.,1.));
#8906 = ADVANCED_FACE('',(#8907),#8925,.T.);
#8907 = FACE_BOUND('',#8908,.T.);
#8908 = EDGE_LOOP('',(#8909,#8917,#8918,#8919));
#8909 = ORIENTED_EDGE('',*,*,#8910,.T.);
#8910 = EDGE_CURVE('',#8911,#8068,#8913,.T.);
#8911 = VERTEX_POINT('',#8912);
#8912 = CARTESIAN_POINT('',(-11.15146396396,23.746527777778,3.));
#8913 = LINE('',#8914,#8915);
#8914 = CARTESIAN_POINT('',(-11.15146396396,23.746527777778,3.));
#8915 = VECTOR('',#8916,1.);
#8916 = DIRECTION('',(-0.,-0.,-1.));
#8917 = ORIENTED_EDGE('',*,*,#8067,.T.);
#8918 = ORIENTED_EDGE('',*,*,#8884,.F.);
#8919 = ORIENTED_EDGE('',*,*,#8920,.F.);
#8920 = EDGE_CURVE('',#8911,#8885,#8921,.T.);
#8921 = B_SPLINE_CURVE_WITH_KNOTS('',2,(#8922,#8923,#8924),
  .UNSPECIFIED.,.F.,.F.,(3,3),(0.,1.),.PIECEWISE_BEZIER_KNOTS.);
#8922 = CARTESIAN_POINT('',(-11.15146396396,23.746527777778,3.));
#8923 = CARTESIAN_POINT('',(-11.39484797297,23.435435435435,3.));
#8924 = CARTESIAN_POINT('',(-11.39484797297,22.926707957958,3.));
#8925 = SURFACE_OF_LINEAR_EXTRUSION('',#8926,#8930);
#8926 = B_SPLINE_CURVE_WITH_KNOTS('',2,(#8927,#8928,#8929),
  .UNSPECIFIED.,.F.,.F.,(3,3),(0.,1.),.PIECEWISE_BEZIER_KNOTS.);
#8927 = CARTESIAN_POINT('',(-11.15146396396,23.746527777778,3.));
#8928 = CARTESIAN_POINT('',(-11.39484797297,23.435435435435,3.));
#8929 = CARTESIAN_POINT('',(-11.39484797297,22.926707957958,3.));
#8930 = VECTOR('',#8931,1.);
#8931 = DIRECTION('',(0.,0.,1.));
#8932 = ADVANCED_FACE('',(#8933),#8951,.T.);
#8933 = FACE_BOUND('',#8934,.T.);
#8934 = EDGE_LOOP('',(#8935,#8943,#8944,#8945));
#8935 = ORIENTED_EDGE('',*,*,#8936,.T.);
#8936 = EDGE_CURVE('',#8937,#8076,#8939,.T.);
#8937 = VERTEX_POINT('',#8938);
#8938 = CARTESIAN_POINT('',(-10.54208896396,24.236345720721,3.));
#8939 = LINE('',#8940,#8941);
#8940 = CARTESIAN_POINT('',(-10.54208896396,24.236345720721,3.));
#8941 = VECTOR('',#8942,1.);
#8942 = DIRECTION('',(-0.,-0.,-1.));
#8943 = ORIENTED_EDGE('',*,*,#8075,.T.);
#8944 = ORIENTED_EDGE('',*,*,#8910,.F.);
#8945 = ORIENTED_EDGE('',*,*,#8946,.F.);
#8946 = EDGE_CURVE('',#8937,#8911,#8947,.T.);
#8947 = B_SPLINE_CURVE_WITH_KNOTS('',2,(#8948,#8949,#8950),
  .UNSPECIFIED.,.F.,.F.,(3,3),(0.,1.),.PIECEWISE_BEZIER_KNOTS.);
#8948 = CARTESIAN_POINT('',(-10.54208896396,24.236345720721,3.));
#8949 = CARTESIAN_POINT('',(-10.90746996997,24.05762012012,3.));
#8950 = CARTESIAN_POINT('',(-11.15146396396,23.746527777778,3.));
#8951 = SURFACE_OF_LINEAR_EXTRUSION('',#8952,#8956);
#8952 = B_SPLINE_CURVE_WITH_KNOTS('',2,(#8953,#8954,#8955),
  .UNSPECIFIED.,.F.,.F.,(3,3),(0.,1.),.PIECEWISE_BEZIER_KNOTS.);
#8953 = CARTESIAN_POINT('',(-10.54208896396,24.236345720721,3.));
#8954 = CARTESIAN_POINT('',(-10.90746996997,24.05762012012,3.));
#8955 = CARTESIAN_POINT('',(-11.15146396396,23.746527777778,3.));
#8956 = VECTOR('',#8957,1.);
#8957 = DIRECTION('',(0.,0.,1.));
#8958 = ADVANCED_FACE('',(#8959),#8977,.T.);
#8959 = FACE_BOUND('',#8960,.T.);
#8960 = EDGE_LOOP('',(#8961,#8969,#8970,#8971));
#8961 = ORIENTED_EDGE('',*,*,#8962,.T.);
#8962 = EDGE_CURVE('',#8963,#8084,#8965,.T.);
#8963 = VERTEX_POINT('',#8964);
#8964 = CARTESIAN_POINT('',(-9.736908783784,24.471799924925,3.));
#8965 = LINE('',#8966,#8967);
#8966 = CARTESIAN_POINT('',(-9.736908783784,24.471799924925,3.));
#8967 = VECTOR('',#8968,1.);
#8968 = DIRECTION('',(-0.,-0.,-1.));
#8969 = ORIENTED_EDGE('',*,*,#8083,.T.);
#8970 = ORIENTED_EDGE('',*,*,#8936,.F.);
#8971 = ORIENTED_EDGE('',*,*,#8972,.F.);
#8972 = EDGE_CURVE('',#8963,#8937,#8973,.T.);
#8973 = B_SPLINE_CURVE_WITH_KNOTS('',2,(#8974,#8975,#8976),
  .UNSPECIFIED.,.F.,.F.,(3,3),(0.,1.),.PIECEWISE_BEZIER_KNOTS.);
#8974 = CARTESIAN_POINT('',(-9.736908783784,24.471799924925,3.));
#8975 = CARTESIAN_POINT('',(-10.17670795795,24.415681306306,3.));
#8976 = CARTESIAN_POINT('',(-10.54208896396,24.236345720721,3.));
#8977 = SURFACE_OF_LINEAR_EXTRUSION('',#8978,#8982);
#8978 = B_SPLINE_CURVE_WITH_KNOTS('',2,(#8979,#8980,#8981),
  .UNSPECIFIED.,.F.,.F.,(3,3),(0.,1.),.PIECEWISE_BEZIER_KNOTS.);
#8979 = CARTESIAN_POINT('',(-9.736908783784,24.471799924925,3.));
#8980 = CARTESIAN_POINT('',(-10.17670795795,24.415681306306,3.));
#8981 = CARTESIAN_POINT('',(-10.54208896396,24.236345720721,3.));
#8982 = VECTOR('',#8983,1.);
#8983 = DIRECTION('',(0.,0.,1.));
#8984 = ADVANCED_FACE('',(#8985),#9003,.T.);
#8985 = FACE_BOUND('',#8986,.T.);
#8986 = EDGE_LOOP('',(#8987,#8995,#8996,#8997));
#8987 = ORIENTED_EDGE('',*,*,#8988,.T.);
#8988 = EDGE_CURVE('',#8989,#8092,#8991,.T.);
#8989 = VERTEX_POINT('',#8990);
#8990 = CARTESIAN_POINT('',(-8.902449324324,24.528528528529,3.));
#8991 = LINE('',#8992,#8993);
#8992 = CARTESIAN_POINT('',(-8.902449324324,24.528528528529,3.));
#8993 = VECTOR('',#8994,1.);
#8994 = DIRECTION('',(-0.,-0.,-1.));
#8995 = ORIENTED_EDGE('',*,*,#8091,.T.);
#8996 = ORIENTED_EDGE('',*,*,#8962,.F.);
#8997 = ORIENTED_EDGE('',*,*,#8998,.F.);
#8998 = EDGE_CURVE('',#8989,#8963,#8999,.T.);
#8999 = B_SPLINE_CURVE_WITH_KNOTS('',2,(#9000,#9001,#9002),
  .UNSPECIFIED.,.F.,.F.,(3,3),(0.,1.),.PIECEWISE_BEZIER_KNOTS.);
#9000 = CARTESIAN_POINT('',(-8.902449324324,24.528528528529,3.));
#9001 = CARTESIAN_POINT('',(-9.296499624625,24.528528528529,3.));
#9002 = CARTESIAN_POINT('',(-9.736908783784,24.471799924925,3.));
#9003 = SURFACE_OF_LINEAR_EXTRUSION('',#9004,#9008);
#9004 = B_SPLINE_CURVE_WITH_KNOTS('',2,(#9005,#9006,#9007),
  .UNSPECIFIED.,.F.,.F.,(3,3),(0.,1.),.PIECEWISE_BEZIER_KNOTS.);
#9005 = CARTESIAN_POINT('',(-8.902449324324,24.528528528529,3.));
#9006 = CARTESIAN_POINT('',(-9.296499624625,24.528528528529,3.));
#9007 = CARTESIAN_POINT('',(-9.736908783784,24.471799924925,3.));
#9008 = VECTOR('',#9009,1.);
#9009 = DIRECTION('',(0.,0.,1.));
#9010 = ADVANCED_FACE('',(#9011),#9029,.T.);
#9011 = FACE_BOUND('',#9012,.T.);
#9012 = EDGE_LOOP('',(#9013,#9021,#9022,#9023));
#9013 = ORIENTED_EDGE('',*,*,#9014,.T.);
#9014 = EDGE_CURVE('',#9015,#8100,#9017,.T.);
#9015 = VERTEX_POINT('',#9016);
#9016 = CARTESIAN_POINT('',(-7.881334459459,24.46265015015,3.));
#9017 = LINE('',#9018,#9019);
#9018 = CARTESIAN_POINT('',(-7.881334459459,24.46265015015,3.));
#9019 = VECTOR('',#9020,1.);
#9020 = DIRECTION('',(-0.,-0.,-1.));
#9021 = ORIENTED_EDGE('',*,*,#8099,.T.);
#9022 = ORIENTED_EDGE('',*,*,#8988,.F.);
#9023 = ORIENTED_EDGE('',*,*,#9024,.F.);
#9024 = EDGE_CURVE('',#9015,#8989,#9025,.T.);
#9025 = B_SPLINE_CURVE_WITH_KNOTS('',2,(#9026,#9027,#9028),
  .UNSPECIFIED.,.F.,.F.,(3,3),(0.,1.),.PIECEWISE_BEZIER_KNOTS.);
#9026 = CARTESIAN_POINT('',(-7.881334459459,24.46265015015,3.));
#9027 = CARTESIAN_POINT('',(-8.302834084084,24.528528528529,3.));
#9028 = CARTESIAN_POINT('',(-8.902449324324,24.528528528529,3.));
#9029 = SURFACE_OF_LINEAR_EXTRUSION('',#9030,#9034);
#9030 = B_SPLINE_CURVE_WITH_KNOTS('',2,(#9031,#9032,#9033),
  .UNSPECIFIED.,.F.,.F.,(3,3),(0.,1.),.PIECEWISE_BEZIER_KNOTS.);
#9031 = CARTESIAN_POINT('',(-7.881334459459,24.46265015015,3.));
#9032 = CARTESIAN_POINT('',(-8.302834084084,24.528528528529,3.));
#9033 = CARTESIAN_POINT('',(-8.902449324324,24.528528528529,3.));
#9034 = VECTOR('',#9035,1.);
#9035 = DIRECTION('',(0.,0.,1.));
#9036 = ADVANCED_FACE('',(#9037),#9055,.T.);
#9037 = FACE_BOUND('',#9038,.T.);
#9038 = EDGE_LOOP('',(#9039,#9047,#9048,#9049));
#9039 = ORIENTED_EDGE('',*,*,#9040,.T.);
#9040 = EDGE_CURVE('',#9041,#8108,#9043,.T.);
#9041 = VERTEX_POINT('',#9042);
#9042 = CARTESIAN_POINT('',(-7.272569444444,24.303444069069,3.));
#9043 = LINE('',#9044,#9045);
#9044 = CARTESIAN_POINT('',(-7.272569444444,24.303444069069,3.));
#9045 = VECTOR('',#9046,1.);
#9046 = DIRECTION('',(-0.,-0.,-1.));
#9047 = ORIENTED_EDGE('',*,*,#8107,.T.);
#9048 = ORIENTED_EDGE('',*,*,#9014,.F.);
#9049 = ORIENTED_EDGE('',*,*,#9050,.F.);
#9050 = EDGE_CURVE('',#9041,#9015,#9051,.T.);
#9051 = B_SPLINE_CURVE_WITH_KNOTS('',2,(#9052,#9053,#9054),
  .UNSPECIFIED.,.F.,.F.,(3,3),(0.,1.),.PIECEWISE_BEZIER_KNOTS.);
#9052 = CARTESIAN_POINT('',(-7.272569444444,24.303444069069,3.));
#9053 = CARTESIAN_POINT('',(-7.459834834835,24.397381756757,3.));
#9054 = CARTESIAN_POINT('',(-7.881334459459,24.46265015015,3.));
#9055 = SURFACE_OF_LINEAR_EXTRUSION('',#9056,#9060);
#9056 = B_SPLINE_CURVE_WITH_KNOTS('',2,(#9057,#9058,#9059),
  .UNSPECIFIED.,.F.,.F.,(3,3),(0.,1.),.PIECEWISE_BEZIER_KNOTS.);
#9057 = CARTESIAN_POINT('',(-7.272569444444,24.303444069069,3.));
#9058 = CARTESIAN_POINT('',(-7.459834834835,24.397381756757,3.));
#9059 = CARTESIAN_POINT('',(-7.881334459459,24.46265015015,3.));
#9060 = VECTOR('',#9061,1.);
#9061 = DIRECTION('',(0.,0.,1.));
#9062 = ADVANCED_FACE('',(#9063),#9081,.T.);
#9063 = FACE_BOUND('',#9064,.T.);
#9064 = EDGE_LOOP('',(#9065,#9073,#9074,#9075));
#9065 = ORIENTED_EDGE('',*,*,#9066,.T.);
#9066 = EDGE_CURVE('',#9067,#8116,#9069,.T.);
#9067 = VERTEX_POINT('',#9068);
#9068 = CARTESIAN_POINT('',(-7.272569444444,21.380396021021,3.));
#9069 = LINE('',#9070,#9071);
#9070 = CARTESIAN_POINT('',(-7.272569444444,21.380396021021,3.));
#9071 = VECTOR('',#9072,1.);
#9072 = DIRECTION('',(-0.,-0.,-1.));
#9073 = ORIENTED_EDGE('',*,*,#8115,.T.);
#9074 = ORIENTED_EDGE('',*,*,#9040,.F.);
#9075 = ORIENTED_EDGE('',*,*,#9076,.F.);
#9076 = EDGE_CURVE('',#9067,#9041,#9077,.T.);
#9077 = LINE('',#9078,#9079);
#9078 = CARTESIAN_POINT('',(-7.272569444444,21.380396021021,3.));
#9079 = VECTOR('',#9080,1.);
#9080 = DIRECTION('',(0.,1.,0.));
#9081 = PLANE('',#9082);
#9082 = AXIS2_PLACEMENT_3D('',#9083,#9084,#9085);
#9083 = CARTESIAN_POINT('',(-7.272569444444,21.380396021021,3.));
#9084 = DIRECTION('',(1.,0.,0.));
#9085 = DIRECTION('',(0.,1.,0.));
#9086 = ADVANCED_FACE('',(#9087),#9098,.T.);
#9087 = FACE_BOUND('',#9088,.T.);
#9088 = EDGE_LOOP('',(#9089,#9090,#9091,#9092));
#9089 = ORIENTED_EDGE('',*,*,#8834,.T.);
#9090 = ORIENTED_EDGE('',*,*,#8123,.T.);
#9091 = ORIENTED_EDGE('',*,*,#9066,.F.);
#9092 = ORIENTED_EDGE('',*,*,#9093,.F.);
#9093 = EDGE_CURVE('',#8835,#9067,#9094,.T.);
#9094 = B_SPLINE_CURVE_WITH_KNOTS('',2,(#9095,#9096,#9097),
  .UNSPECIFIED.,.F.,.F.,(3,3),(0.,1.),.PIECEWISE_BEZIER_KNOTS.);
#9095 = CARTESIAN_POINT('',(-8.069209834835,21.277308558559,3.));
#9096 = CARTESIAN_POINT('',(-7.590981606607,21.305367867868,3.));
#9097 = CARTESIAN_POINT('',(-7.272569444444,21.380396021021,3.));
#9098 = SURFACE_OF_LINEAR_EXTRUSION('',#9099,#9103);
#9099 = B_SPLINE_CURVE_WITH_KNOTS('',2,(#9100,#9101,#9102),
  .UNSPECIFIED.,.F.,.F.,(3,3),(0.,1.),.PIECEWISE_BEZIER_KNOTS.);
#9100 = CARTESIAN_POINT('',(-8.069209834835,21.277308558559,3.));
#9101 = CARTESIAN_POINT('',(-7.590981606607,21.305367867868,3.));
#9102 = CARTESIAN_POINT('',(-7.272569444444,21.380396021021,3.));
#9103 = VECTOR('',#9104,1.);
#9104 = DIRECTION('',(0.,0.,1.));
#9105 = ADVANCED_FACE('',(#9106),#9131,.T.);
#9106 = FACE_BOUND('',#9107,.T.);
#9107 = EDGE_LOOP('',(#9108,#9116,#9117,#9125));
#9108 = ORIENTED_EDGE('',*,*,#9109,.T.);
#9109 = EDGE_CURVE('',#9110,#8265,#9112,.T.);
#9110 = VERTEX_POINT('',#9111);
#9111 = CARTESIAN_POINT('',(34.239864964865,15.04420045045,3.));
#9112 = LINE('',#9113,#9114);
#9113 = CARTESIAN_POINT('',(34.239864964865,15.04420045045,3.));
#9114 = VECTOR('',#9115,1.);
#9115 = DIRECTION('',(-0.,-0.,-1.));
#9116 = ORIENTED_EDGE('',*,*,#8264,.T.);
#9117 = ORIENTED_EDGE('',*,*,#9118,.F.);
#9118 = EDGE_CURVE('',#9119,#8267,#9121,.T.);
#9119 = VERTEX_POINT('',#9120);
#9120 = CARTESIAN_POINT('',(33.716497847748,14.423704954955,3.));
#9121 = LINE('',#9122,#9123);
#9122 = CARTESIAN_POINT('',(33.716497847748,14.423704954955,3.));
#9123 = VECTOR('',#9124,1.);
#9124 = DIRECTION('',(-0.,-0.,-1.));
#9125 = ORIENTED_EDGE('',*,*,#9126,.F.);
#9126 = EDGE_CURVE('',#9110,#9119,#9127,.T.);
#9127 = B_SPLINE_CURVE_WITH_KNOTS('',2,(#9128,#9129,#9130),
  .UNSPECIFIED.,.F.,.F.,(3,3),(0.,1.),.PIECEWISE_BEZIER_KNOTS.);
#9128 = CARTESIAN_POINT('',(34.239864964865,15.04420045045,3.));
#9129 = CARTESIAN_POINT('',(33.980292892793,14.76661036036,3.));
#9130 = CARTESIAN_POINT('',(33.716497847748,14.423704954955,3.));
#9131 = SURFACE_OF_LINEAR_EXTRUSION('',#9132,#9136);
#9132 = B_SPLINE_CURVE_WITH_KNOTS('',2,(#9133,#9134,#9135),
  .UNSPECIFIED.,.F.,.F.,(3,3),(0.,1.),.PIECEWISE_BEZIER_KNOTS.);
#9133 = CARTESIAN_POINT('',(34.239864964865,15.04420045045,3.));
#9134 = CARTESIAN_POINT('',(33.980292892793,14.76661036036,3.));
#9135 = CARTESIAN_POINT('',(33.716497847748,14.423704954955,3.));
#9136 = VECTOR('',#9137,1.);
#9137 = DIRECTION('',(0.,0.,1.));
#9138 = ADVANCED_FACE('',(#9139),#9157,.T.);
#9139 = FACE_BOUND('',#9140,.T.);
#9140 = EDGE_LOOP('',(#9141,#9149,#9150,#9151));
#9141 = ORIENTED_EDGE('',*,*,#9142,.T.);
#9142 = EDGE_CURVE('',#9143,#8275,#9145,.T.);
#9143 = VERTEX_POINT('',#9144);
#9144 = CARTESIAN_POINT('',(34.239864964865,12.18018018018,3.));
#9145 = LINE('',#9146,#9147);
#9146 = CARTESIAN_POINT('',(34.239864964865,12.18018018018,3.));
#9147 = VECTOR('',#9148,1.);
#9148 = DIRECTION('',(-0.,-0.,-1.));
#9149 = ORIENTED_EDGE('',*,*,#8274,.T.);
#9150 = ORIENTED_EDGE('',*,*,#9109,.F.);
#9151 = ORIENTED_EDGE('',*,*,#9152,.F.);
#9152 = EDGE_CURVE('',#9143,#9110,#9153,.T.);
#9153 = LINE('',#9154,#9155);
#9154 = CARTESIAN_POINT('',(34.239864964865,12.18018018018,3.));
#9155 = VECTOR('',#9156,1.);
#9156 = DIRECTION('',(0.,1.,0.));
#9157 = PLANE('',#9158);
#9158 = AXIS2_PLACEMENT_3D('',#9159,#9160,#9161);
#9159 = CARTESIAN_POINT('',(34.239864964865,12.18018018018,3.));
#9160 = DIRECTION('',(1.,0.,0.));
#9161 = DIRECTION('',(-0.,1.,0.));
#9162 = ADVANCED_FACE('',(#9163),#9181,.T.);
#9163 = FACE_BOUND('',#9164,.T.);
#9164 = EDGE_LOOP('',(#9165,#9173,#9174,#9175));
#9165 = ORIENTED_EDGE('',*,*,#9166,.T.);
#9166 = EDGE_CURVE('',#9167,#8283,#9169,.T.);
#9167 = VERTEX_POINT('',#9168);
#9168 = CARTESIAN_POINT('',(32.337274874775,12.18018018018,3.));
#9169 = LINE('',#9170,#9171);
#9170 = CARTESIAN_POINT('',(32.337274874775,12.18018018018,3.));
#9171 = VECTOR('',#9172,1.);
#9172 = DIRECTION('',(-0.,-0.,-1.));
#9173 = ORIENTED_EDGE('',*,*,#8282,.T.);
#9174 = ORIENTED_EDGE('',*,*,#9142,.F.);
#9175 = ORIENTED_EDGE('',*,*,#9176,.F.);
#9176 = EDGE_CURVE('',#9167,#9143,#9177,.T.);
#9177 = LINE('',#9178,#9179);
#9178 = CARTESIAN_POINT('',(32.337274874775,12.18018018018,3.));
#9179 = VECTOR('',#9180,1.);
#9180 = DIRECTION('',(1.,0.,0.));
#9181 = PLANE('',#9182);
#9182 = AXIS2_PLACEMENT_3D('',#9183,#9184,#9185);
#9183 = CARTESIAN_POINT('',(32.337274874775,12.18018018018,3.));
#9184 = DIRECTION('',(0.,-1.,0.));
#9185 = DIRECTION('',(1.,0.,0.));
#9186 = ADVANCED_FACE('',(#9187),#9205,.T.);
#9187 = FACE_BOUND('',#9188,.T.);
#9188 = EDGE_LOOP('',(#9189,#9197,#9198,#9199));
#9189 = ORIENTED_EDGE('',*,*,#9190,.T.);
#9190 = EDGE_CURVE('',#9191,#8291,#9193,.T.);
#9191 = VERTEX_POINT('',#9192);
#9192 = CARTESIAN_POINT('',(32.730574424324,12.943975225225,3.));
#9193 = LINE('',#9194,#9195);
#9194 = CARTESIAN_POINT('',(32.730574424324,12.943975225225,3.));
#9195 = VECTOR('',#9196,1.);
#9196 = DIRECTION('',(-0.,-0.,-1.));
#9197 = ORIENTED_EDGE('',*,*,#8290,.T.);
#9198 = ORIENTED_EDGE('',*,*,#9166,.F.);
#9199 = ORIENTED_EDGE('',*,*,#9200,.F.);
#9200 = EDGE_CURVE('',#9191,#9167,#9201,.T.);
#9201 = B_SPLINE_CURVE_WITH_KNOTS('',2,(#9202,#9203,#9204),
  .UNSPECIFIED.,.F.,.F.,(3,3),(0.,1.),.PIECEWISE_BEZIER_KNOTS.);
#9202 = CARTESIAN_POINT('',(32.730574424324,12.943975225225,3.));
#9203 = CARTESIAN_POINT('',(32.510135235135,12.553490990991,3.));
#9204 = CARTESIAN_POINT('',(32.337274874775,12.18018018018,3.));
#9205 = SURFACE_OF_LINEAR_EXTRUSION('',#9206,#9210);
#9206 = B_SPLINE_CURVE_WITH_KNOTS('',2,(#9207,#9208,#9209),
  .UNSPECIFIED.,.F.,.F.,(3,3),(0.,1.),.PIECEWISE_BEZIER_KNOTS.);
#9207 = CARTESIAN_POINT('',(32.730574424324,12.943975225225,3.));
#9208 = CARTESIAN_POINT('',(32.510135235135,12.553490990991,3.));
#9209 = CARTESIAN_POINT('',(32.337274874775,12.18018018018,3.));
#9210 = VECTOR('',#9211,1.);
#9211 = DIRECTION('',(0.,0.,1.));
#9212 = ADVANCED_FACE('',(#9213),#9231,.T.);
#9213 = FACE_BOUND('',#9214,.T.);
#9214 = EDGE_LOOP('',(#9215,#9223,#9224,#9225));
#9215 = ORIENTED_EDGE('',*,*,#9216,.T.);
#9216 = EDGE_CURVE('',#9217,#8299,#9219,.T.);
#9217 = VERTEX_POINT('',#9218);
#9218 = CARTESIAN_POINT('',(33.20213973964,13.707488738739,3.));
#9219 = LINE('',#9220,#9221);
#9220 = CARTESIAN_POINT('',(33.20213973964,13.707488738739,3.));
#9221 = VECTOR('',#9222,1.);
#9222 = DIRECTION('',(-0.,-0.,-1.));
#9223 = ORIENTED_EDGE('',*,*,#8298,.T.);
#9224 = ORIENTED_EDGE('',*,*,#9190,.F.);
#9225 = ORIENTED_EDGE('',*,*,#9226,.F.);
#9226 = EDGE_CURVE('',#9217,#9191,#9227,.T.);
#9227 = B_SPLINE_CURVE_WITH_KNOTS('',2,(#9228,#9229,#9230),
  .UNSPECIFIED.,.F.,.F.,(3,3),(0.,1.),.PIECEWISE_BEZIER_KNOTS.);
#9228 = CARTESIAN_POINT('',(33.20213973964,13.707488738739,3.));
#9229 = CARTESIAN_POINT('',(32.951295145045,13.334459459459,3.));
#9230 = CARTESIAN_POINT('',(32.730574424324,12.943975225225,3.));
#9231 = SURFACE_OF_LINEAR_EXTRUSION('',#9232,#9236);
#9232 = B_SPLINE_CURVE_WITH_KNOTS('',2,(#9233,#9234,#9235),
  .UNSPECIFIED.,.F.,.F.,(3,3),(0.,1.),.PIECEWISE_BEZIER_KNOTS.);
#9233 = CARTESIAN_POINT('',(33.20213973964,13.707488738739,3.));
#9234 = CARTESIAN_POINT('',(32.951295145045,13.334459459459,3.));
#9235 = CARTESIAN_POINT('',(32.730574424324,12.943975225225,3.));
#9236 = VECTOR('',#9237,1.);
#9237 = DIRECTION('',(0.,0.,1.));
#9238 = ADVANCED_FACE('',(#9239),#9250,.T.);
#9239 = FACE_BOUND('',#9240,.T.);
#9240 = EDGE_LOOP('',(#9241,#9242,#9243,#9244));
#9241 = ORIENTED_EDGE('',*,*,#9118,.T.);
#9242 = ORIENTED_EDGE('',*,*,#8306,.T.);
#9243 = ORIENTED_EDGE('',*,*,#9216,.F.);
#9244 = ORIENTED_EDGE('',*,*,#9245,.F.);
#9245 = EDGE_CURVE('',#9119,#9217,#9246,.T.);
#9246 = B_SPLINE_CURVE_WITH_KNOTS('',2,(#9247,#9248,#9249),
  .UNSPECIFIED.,.F.,.F.,(3,3),(0.,1.),.PIECEWISE_BEZIER_KNOTS.);
#9247 = CARTESIAN_POINT('',(33.716497847748,14.423704954955,3.));
#9248 = CARTESIAN_POINT('',(33.452984334234,14.08079954955,3.));
#9249 = CARTESIAN_POINT('',(33.20213973964,13.707488738739,3.));
#9250 = SURFACE_OF_LINEAR_EXTRUSION('',#9251,#9255);
#9251 = B_SPLINE_CURVE_WITH_KNOTS('',2,(#9252,#9253,#9254),
  .UNSPECIFIED.,.F.,.F.,(3,3),(0.,1.),.PIECEWISE_BEZIER_KNOTS.);
#9252 = CARTESIAN_POINT('',(33.716497847748,14.423704954955,3.));
#9253 = CARTESIAN_POINT('',(33.452984334234,14.08079954955,3.));
#9254 = CARTESIAN_POINT('',(33.20213973964,13.707488738739,3.));
#9255 = VECTOR('',#9256,1.);
#9256 = DIRECTION('',(0.,0.,1.));
#9257 = ADVANCED_FACE('',(#9258),#9283,.T.);
#9258 = FACE_BOUND('',#9259,.T.);
#9259 = EDGE_LOOP('',(#9260,#9268,#9269,#9277));
#9260 = ORIENTED_EDGE('',*,*,#9261,.T.);
#9261 = EDGE_CURVE('',#9262,#8370,#9264,.T.);
#9262 = VERTEX_POINT('',#9263);
#9263 = CARTESIAN_POINT('',(10.02172484985,26.051051051051,3.));
#9264 = LINE('',#9265,#9266);
#9265 = CARTESIAN_POINT('',(10.02172484985,26.051051051051,3.));
#9266 = VECTOR('',#9267,1.);
#9267 = DIRECTION('',(-0.,-0.,-1.));
#9268 = ORIENTED_EDGE('',*,*,#8369,.T.);
#9269 = ORIENTED_EDGE('',*,*,#9270,.F.);
#9270 = EDGE_CURVE('',#9271,#8372,#9273,.T.);
#9271 = VERTEX_POINT('',#9272);
#9272 = CARTESIAN_POINT('',(10.02172484985,21.480433558559,3.));
#9273 = LINE('',#9274,#9275);
#9274 = CARTESIAN_POINT('',(10.02172484985,21.480433558559,3.));
#9275 = VECTOR('',#9276,1.);
#9276 = DIRECTION('',(-0.,-0.,-1.));
#9277 = ORIENTED_EDGE('',*,*,#9278,.F.);
#9278 = EDGE_CURVE('',#9262,#9271,#9279,.T.);
#9279 = LINE('',#9280,#9281);
#9280 = CARTESIAN_POINT('',(10.02172484985,26.051051051051,3.));
#9281 = VECTOR('',#9282,1.);
#9282 = DIRECTION('',(0.,-1.,0.));
#9283 = PLANE('',#9284);
#9284 = AXIS2_PLACEMENT_3D('',#9285,#9286,#9287);
#9285 = CARTESIAN_POINT('',(10.02172484985,26.051051051051,3.));
#9286 = DIRECTION('',(-1.,0.,0.));
#9287 = DIRECTION('',(0.,-1.,0.));
#9288 = ADVANCED_FACE('',(#9289),#9307,.T.);
#9289 = FACE_BOUND('',#9290,.T.);
#9290 = EDGE_LOOP('',(#9291,#9299,#9300,#9301));
#9291 = ORIENTED_EDGE('',*,*,#9292,.T.);
#9292 = EDGE_CURVE('',#9293,#8380,#9295,.T.);
#9293 = VERTEX_POINT('',#9294);
#9294 = CARTESIAN_POINT('',(12.364067192192,26.051051051051,3.));
#9295 = LINE('',#9296,#9297);
#9296 = CARTESIAN_POINT('',(12.364067192192,26.051051051051,3.));
#9297 = VECTOR('',#9298,1.);
#9298 = DIRECTION('',(-0.,-0.,-1.));
#9299 = ORIENTED_EDGE('',*,*,#8379,.T.);
#9300 = ORIENTED_EDGE('',*,*,#9261,.F.);
#9301 = ORIENTED_EDGE('',*,*,#9302,.F.);
#9302 = EDGE_CURVE('',#9293,#9262,#9303,.T.);
#9303 = LINE('',#9304,#9305);
#9304 = CARTESIAN_POINT('',(12.364067192192,26.051051051051,3.));
#9305 = VECTOR('',#9306,1.);
#9306 = DIRECTION('',(-1.,0.,0.));
#9307 = PLANE('',#9308);
#9308 = AXIS2_PLACEMENT_3D('',#9309,#9310,#9311);
#9309 = CARTESIAN_POINT('',(12.364067192192,26.051051051051,3.));
#9310 = DIRECTION('',(0.,1.,0.));
#9311 = DIRECTION('',(-1.,0.,0.));
#9312 = ADVANCED_FACE('',(#9313),#9331,.T.);
#9313 = FACE_BOUND('',#9314,.T.);
#9314 = EDGE_LOOP('',(#9315,#9323,#9324,#9325));
#9315 = ORIENTED_EDGE('',*,*,#9316,.T.);
#9316 = EDGE_CURVE('',#9317,#8388,#9319,.T.);
#9317 = VERTEX_POINT('',#9318);
#9318 = CARTESIAN_POINT('',(13.787772147147,25.938203828829,3.));
#9319 = LINE('',#9320,#9321);
#9320 = CARTESIAN_POINT('',(13.787772147147,25.938203828829,3.));
#9321 = VECTOR('',#9322,1.);
#9322 = DIRECTION('',(-0.,-0.,-1.));
#9323 = ORIENTED_EDGE('',*,*,#8387,.T.);
#9324 = ORIENTED_EDGE('',*,*,#9292,.F.);
#9325 = ORIENTED_EDGE('',*,*,#9326,.F.);
#9326 = EDGE_CURVE('',#9317,#9293,#9327,.T.);
#9327 = B_SPLINE_CURVE_WITH_KNOTS('',2,(#9328,#9329,#9330),
  .UNSPECIFIED.,.F.,.F.,(3,3),(0.,1.),.PIECEWISE_BEZIER_KNOTS.);
#9328 = CARTESIAN_POINT('',(13.787772147147,25.938203828829,3.));
#9329 = CARTESIAN_POINT('',(13.150947822823,26.051051051051,3.));
#9330 = CARTESIAN_POINT('',(12.364067192192,26.051051051051,3.));
#9331 = SURFACE_OF_LINEAR_EXTRUSION('',#9332,#9336);
#9332 = B_SPLINE_CURVE_WITH_KNOTS('',2,(#9333,#9334,#9335),
  .UNSPECIFIED.,.F.,.F.,(3,3),(0.,1.),.PIECEWISE_BEZIER_KNOTS.);
#9333 = CARTESIAN_POINT('',(13.787772147147,25.938203828829,3.));
#9334 = CARTESIAN_POINT('',(13.150947822823,26.051051051051,3.));
#9335 = CARTESIAN_POINT('',(12.364067192192,26.051051051051,3.));
#9336 = VECTOR('',#9337,1.);
#9337 = DIRECTION('',(0.,0.,1.));
#9338 = ADVANCED_FACE('',(#9339),#9357,.T.);
#9339 = FACE_BOUND('',#9340,.T.);
#9340 = EDGE_LOOP('',(#9341,#9349,#9350,#9351));
#9341 = ORIENTED_EDGE('',*,*,#9342,.T.);
#9342 = EDGE_CURVE('',#9343,#8396,#9345,.T.);
#9343 = VERTEX_POINT('',#9344);
#9344 = CARTESIAN_POINT('',(14.883915165165,25.563673048048,3.));
#9345 = LINE('',#9346,#9347);
#9346 = CARTESIAN_POINT('',(14.883915165165,25.563673048048,3.));
#9347 = VECTOR('',#9348,1.);
#9348 = DIRECTION('',(-0.,-0.,-1.));
#9349 = ORIENTED_EDGE('',*,*,#8395,.T.);
#9350 = ORIENTED_EDGE('',*,*,#9316,.F.);
#9351 = ORIENTED_EDGE('',*,*,#9352,.F.);
#9352 = EDGE_CURVE('',#9343,#9317,#9353,.T.);
#9353 = B_SPLINE_CURVE_WITH_KNOTS('',2,(#9354,#9355,#9356),
  .UNSPECIFIED.,.F.,.F.,(3,3),(0.,1.),.PIECEWISE_BEZIER_KNOTS.);
#9354 = CARTESIAN_POINT('',(14.883915165165,25.563673048048,3.));
#9355 = CARTESIAN_POINT('',(14.425206456456,25.825966591592,3.));
#9356 = CARTESIAN_POINT('',(13.787772147147,25.938203828829,3.));
#9357 = SURFACE_OF_LINEAR_EXTRUSION('',#9358,#9362);
#9358 = B_SPLINE_CURVE_WITH_KNOTS('',2,(#9359,#9360,#9361),
  .UNSPECIFIED.,.F.,.F.,(3,3),(0.,1.),.PIECEWISE_BEZIER_KNOTS.);
#9359 = CARTESIAN_POINT('',(14.883915165165,25.563673048048,3.));
#9360 = CARTESIAN_POINT('',(14.425206456456,25.825966591592,3.));
#9361 = CARTESIAN_POINT('',(13.787772147147,25.938203828829,3.));
#9362 = VECTOR('',#9363,1.);
#9363 = DIRECTION('',(0.,0.,1.));
#9364 = ADVANCED_FACE('',(#9365),#9383,.T.);
#9365 = FACE_BOUND('',#9366,.T.);
#9366 = EDGE_LOOP('',(#9367,#9375,#9376,#9377));
#9367 = ORIENTED_EDGE('',*,*,#9368,.T.);
#9368 = EDGE_CURVE('',#9369,#8404,#9371,.T.);
#9369 = VERTEX_POINT('',#9370);
#9370 = CARTESIAN_POINT('',(15.586617867868,24.86158033033,3.));
#9371 = LINE('',#9372,#9373);
#9372 = CARTESIAN_POINT('',(15.586617867868,24.86158033033,3.));
#9373 = VECTOR('',#9374,1.);
#9374 = DIRECTION('',(-0.,-0.,-1.));
#9375 = ORIENTED_EDGE('',*,*,#8403,.T.);
#9376 = ORIENTED_EDGE('',*,*,#9342,.F.);
#9377 = ORIENTED_EDGE('',*,*,#9378,.F.);
#9378 = EDGE_CURVE('',#9369,#9343,#9379,.T.);
#9379 = B_SPLINE_CURVE_WITH_KNOTS('',2,(#9380,#9381,#9382),
  .UNSPECIFIED.,.F.,.F.,(3,3),(0.,1.),.PIECEWISE_BEZIER_KNOTS.);
#9380 = CARTESIAN_POINT('',(15.586617867868,24.86158033033,3.));
#9381 = CARTESIAN_POINT('',(15.343233858859,25.301989489489,3.));
#9382 = CARTESIAN_POINT('',(14.883915165165,25.563673048048,3.));
#9383 = SURFACE_OF_LINEAR_EXTRUSION('',#9384,#9388);
#9384 = B_SPLINE_CURVE_WITH_KNOTS('',2,(#9385,#9386,#9387),
  .UNSPECIFIED.,.F.,.F.,(3,3),(0.,1.),.PIECEWISE_BEZIER_KNOTS.);
#9385 = CARTESIAN_POINT('',(15.586617867868,24.86158033033,3.));
#9386 = CARTESIAN_POINT('',(15.343233858859,25.301989489489,3.));
#9387 = CARTESIAN_POINT('',(14.883915165165,25.563673048048,3.));
#9388 = VECTOR('',#9389,1.);
#9389 = DIRECTION('',(0.,0.,1.));
#9390 = ADVANCED_FACE('',(#9391),#9409,.T.);
#9391 = FACE_BOUND('',#9392,.T.);
#9392 = EDGE_LOOP('',(#9393,#9401,#9402,#9403));
#9393 = ORIENTED_EDGE('',*,*,#9394,.T.);
#9394 = EDGE_CURVE('',#9395,#8412,#9397,.T.);
#9395 = VERTEX_POINT('',#9396);
#9396 = CARTESIAN_POINT('',(15.830611861862,23.784346846847,3.));
#9397 = LINE('',#9398,#9399);
#9398 = CARTESIAN_POINT('',(15.830611861862,23.784346846847,3.));
#9399 = VECTOR('',#9400,1.);
#9400 = DIRECTION('',(-0.,-0.,-1.));
#9401 = ORIENTED_EDGE('',*,*,#8411,.T.);
#9402 = ORIENTED_EDGE('',*,*,#9368,.F.);
#9403 = ORIENTED_EDGE('',*,*,#9404,.F.);
#9404 = EDGE_CURVE('',#9395,#9369,#9405,.T.);
#9405 = B_SPLINE_CURVE_WITH_KNOTS('',2,(#9406,#9407,#9408),
  .UNSPECIFIED.,.F.,.F.,(3,3),(0.,1.),.PIECEWISE_BEZIER_KNOTS.);
#9406 = CARTESIAN_POINT('',(15.830611861862,23.784346846847,3.));
#9407 = CARTESIAN_POINT('',(15.830611861862,24.421171171171,3.));
#9408 = CARTESIAN_POINT('',(15.586617867868,24.86158033033,3.));
#9409 = SURFACE_OF_LINEAR_EXTRUSION('',#9410,#9414);
#9410 = B_SPLINE_CURVE_WITH_KNOTS('',2,(#9411,#9412,#9413),
  .UNSPECIFIED.,.F.,.F.,(3,3),(0.,1.),.PIECEWISE_BEZIER_KNOTS.);
#9411 = CARTESIAN_POINT('',(15.830611861862,23.784346846847,3.));
#9412 = CARTESIAN_POINT('',(15.830611861862,24.421171171171,3.));
#9413 = CARTESIAN_POINT('',(15.586617867868,24.86158033033,3.));
#9414 = VECTOR('',#9415,1.);
#9415 = DIRECTION('',(0.,0.,1.));
#9416 = ADVANCED_FACE('',(#9417),#9435,.T.);
#9417 = FACE_BOUND('',#9418,.T.);
#9418 = EDGE_LOOP('',(#9419,#9427,#9428,#9429));
#9419 = ORIENTED_EDGE('',*,*,#9420,.T.);
#9420 = EDGE_CURVE('',#9421,#8420,#9423,.T.);
#9421 = VERTEX_POINT('',#9422);
#9422 = CARTESIAN_POINT('',(15.50243993994,22.604025900901,3.));
#9423 = LINE('',#9424,#9425);
#9424 = CARTESIAN_POINT('',(15.50243993994,22.604025900901,3.));
#9425 = VECTOR('',#9426,1.);
#9426 = DIRECTION('',(-0.,-0.,-1.));
#9427 = ORIENTED_EDGE('',*,*,#8419,.T.);
#9428 = ORIENTED_EDGE('',*,*,#9394,.F.);
#9429 = ORIENTED_EDGE('',*,*,#9430,.F.);
#9430 = EDGE_CURVE('',#9421,#9395,#9431,.T.);
#9431 = B_SPLINE_CURVE_WITH_KNOTS('',2,(#9432,#9433,#9434),
  .UNSPECIFIED.,.F.,.F.,(3,3),(0.,1.),.PIECEWISE_BEZIER_KNOTS.);
#9432 = CARTESIAN_POINT('',(15.50243993994,22.604025900901,3.));
#9433 = CARTESIAN_POINT('',(15.830611861862,23.072494369369,3.));
#9434 = CARTESIAN_POINT('',(15.830611861862,23.784346846847,3.));
#9435 = SURFACE_OF_LINEAR_EXTRUSION('',#9436,#9440);
#9436 = B_SPLINE_CURVE_WITH_KNOTS('',2,(#9437,#9438,#9439),
  .UNSPECIFIED.,.F.,.F.,(3,3),(0.,1.),.PIECEWISE_BEZIER_KNOTS.);
#9437 = CARTESIAN_POINT('',(15.50243993994,22.604025900901,3.));
#9438 = CARTESIAN_POINT('',(15.830611861862,23.072494369369,3.));
#9439 = CARTESIAN_POINT('',(15.830611861862,23.784346846847,3.));
#9440 = VECTOR('',#9441,1.);
#9441 = DIRECTION('',(0.,0.,1.));
#9442 = ADVANCED_FACE('',(#9443),#9461,.T.);
#9443 = FACE_BOUND('',#9444,.T.);
#9444 = EDGE_LOOP('',(#9445,#9453,#9454,#9455));
#9445 = ORIENTED_EDGE('',*,*,#9446,.T.);
#9446 = EDGE_CURVE('',#9447,#8428,#9449,.T.);
#9447 = VERTEX_POINT('',#9448);
#9448 = CARTESIAN_POINT('',(14.631381381381,21.873873873874,3.));
#9449 = LINE('',#9450,#9451);
#9450 = CARTESIAN_POINT('',(14.631381381381,21.873873873874,3.));
#9451 = VECTOR('',#9452,1.);
#9452 = DIRECTION('',(-0.,-0.,-1.));
#9453 = ORIENTED_EDGE('',*,*,#8427,.T.);
#9454 = ORIENTED_EDGE('',*,*,#9420,.F.);
#9455 = ORIENTED_EDGE('',*,*,#9456,.F.);
#9456 = EDGE_CURVE('',#9447,#9421,#9457,.T.);
#9457 = B_SPLINE_CURVE_WITH_KNOTS('',2,(#9458,#9459,#9460),
  .UNSPECIFIED.,.F.,.F.,(3,3),(0.,1.),.PIECEWISE_BEZIER_KNOTS.);
#9458 = CARTESIAN_POINT('',(14.631381381381,21.873873873874,3.));
#9459 = CARTESIAN_POINT('',(15.174878003003,22.136167417417,3.));
#9460 = CARTESIAN_POINT('',(15.50243993994,22.604025900901,3.));
#9461 = SURFACE_OF_LINEAR_EXTRUSION('',#9462,#9466);
#9462 = B_SPLINE_CURVE_WITH_KNOTS('',2,(#9463,#9464,#9465),
  .UNSPECIFIED.,.F.,.F.,(3,3),(0.,1.),.PIECEWISE_BEZIER_KNOTS.);
#9463 = CARTESIAN_POINT('',(14.631381381381,21.873873873874,3.));
#9464 = CARTESIAN_POINT('',(15.174878003003,22.136167417417,3.));
#9465 = CARTESIAN_POINT('',(15.50243993994,22.604025900901,3.));
#9466 = VECTOR('',#9467,1.);
#9467 = DIRECTION('',(0.,0.,1.));
#9468 = ADVANCED_FACE('',(#9469),#9487,.T.);
#9469 = FACE_BOUND('',#9470,.T.);
#9470 = EDGE_LOOP('',(#9471,#9479,#9480,#9481));
#9471 = ORIENTED_EDGE('',*,*,#9472,.T.);
#9472 = EDGE_CURVE('',#9473,#8436,#9475,.T.);
#9473 = VERTEX_POINT('',#9474);
#9474 = CARTESIAN_POINT('',(13.366272522523,21.508492867868,3.));
#9475 = LINE('',#9476,#9477);
#9476 = CARTESIAN_POINT('',(13.366272522523,21.508492867868,3.));
#9477 = VECTOR('',#9478,1.);
#9478 = DIRECTION('',(-0.,-0.,-1.));
#9479 = ORIENTED_EDGE('',*,*,#8435,.T.);
#9480 = ORIENTED_EDGE('',*,*,#9446,.F.);
#9481 = ORIENTED_EDGE('',*,*,#9482,.F.);
#9482 = EDGE_CURVE('',#9473,#9447,#9483,.T.);
#9483 = B_SPLINE_CURVE_WITH_KNOTS('',2,(#9484,#9485,#9486),
  .UNSPECIFIED.,.F.,.F.,(3,3),(0.,1.),.PIECEWISE_BEZIER_KNOTS.);
#9484 = CARTESIAN_POINT('',(13.366272522523,21.508492867868,3.));
#9485 = CARTESIAN_POINT('',(14.08788475976,21.61158033033,3.));
#9486 = CARTESIAN_POINT('',(14.631381381381,21.873873873874,3.));
#9487 = SURFACE_OF_LINEAR_EXTRUSION('',#9488,#9492);
#9488 = B_SPLINE_CURVE_WITH_KNOTS('',2,(#9489,#9490,#9491),
  .UNSPECIFIED.,.F.,.F.,(3,3),(0.,1.),.PIECEWISE_BEZIER_KNOTS.);
#9489 = CARTESIAN_POINT('',(13.366272522523,21.508492867868,3.));
#9490 = CARTESIAN_POINT('',(14.08788475976,21.61158033033,3.));
#9491 = CARTESIAN_POINT('',(14.631381381381,21.873873873874,3.));
#9492 = VECTOR('',#9493,1.);
#9493 = DIRECTION('',(0.,0.,1.));
#9494 = ADVANCED_FACE('',(#9495),#9513,.T.);
#9495 = FACE_BOUND('',#9496,.T.);
#9496 = EDGE_LOOP('',(#9497,#9505,#9506,#9507));
#9497 = ORIENTED_EDGE('',*,*,#9498,.T.);
#9498 = EDGE_CURVE('',#9499,#8444,#9501,.T.);
#9499 = VERTEX_POINT('',#9500);
#9500 = CARTESIAN_POINT('',(11.839480105105,21.405405405405,3.));
#9501 = LINE('',#9502,#9503);
#9502 = CARTESIAN_POINT('',(11.839480105105,21.405405405405,3.));
#9503 = VECTOR('',#9504,1.);
#9504 = DIRECTION('',(-0.,-0.,-1.));
#9505 = ORIENTED_EDGE('',*,*,#8443,.T.);
#9506 = ORIENTED_EDGE('',*,*,#9472,.F.);
#9507 = ORIENTED_EDGE('',*,*,#9508,.F.);
#9508 = EDGE_CURVE('',#9499,#9473,#9509,.T.);
#9509 = B_SPLINE_CURVE_WITH_KNOTS('',2,(#9510,#9511,#9512),
  .UNSPECIFIED.,.F.,.F.,(3,3),(0.,1.),.PIECEWISE_BEZIER_KNOTS.);
#9510 = CARTESIAN_POINT('',(11.839480105105,21.405405405405,3.));
#9511 = CARTESIAN_POINT('',(12.64527027027,21.405405405405,3.));
#9512 = CARTESIAN_POINT('',(13.366272522523,21.508492867868,3.));
#9513 = SURFACE_OF_LINEAR_EXTRUSION('',#9514,#9518);
#9514 = B_SPLINE_CURVE_WITH_KNOTS('',2,(#9515,#9516,#9517),
  .UNSPECIFIED.,.F.,.F.,(3,3),(0.,1.),.PIECEWISE_BEZIER_KNOTS.);
#9515 = CARTESIAN_POINT('',(11.839480105105,21.405405405405,3.));
#9516 = CARTESIAN_POINT('',(12.64527027027,21.405405405405,3.));
#9517 = CARTESIAN_POINT('',(13.366272522523,21.508492867868,3.));
#9518 = VECTOR('',#9519,1.);
#9519 = DIRECTION('',(0.,0.,1.));
#9520 = ADVANCED_FACE('',(#9521),#9539,.T.);
#9521 = FACE_BOUND('',#9522,.T.);
#9522 = EDGE_LOOP('',(#9523,#9531,#9532,#9533));
#9523 = ORIENTED_EDGE('',*,*,#9524,.T.);
#9524 = EDGE_CURVE('',#9525,#8452,#9527,.T.);
#9525 = VERTEX_POINT('',#9526);
#9526 = CARTESIAN_POINT('',(11.080048798799,21.41455518018,3.));
#9527 = LINE('',#9528,#9529);
#9528 = CARTESIAN_POINT('',(11.080048798799,21.41455518018,3.));
#9529 = VECTOR('',#9530,1.);
#9530 = DIRECTION('',(-0.,-0.,-1.));
#9531 = ORIENTED_EDGE('',*,*,#8451,.T.);
#9532 = ORIENTED_EDGE('',*,*,#9498,.F.);
#9533 = ORIENTED_EDGE('',*,*,#9534,.F.);
#9534 = EDGE_CURVE('',#9525,#9499,#9535,.T.);
#9535 = B_SPLINE_CURVE_WITH_KNOTS('',2,(#9536,#9537,#9538),
  .UNSPECIFIED.,.F.,.F.,(3,3),(0.,1.),.PIECEWISE_BEZIER_KNOTS.);
#9536 = CARTESIAN_POINT('',(11.080048798799,21.41455518018,3.));
#9537 = CARTESIAN_POINT('',(11.408220720721,21.405405405405,3.));
#9538 = CARTESIAN_POINT('',(11.839480105105,21.405405405405,3.));
#9539 = SURFACE_OF_LINEAR_EXTRUSION('',#9540,#9544);
#9540 = B_SPLINE_CURVE_WITH_KNOTS('',2,(#9541,#9542,#9543),
  .UNSPECIFIED.,.F.,.F.,(3,3),(0.,1.),.PIECEWISE_BEZIER_KNOTS.);
#9541 = CARTESIAN_POINT('',(11.080048798799,21.41455518018,3.));
#9542 = CARTESIAN_POINT('',(11.408220720721,21.405405405405,3.));
#9543 = CARTESIAN_POINT('',(11.839480105105,21.405405405405,3.));
#9544 = VECTOR('',#9545,1.);
#9545 = DIRECTION('',(0.,0.,1.));
#9546 = ADVANCED_FACE('',(#9547),#9565,.T.);
#9547 = FACE_BOUND('',#9548,.T.);
#9548 = EDGE_LOOP('',(#9549,#9557,#9558,#9559));
#9549 = ORIENTED_EDGE('',*,*,#9550,.T.);
#9550 = EDGE_CURVE('',#9551,#8460,#9553,.T.);
#9551 = VERTEX_POINT('',#9552);
#9552 = CARTESIAN_POINT('',(10.509102852853,21.443224474474,3.));
#9553 = LINE('',#9554,#9555);
#9554 = CARTESIAN_POINT('',(10.509102852853,21.443224474474,3.));
#9555 = VECTOR('',#9556,1.);
#9556 = DIRECTION('',(-0.,-0.,-1.));
#9557 = ORIENTED_EDGE('',*,*,#8459,.T.);
#9558 = ORIENTED_EDGE('',*,*,#9524,.F.);
#9559 = ORIENTED_EDGE('',*,*,#9560,.F.);
#9560 = EDGE_CURVE('',#9551,#9525,#9561,.T.);
#9561 = B_SPLINE_CURVE_WITH_KNOTS('',2,(#9562,#9563,#9564),
  .UNSPECIFIED.,.F.,.F.,(3,3),(0.,1.),.PIECEWISE_BEZIER_KNOTS.);
#9562 = CARTESIAN_POINT('',(10.509102852853,21.443224474474,3.));
#9563 = CARTESIAN_POINT('',(10.752486861862,21.42431493994,3.));
#9564 = CARTESIAN_POINT('',(11.080048798799,21.41455518018,3.));
#9565 = SURFACE_OF_LINEAR_EXTRUSION('',#9566,#9570);
#9566 = B_SPLINE_CURVE_WITH_KNOTS('',2,(#9567,#9568,#9569),
  .UNSPECIFIED.,.F.,.F.,(3,3),(0.,1.),.PIECEWISE_BEZIER_KNOTS.);
#9567 = CARTESIAN_POINT('',(10.509102852853,21.443224474474,3.));
#9568 = CARTESIAN_POINT('',(10.752486861862,21.42431493994,3.));
#9569 = CARTESIAN_POINT('',(11.080048798799,21.41455518018,3.));
#9570 = VECTOR('',#9571,1.);
#9571 = DIRECTION('',(0.,0.,1.));
#9572 = ADVANCED_FACE('',(#9573),#9584,.T.);
#9573 = FACE_BOUND('',#9574,.T.);
#9574 = EDGE_LOOP('',(#9575,#9576,#9577,#9578));
#9575 = ORIENTED_EDGE('',*,*,#9270,.T.);
#9576 = ORIENTED_EDGE('',*,*,#8467,.T.);
#9577 = ORIENTED_EDGE('',*,*,#9550,.F.);
#9578 = ORIENTED_EDGE('',*,*,#9579,.F.);
#9579 = EDGE_CURVE('',#9271,#9551,#9580,.T.);
#9580 = B_SPLINE_CURVE_WITH_KNOTS('',2,(#9581,#9582,#9583),
  .UNSPECIFIED.,.F.,.F.,(3,3),(0.,1.),.PIECEWISE_BEZIER_KNOTS.);
#9581 = CARTESIAN_POINT('',(10.02172484985,21.480433558559,3.));
#9582 = CARTESIAN_POINT('',(10.227899774775,21.461524024024,3.));
#9583 = CARTESIAN_POINT('',(10.509102852853,21.443224474474,3.));
#9584 = SURFACE_OF_LINEAR_EXTRUSION('',#9585,#9589);
#9585 = B_SPLINE_CURVE_WITH_KNOTS('',2,(#9586,#9587,#9588),
  .UNSPECIFIED.,.F.,.F.,(3,3),(0.,1.),.PIECEWISE_BEZIER_KNOTS.);
#9586 = CARTESIAN_POINT('',(10.02172484985,21.480433558559,3.));
#9587 = CARTESIAN_POINT('',(10.227899774775,21.461524024024,3.));
#9588 = CARTESIAN_POINT('',(10.509102852853,21.443224474474,3.));
#9589 = VECTOR('',#9590,1.);
#9590 = DIRECTION('',(0.,0.,1.));
#9591 = ADVANCED_FACE('',(#9592),#9617,.T.);
#9592 = FACE_BOUND('',#9593,.T.);
#9593 = EDGE_LOOP('',(#9594,#9602,#9603,#9611));
#9594 = ORIENTED_EDGE('',*,*,#9595,.T.);
#9595 = EDGE_CURVE('',#9596,#8476,#9598,.T.);
#9596 = VERTEX_POINT('',#9597);
#9597 = CARTESIAN_POINT('',(10.02172484985,27.495495495495,3.));
#9598 = LINE('',#9599,#9600);
#9599 = CARTESIAN_POINT('',(10.02172484985,27.495495495495,3.));
#9600 = VECTOR('',#9601,1.);
#9601 = DIRECTION('',(-0.,-0.,-1.));
#9602 = ORIENTED_EDGE('',*,*,#8475,.T.);
#9603 = ORIENTED_EDGE('',*,*,#9604,.F.);
#9604 = EDGE_CURVE('',#9605,#8478,#9607,.T.);
#9605 = VERTEX_POINT('',#9606);
#9606 = CARTESIAN_POINT('',(11.933417792793,27.495495495495,3.));
#9607 = LINE('',#9608,#9609);
#9608 = CARTESIAN_POINT('',(11.933417792793,27.495495495495,3.));
#9609 = VECTOR('',#9610,1.);
#9610 = DIRECTION('',(-0.,-0.,-1.));
#9611 = ORIENTED_EDGE('',*,*,#9612,.F.);
#9612 = EDGE_CURVE('',#9596,#9605,#9613,.T.);
#9613 = LINE('',#9614,#9615);
#9614 = CARTESIAN_POINT('',(10.02172484985,27.495495495495,3.));
#9615 = VECTOR('',#9616,1.);
#9616 = DIRECTION('',(1.,0.,0.));
#9617 = PLANE('',#9618);
#9618 = AXIS2_PLACEMENT_3D('',#9619,#9620,#9621);
#9619 = CARTESIAN_POINT('',(10.02172484985,27.495495495495,3.));
#9620 = DIRECTION('',(0.,-1.,0.));
#9621 = DIRECTION('',(1.,0.,0.));
#9622 = ADVANCED_FACE('',(#9623),#9641,.T.);
#9623 = FACE_BOUND('',#9624,.T.);
#9624 = EDGE_LOOP('',(#9625,#9633,#9634,#9635));
#9625 = ORIENTED_EDGE('',*,*,#9626,.T.);
#9626 = EDGE_CURVE('',#9627,#8486,#9629,.T.);
#9627 = VERTEX_POINT('',#9628);
#9628 = CARTESIAN_POINT('',(10.02172484985,31.519566441441,3.));
#9629 = LINE('',#9630,#9631);
#9630 = CARTESIAN_POINT('',(10.02172484985,31.519566441441,3.));
#9631 = VECTOR('',#9632,1.);
#9632 = DIRECTION('',(-0.,-0.,-1.));
#9633 = ORIENTED_EDGE('',*,*,#8485,.T.);
#9634 = ORIENTED_EDGE('',*,*,#9595,.F.);
#9635 = ORIENTED_EDGE('',*,*,#9636,.F.);
#9636 = EDGE_CURVE('',#9627,#9596,#9637,.T.);
#9637 = LINE('',#9638,#9639);
#9638 = CARTESIAN_POINT('',(10.02172484985,31.519566441441,3.));
#9639 = VECTOR('',#9640,1.);
#9640 = DIRECTION('',(0.,-1.,0.));
#9641 = PLANE('',#9642);
#9642 = AXIS2_PLACEMENT_3D('',#9643,#9644,#9645);
#9643 = CARTESIAN_POINT('',(10.02172484985,31.519566441441,3.));
#9644 = DIRECTION('',(-1.,0.,0.));
#9645 = DIRECTION('',(0.,-1.,0.));
#9646 = ADVANCED_FACE('',(#9647),#9665,.T.);
#9647 = FACE_BOUND('',#9648,.T.);
#9648 = EDGE_LOOP('',(#9649,#9657,#9658,#9659));
#9649 = ORIENTED_EDGE('',*,*,#9650,.T.);
#9650 = EDGE_CURVE('',#9651,#8494,#9653,.T.);
#9651 = VERTEX_POINT('',#9652);
#9652 = CARTESIAN_POINT('',(10.733577327327,31.57568506006,3.));
#9653 = LINE('',#9654,#9655);
#9654 = CARTESIAN_POINT('',(10.733577327327,31.57568506006,3.));
#9655 = VECTOR('',#9656,1.);
#9656 = DIRECTION('',(-0.,-0.,-1.));
#9657 = ORIENTED_EDGE('',*,*,#8493,.T.);
#9658 = ORIENTED_EDGE('',*,*,#9626,.F.);
#9659 = ORIENTED_EDGE('',*,*,#9660,.F.);
#9660 = EDGE_CURVE('',#9651,#9627,#9661,.T.);
#9661 = B_SPLINE_CURVE_WITH_KNOTS('',2,(#9662,#9663,#9664),
  .UNSPECIFIED.,.F.,.F.,(3,3),(0.,1.),.PIECEWISE_BEZIER_KNOTS.);
#9662 = CARTESIAN_POINT('',(10.733577327327,31.57568506006,3.));
#9663 = CARTESIAN_POINT('',(10.340137012012,31.557385510511,3.));
#9664 = CARTESIAN_POINT('',(10.02172484985,31.519566441441,3.));
#9665 = SURFACE_OF_LINEAR_EXTRUSION('',#9666,#9670);
#9666 = B_SPLINE_CURVE_WITH_KNOTS('',2,(#9667,#9668,#9669),
  .UNSPECIFIED.,.F.,.F.,(3,3),(0.,1.),.PIECEWISE_BEZIER_KNOTS.);
#9667 = CARTESIAN_POINT('',(10.733577327327,31.57568506006,3.));
#9668 = CARTESIAN_POINT('',(10.340137012012,31.557385510511,3.));
#9669 = CARTESIAN_POINT('',(10.02172484985,31.519566441441,3.));
#9670 = VECTOR('',#9671,1.);
#9671 = DIRECTION('',(0.,0.,1.));
#9672 = ADVANCED_FACE('',(#9673),#9691,.T.);
#9673 = FACE_BOUND('',#9674,.T.);
#9674 = EDGE_LOOP('',(#9675,#9683,#9684,#9685));
#9675 = ORIENTED_EDGE('',*,*,#9676,.T.);
#9676 = EDGE_CURVE('',#9677,#8502,#9679,.T.);
#9677 = VERTEX_POINT('',#9678);
#9678 = CARTESIAN_POINT('',(11.820570570571,31.594594594595,3.));
#9679 = LINE('',#9680,#9681);
#9680 = CARTESIAN_POINT('',(11.820570570571,31.594594594595,3.));
#9681 = VECTOR('',#9682,1.);
#9682 = DIRECTION('',(-0.,-0.,-1.));
#9683 = ORIENTED_EDGE('',*,*,#8501,.T.);
#9684 = ORIENTED_EDGE('',*,*,#9650,.F.);
#9685 = ORIENTED_EDGE('',*,*,#9686,.F.);
#9686 = EDGE_CURVE('',#9677,#9651,#9687,.T.);
#9687 = B_SPLINE_CURVE_WITH_KNOTS('',2,(#9688,#9689,#9690),
  .UNSPECIFIED.,.F.,.F.,(3,3),(0.,1.),.PIECEWISE_BEZIER_KNOTS.);
#9688 = CARTESIAN_POINT('',(11.820570570571,31.594594594595,3.));
#9689 = CARTESIAN_POINT('',(11.127627627628,31.594594594595,3.));
#9690 = CARTESIAN_POINT('',(10.733577327327,31.57568506006,3.));
#9691 = SURFACE_OF_LINEAR_EXTRUSION('',#9692,#9696);
#9692 = B_SPLINE_CURVE_WITH_KNOTS('',2,(#9693,#9694,#9695),
  .UNSPECIFIED.,.F.,.F.,(3,3),(0.,1.),.PIECEWISE_BEZIER_KNOTS.);
#9693 = CARTESIAN_POINT('',(11.820570570571,31.594594594595,3.));
#9694 = CARTESIAN_POINT('',(11.127627627628,31.594594594595,3.));
#9695 = CARTESIAN_POINT('',(10.733577327327,31.57568506006,3.));
#9696 = VECTOR('',#9697,1.);
#9697 = DIRECTION('',(0.,0.,1.));
#9698 = ADVANCED_FACE('',(#9699),#9717,.T.);
#9699 = FACE_BOUND('',#9700,.T.);
#9700 = EDGE_LOOP('',(#9701,#9709,#9710,#9711));
#9701 = ORIENTED_EDGE('',*,*,#9702,.T.);
#9702 = EDGE_CURVE('',#9703,#8510,#9705,.T.);
#9703 = VERTEX_POINT('',#9704);
#9704 = CARTESIAN_POINT('',(13.132038288288,31.481747372372,3.));
#9705 = LINE('',#9706,#9707);
#9706 = CARTESIAN_POINT('',(13.132038288288,31.481747372372,3.));
#9707 = VECTOR('',#9708,1.);
#9708 = DIRECTION('',(-0.,-0.,-1.));
#9709 = ORIENTED_EDGE('',*,*,#8509,.T.);
#9710 = ORIENTED_EDGE('',*,*,#9676,.F.);
#9711 = ORIENTED_EDGE('',*,*,#9712,.F.);
#9712 = EDGE_CURVE('',#9703,#9677,#9713,.T.);
#9713 = B_SPLINE_CURVE_WITH_KNOTS('',2,(#9714,#9715,#9716),
  .UNSPECIFIED.,.F.,.F.,(3,3),(0.,1.),.PIECEWISE_BEZIER_KNOTS.);
#9714 = CARTESIAN_POINT('',(13.132038288288,31.481747372372,3.));
#9715 = CARTESIAN_POINT('',(12.514123498498,31.594594594595,3.));
#9716 = CARTESIAN_POINT('',(11.820570570571,31.594594594595,3.));
#9717 = SURFACE_OF_LINEAR_EXTRUSION('',#9718,#9722);
#9718 = B_SPLINE_CURVE_WITH_KNOTS('',2,(#9719,#9720,#9721),
  .UNSPECIFIED.,.F.,.F.,(3,3),(0.,1.),.PIECEWISE_BEZIER_KNOTS.);
#9719 = CARTESIAN_POINT('',(13.132038288288,31.481747372372,3.));
#9720 = CARTESIAN_POINT('',(12.514123498498,31.594594594595,3.));
#9721 = CARTESIAN_POINT('',(11.820570570571,31.594594594595,3.));
#9722 = VECTOR('',#9723,1.);
#9723 = DIRECTION('',(0.,0.,1.));
#9724 = ADVANCED_FACE('',(#9725),#9743,.T.);
#9725 = FACE_BOUND('',#9726,.T.);
#9726 = EDGE_LOOP('',(#9727,#9735,#9736,#9737));
#9727 = ORIENTED_EDGE('',*,*,#9728,.T.);
#9728 = EDGE_CURVE('',#9729,#8518,#9731,.T.);
#9729 = VERTEX_POINT('',#9730);
#9730 = CARTESIAN_POINT('',(14.209881756757,31.133445945946,3.));
#9731 = LINE('',#9732,#9733);
#9732 = CARTESIAN_POINT('',(14.209881756757,31.133445945946,3.));
#9733 = VECTOR('',#9734,1.);
#9734 = DIRECTION('',(-0.,-0.,-1.));
#9735 = ORIENTED_EDGE('',*,*,#8517,.T.);
#9736 = ORIENTED_EDGE('',*,*,#9702,.F.);
#9737 = ORIENTED_EDGE('',*,*,#9738,.F.);
#9738 = EDGE_CURVE('',#9729,#9703,#9739,.T.);
#9739 = B_SPLINE_CURVE_WITH_KNOTS('',2,(#9740,#9741,#9742),
  .UNSPECIFIED.,.F.,.F.,(3,3),(0.,1.),.PIECEWISE_BEZIER_KNOTS.);
#9740 = CARTESIAN_POINT('',(14.209881756757,31.133445945946,3.));
#9741 = CARTESIAN_POINT('',(13.750563063063,31.36890015015,3.));
#9742 = CARTESIAN_POINT('',(13.132038288288,31.481747372372,3.));
#9743 = SURFACE_OF_LINEAR_EXTRUSION('',#9744,#9748);
#9744 = B_SPLINE_CURVE_WITH_KNOTS('',2,(#9745,#9746,#9747),
  .UNSPECIFIED.,.F.,.F.,(3,3),(0.,1.),.PIECEWISE_BEZIER_KNOTS.);
#9745 = CARTESIAN_POINT('',(14.209881756757,31.133445945946,3.));
#9746 = CARTESIAN_POINT('',(13.750563063063,31.36890015015,3.));
#9747 = CARTESIAN_POINT('',(13.132038288288,31.481747372372,3.));
#9748 = VECTOR('',#9749,1.);
#9749 = DIRECTION('',(0.,0.,1.));
#9750 = ADVANCED_FACE('',(#9751),#9769,.T.);
#9751 = FACE_BOUND('',#9752,.T.);
#9752 = EDGE_LOOP('',(#9753,#9761,#9762,#9763));
#9753 = ORIENTED_EDGE('',*,*,#9754,.T.);
#9754 = EDGE_CURVE('',#9755,#8526,#9757,.T.);
#9755 = VERTEX_POINT('',#9756);
#9756 = CARTESIAN_POINT('',(14.931493993994,30.513091216216,3.));
#9757 = LINE('',#9758,#9759);
#9758 = CARTESIAN_POINT('',(14.931493993994,30.513091216216,3.));
#9759 = VECTOR('',#9760,1.);
#9760 = DIRECTION('',(-0.,-0.,-1.));
#9761 = ORIENTED_EDGE('',*,*,#8525,.T.);
#9762 = ORIENTED_EDGE('',*,*,#9728,.F.);
#9763 = ORIENTED_EDGE('',*,*,#9764,.F.);
#9764 = EDGE_CURVE('',#9755,#9729,#9765,.T.);
#9765 = B_SPLINE_CURVE_WITH_KNOTS('',2,(#9766,#9767,#9768),
  .UNSPECIFIED.,.F.,.F.,(3,3),(0.,1.),.PIECEWISE_BEZIER_KNOTS.);
#9766 = CARTESIAN_POINT('',(14.931493993994,30.513091216216,3.));
#9767 = CARTESIAN_POINT('',(14.66920045045,30.898601726727,3.));
#9768 = CARTESIAN_POINT('',(14.209881756757,31.133445945946,3.));
#9769 = SURFACE_OF_LINEAR_EXTRUSION('',#9770,#9774);
#9770 = B_SPLINE_CURVE_WITH_KNOTS('',2,(#9771,#9772,#9773),
  .UNSPECIFIED.,.F.,.F.,(3,3),(0.,1.),.PIECEWISE_BEZIER_KNOTS.);
#9771 = CARTESIAN_POINT('',(14.931493993994,30.513091216216,3.));
#9772 = CARTESIAN_POINT('',(14.66920045045,30.898601726727,3.));
#9773 = CARTESIAN_POINT('',(14.209881756757,31.133445945946,3.));
#9774 = VECTOR('',#9775,1.);
#9775 = DIRECTION('',(0.,0.,1.));
#9776 = ADVANCED_FACE('',(#9777),#9795,.T.);
#9777 = FACE_BOUND('',#9778,.T.);
#9778 = EDGE_LOOP('',(#9779,#9787,#9788,#9789));
#9779 = ORIENTED_EDGE('',*,*,#9780,.T.);
#9780 = EDGE_CURVE('',#9781,#8534,#9783,.T.);
#9781 = VERTEX_POINT('',#9782);
#9782 = CARTESIAN_POINT('',(15.193787537538,29.56395457958,3.));
#9783 = LINE('',#9784,#9785);
#9784 = CARTESIAN_POINT('',(15.193787537538,29.56395457958,3.));
#9785 = VECTOR('',#9786,1.);
#9786 = DIRECTION('',(-0.,-0.,-1.));
#9787 = ORIENTED_EDGE('',*,*,#8533,.T.);
#9788 = ORIENTED_EDGE('',*,*,#9754,.F.);
#9789 = ORIENTED_EDGE('',*,*,#9790,.F.);
#9790 = EDGE_CURVE('',#9781,#9755,#9791,.T.);
#9791 = B_SPLINE_CURVE_WITH_KNOTS('',2,(#9792,#9793,#9794),
  .UNSPECIFIED.,.F.,.F.,(3,3),(0.,1.),.PIECEWISE_BEZIER_KNOTS.);
#9792 = CARTESIAN_POINT('',(15.193787537538,29.56395457958,3.));
#9793 = CARTESIAN_POINT('',(15.193787537538,30.128190690691,3.));
#9794 = CARTESIAN_POINT('',(14.931493993994,30.513091216216,3.));
#9795 = SURFACE_OF_LINEAR_EXTRUSION('',#9796,#9800);
#9796 = B_SPLINE_CURVE_WITH_KNOTS('',2,(#9797,#9798,#9799),
  .UNSPECIFIED.,.F.,.F.,(3,3),(0.,1.),.PIECEWISE_BEZIER_KNOTS.);
#9797 = CARTESIAN_POINT('',(15.193787537538,29.56395457958,3.));
#9798 = CARTESIAN_POINT('',(15.193787537538,30.128190690691,3.));
#9799 = CARTESIAN_POINT('',(14.931493993994,30.513091216216,3.));
#9800 = VECTOR('',#9801,1.);
#9801 = DIRECTION('',(0.,0.,1.));
#9802 = ADVANCED_FACE('',(#9803),#9821,.T.);
#9803 = FACE_BOUND('',#9804,.T.);
#9804 = EDGE_LOOP('',(#9805,#9813,#9814,#9815));
#9805 = ORIENTED_EDGE('',*,*,#9806,.T.);
#9806 = EDGE_CURVE('',#9807,#8542,#9809,.T.);
#9807 = VERTEX_POINT('',#9808);
#9808 = CARTESIAN_POINT('',(14.940643768769,28.567239114114,3.));
#9809 = LINE('',#9810,#9811);
#9810 = CARTESIAN_POINT('',(14.940643768769,28.567239114114,3.));
#9811 = VECTOR('',#9812,1.);
#9812 = DIRECTION('',(-0.,-0.,-1.));
#9813 = ORIENTED_EDGE('',*,*,#8541,.T.);
#9814 = ORIENTED_EDGE('',*,*,#9780,.F.);
#9815 = ORIENTED_EDGE('',*,*,#9816,.F.);
#9816 = EDGE_CURVE('',#9807,#9781,#9817,.T.);
#9817 = B_SPLINE_CURVE_WITH_KNOTS('',2,(#9818,#9819,#9820),
  .UNSPECIFIED.,.F.,.F.,(3,3),(0.,1.),.PIECEWISE_BEZIER_KNOTS.);
#9818 = CARTESIAN_POINT('',(14.940643768769,28.567239114114,3.));
#9819 = CARTESIAN_POINT('',(15.193787537538,28.961899399399,3.));
#9820 = CARTESIAN_POINT('',(15.193787537538,29.56395457958,3.));
#9821 = SURFACE_OF_LINEAR_EXTRUSION('',#9822,#9826);
#9822 = B_SPLINE_CURVE_WITH_KNOTS('',2,(#9823,#9824,#9825),
  .UNSPECIFIED.,.F.,.F.,(3,3),(0.,1.),.PIECEWISE_BEZIER_KNOTS.);
#9823 = CARTESIAN_POINT('',(14.940643768769,28.567239114114,3.));
#9824 = CARTESIAN_POINT('',(15.193787537538,28.961899399399,3.));
#9825 = CARTESIAN_POINT('',(15.193787537538,29.56395457958,3.));
#9826 = VECTOR('',#9827,1.);
#9827 = DIRECTION('',(0.,0.,1.));
#9828 = ADVANCED_FACE('',(#9829),#9847,.T.);
#9829 = FACE_BOUND('',#9830,.T.);
#9830 = EDGE_LOOP('',(#9831,#9839,#9840,#9841));
#9831 = ORIENTED_EDGE('',*,*,#9832,.T.);
#9832 = EDGE_CURVE('',#9833,#8550,#9835,.T.);
#9833 = VERTEX_POINT('',#9834);
#9834 = CARTESIAN_POINT('',(14.247700825826,27.92797484985,3.));
#9835 = LINE('',#9836,#9837);
#9836 = CARTESIAN_POINT('',(14.247700825826,27.92797484985,3.));
#9837 = VECTOR('',#9838,1.);
#9838 = DIRECTION('',(-0.,-0.,-1.));
#9839 = ORIENTED_EDGE('',*,*,#8549,.T.);
#9840 = ORIENTED_EDGE('',*,*,#9806,.F.);
#9841 = ORIENTED_EDGE('',*,*,#9842,.F.);
#9842 = EDGE_CURVE('',#9833,#9807,#9843,.T.);
#9843 = B_SPLINE_CURVE_WITH_KNOTS('',2,(#9844,#9845,#9846),
  .UNSPECIFIED.,.F.,.F.,(3,3),(0.,1.),.PIECEWISE_BEZIER_KNOTS.);
#9844 = CARTESIAN_POINT('',(14.247700825826,27.92797484985,3.));
#9845 = CARTESIAN_POINT('',(14.688109984985,28.172578828829,3.));
#9846 = CARTESIAN_POINT('',(14.940643768769,28.567239114114,3.));
#9847 = SURFACE_OF_LINEAR_EXTRUSION('',#9848,#9852);
#9848 = B_SPLINE_CURVE_WITH_KNOTS('',2,(#9849,#9850,#9851),
  .UNSPECIFIED.,.F.,.F.,(3,3),(0.,1.),.PIECEWISE_BEZIER_KNOTS.);
#9849 = CARTESIAN_POINT('',(14.247700825826,27.92797484985,3.));
#9850 = CARTESIAN_POINT('',(14.688109984985,28.172578828829,3.));
#9851 = CARTESIAN_POINT('',(14.940643768769,28.567239114114,3.));
#9852 = VECTOR('',#9853,1.);
#9853 = DIRECTION('',(0.,0.,1.));
#9854 = ADVANCED_FACE('',(#9855),#9873,.T.);
#9855 = FACE_BOUND('',#9856,.T.);
#9856 = EDGE_LOOP('',(#9857,#9865,#9866,#9867));
#9857 = ORIENTED_EDGE('',*,*,#9858,.T.);
#9858 = EDGE_CURVE('',#9859,#8558,#9861,.T.);
#9859 = VERTEX_POINT('',#9860);
#9860 = CARTESIAN_POINT('',(13.207066441441,27.589433183183,3.));
#9861 = LINE('',#9862,#9863);
#9862 = CARTESIAN_POINT('',(13.207066441441,27.589433183183,3.));
#9863 = VECTOR('',#9864,1.);
#9864 = DIRECTION('',(-0.,-0.,-1.));
#9865 = ORIENTED_EDGE('',*,*,#8557,.T.);
#9866 = ORIENTED_EDGE('',*,*,#9832,.F.);
#9867 = ORIENTED_EDGE('',*,*,#9868,.F.);
#9868 = EDGE_CURVE('',#9859,#9833,#9869,.T.);
#9869 = B_SPLINE_CURVE_WITH_KNOTS('',2,(#9870,#9871,#9872),
  .UNSPECIFIED.,.F.,.F.,(3,3),(0.,1.),.PIECEWISE_BEZIER_KNOTS.);
#9870 = CARTESIAN_POINT('',(13.207066441441,27.589433183183,3.));
#9871 = CARTESIAN_POINT('',(13.807291666667,27.683370870871,3.));
#9872 = CARTESIAN_POINT('',(14.247700825826,27.92797484985,3.));
#9873 = SURFACE_OF_LINEAR_EXTRUSION('',#9874,#9878);
#9874 = B_SPLINE_CURVE_WITH_KNOTS('',2,(#9875,#9876,#9877),
  .UNSPECIFIED.,.F.,.F.,(3,3),(0.,1.),.PIECEWISE_BEZIER_KNOTS.);
#9875 = CARTESIAN_POINT('',(13.207066441441,27.589433183183,3.));
#9876 = CARTESIAN_POINT('',(13.807291666667,27.683370870871,3.));
#9877 = CARTESIAN_POINT('',(14.247700825826,27.92797484985,3.));
#9878 = VECTOR('',#9879,1.);
#9879 = DIRECTION('',(0.,0.,1.));
#9880 = ADVANCED_FACE('',(#9881),#9892,.T.);
#9881 = FACE_BOUND('',#9882,.T.);
#9882 = EDGE_LOOP('',(#9883,#9884,#9885,#9886));
#9883 = ORIENTED_EDGE('',*,*,#9604,.T.);
#9884 = ORIENTED_EDGE('',*,*,#8565,.T.);
#9885 = ORIENTED_EDGE('',*,*,#9858,.F.);
#9886 = ORIENTED_EDGE('',*,*,#9887,.F.);
#9887 = EDGE_CURVE('',#9605,#9859,#9888,.T.);
#9888 = B_SPLINE_CURVE_WITH_KNOTS('',2,(#9889,#9890,#9891),
  .UNSPECIFIED.,.F.,.F.,(3,3),(0.,1.),.PIECEWISE_BEZIER_KNOTS.);
#9889 = CARTESIAN_POINT('',(11.933417792793,27.495495495495,3.));
#9890 = CARTESIAN_POINT('',(12.607451201201,27.495495495495,3.));
#9891 = CARTESIAN_POINT('',(13.207066441441,27.589433183183,3.));
#9892 = SURFACE_OF_LINEAR_EXTRUSION('',#9893,#9897);
#9893 = B_SPLINE_CURVE_WITH_KNOTS('',2,(#9894,#9895,#9896),
  .UNSPECIFIED.,.F.,.F.,(3,3),(0.,1.),.PIECEWISE_BEZIER_KNOTS.);
#9894 = CARTESIAN_POINT('',(11.933417792793,27.495495495495,3.));
#9895 = CARTESIAN_POINT('',(12.607451201201,27.495495495495,3.));
#9896 = CARTESIAN_POINT('',(13.207066441441,27.589433183183,3.));
#9897 = VECTOR('',#9898,1.);
#9898 = DIRECTION('',(0.,0.,1.));
#9899 = ADVANCED_FACE('',(#9900),#9925,.T.);
#9900 = FACE_BOUND('',#9901,.T.);
#9901 = EDGE_LOOP('',(#9902,#9910,#9911,#9919));
#9902 = ORIENTED_EDGE('',*,*,#9903,.T.);
#9903 = EDGE_CURVE('',#9904,#8598,#9906,.T.);
#9904 = VERTEX_POINT('',#9905);
#9905 = CARTESIAN_POINT('',(26.956737987988,24.87987987988,3.));
#9906 = LINE('',#9907,#9908);
#9907 = CARTESIAN_POINT('',(26.956737987988,24.87987987988,3.));
#9908 = VECTOR('',#9909,1.);
#9909 = DIRECTION('',(-0.,-0.,-1.));
#9910 = ORIENTED_EDGE('',*,*,#8597,.T.);
#9911 = ORIENTED_EDGE('',*,*,#9912,.F.);
#9912 = EDGE_CURVE('',#9913,#8600,#9915,.T.);
#9913 = VERTEX_POINT('',#9914);
#9914 = CARTESIAN_POINT('',(26.216216216216,27.502815315315,3.));
#9915 = LINE('',#9916,#9917);
#9916 = CARTESIAN_POINT('',(26.216216216216,27.502815315315,3.));
#9917 = VECTOR('',#9918,1.);
#9918 = DIRECTION('',(-0.,-0.,-1.));
#9919 = ORIENTED_EDGE('',*,*,#9920,.F.);
#9920 = EDGE_CURVE('',#9904,#9913,#9921,.T.);
#9921 = B_SPLINE_CURVE_WITH_KNOTS('',2,(#9922,#9923,#9924),
  .UNSPECIFIED.,.F.,.F.,(3,3),(0.,1.),.PIECEWISE_BEZIER_KNOTS.);
#9922 = CARTESIAN_POINT('',(26.956737987988,24.87987987988,3.));
#9923 = CARTESIAN_POINT('',(26.956737987988,26.534769144144,3.));
#9924 = CARTESIAN_POINT('',(26.216216216216,27.502815315315,3.));
#9925 = SURFACE_OF_LINEAR_EXTRUSION('',#9926,#9930);
#9926 = B_SPLINE_CURVE_WITH_KNOTS('',2,(#9927,#9928,#9929),
  .UNSPECIFIED.,.F.,.F.,(3,3),(0.,1.),.PIECEWISE_BEZIER_KNOTS.);
#9927 = CARTESIAN_POINT('',(26.956737987988,24.87987987988,3.));
#9928 = CARTESIAN_POINT('',(26.956737987988,26.534769144144,3.));
#9929 = CARTESIAN_POINT('',(26.216216216216,27.502815315315,3.));
#9930 = VECTOR('',#9931,1.);
#9931 = DIRECTION('',(0.,0.,1.));
#9932 = ADVANCED_FACE('',(#9933),#9951,.T.);
#9933 = FACE_BOUND('',#9934,.T.);
#9934 = EDGE_LOOP('',(#9935,#9943,#9944,#9945));
#9935 = ORIENTED_EDGE('',*,*,#9936,.T.);
#9936 = EDGE_CURVE('',#9937,#8608,#9939,.T.);
#9937 = VERTEX_POINT('',#9938);
#9938 = CARTESIAN_POINT('',(26.216216216216,22.256334459459,3.));
#9939 = LINE('',#9940,#9941);
#9940 = CARTESIAN_POINT('',(26.216216216216,22.256334459459,3.));
#9941 = VECTOR('',#9942,1.);
#9942 = DIRECTION('',(-0.,-0.,-1.));
#9943 = ORIENTED_EDGE('',*,*,#8607,.T.);
#9944 = ORIENTED_EDGE('',*,*,#9903,.F.);
#9945 = ORIENTED_EDGE('',*,*,#9946,.F.);
#9946 = EDGE_CURVE('',#9937,#9904,#9947,.T.);
#9947 = B_SPLINE_CURVE_WITH_KNOTS('',2,(#9948,#9949,#9950),
  .UNSPECIFIED.,.F.,.F.,(3,3),(0.,1.),.PIECEWISE_BEZIER_KNOTS.);
#9948 = CARTESIAN_POINT('',(26.216216216216,22.256334459459,3.));
#9949 = CARTESIAN_POINT('',(26.956737987988,23.224990615616,3.));
#9950 = CARTESIAN_POINT('',(26.956737987988,24.87987987988,3.));
#9951 = SURFACE_OF_LINEAR_EXTRUSION('',#9952,#9956);
#9952 = B_SPLINE_CURVE_WITH_KNOTS('',2,(#9953,#9954,#9955),
  .UNSPECIFIED.,.F.,.F.,(3,3),(0.,1.),.PIECEWISE_BEZIER_KNOTS.);
#9953 = CARTESIAN_POINT('',(26.216216216216,22.256334459459,3.));
#9954 = CARTESIAN_POINT('',(26.956737987988,23.224990615616,3.));
#9955 = CARTESIAN_POINT('',(26.956737987988,24.87987987988,3.));
#9956 = VECTOR('',#9957,1.);
#9957 = DIRECTION('',(0.,0.,1.));
#9958 = ADVANCED_FACE('',(#9959),#9977,.T.);
#9959 = FACE_BOUND('',#9960,.T.);
#9960 = EDGE_LOOP('',(#9961,#9969,#9970,#9971));
#9961 = ORIENTED_EDGE('',*,*,#9962,.T.);
#9962 = EDGE_CURVE('',#9963,#8616,#9965,.T.);
#9963 = VERTEX_POINT('',#9964);
#9964 = CARTESIAN_POINT('',(24.202045795796,21.288288288288,3.));
#9965 = LINE('',#9966,#9967);
#9966 = CARTESIAN_POINT('',(24.202045795796,21.288288288288,3.));
#9967 = VECTOR('',#9968,1.);
#9968 = DIRECTION('',(-0.,-0.,-1.));
#9969 = ORIENTED_EDGE('',*,*,#8615,.T.);
#9970 = ORIENTED_EDGE('',*,*,#9936,.F.);
#9971 = ORIENTED_EDGE('',*,*,#9972,.F.);
#9972 = EDGE_CURVE('',#9963,#9937,#9973,.T.);
#9973 = B_SPLINE_CURVE_WITH_KNOTS('',2,(#9974,#9975,#9976),
  .UNSPECIFIED.,.F.,.F.,(3,3),(0.,1.),.PIECEWISE_BEZIER_KNOTS.);
#9974 = CARTESIAN_POINT('',(24.202045795796,21.288288288288,3.));
#9975 = CARTESIAN_POINT('',(25.476304429429,21.288288288288,3.));
#9976 = CARTESIAN_POINT('',(26.216216216216,22.256334459459,3.));
#9977 = SURFACE_OF_LINEAR_EXTRUSION('',#9978,#9982);
#9978 = B_SPLINE_CURVE_WITH_KNOTS('',2,(#9979,#9980,#9981),
  .UNSPECIFIED.,.F.,.F.,(3,3),(0.,1.),.PIECEWISE_BEZIER_KNOTS.);
#9979 = CARTESIAN_POINT('',(24.202045795796,21.288288288288,3.));
#9980 = CARTESIAN_POINT('',(25.476304429429,21.288288288288,3.));
#9981 = CARTESIAN_POINT('',(26.216216216216,22.256334459459,3.));
#9982 = VECTOR('',#9983,1.);
#9983 = DIRECTION('',(0.,0.,1.));
#9984 = ADVANCED_FACE('',(#9985),#10003,.T.);
#9985 = FACE_BOUND('',#9986,.T.);
#9986 = EDGE_LOOP('',(#9987,#9995,#9996,#9997));
#9987 = ORIENTED_EDGE('',*,*,#9988,.T.);
#9988 = EDGE_CURVE('',#9989,#8624,#9991,.T.);
#9989 = VERTEX_POINT('',#9990);
#9990 = CARTESIAN_POINT('',(22.187875375375,22.256334459459,3.));
#9991 = LINE('',#9992,#9993);
#9992 = CARTESIAN_POINT('',(22.187875375375,22.256334459459,3.));
#9993 = VECTOR('',#9994,1.);
#9994 = DIRECTION('',(-0.,-0.,-1.));
#9995 = ORIENTED_EDGE('',*,*,#8623,.T.);
#9996 = ORIENTED_EDGE('',*,*,#9962,.F.);
#9997 = ORIENTED_EDGE('',*,*,#9998,.F.);
#9998 = EDGE_CURVE('',#9989,#9963,#9999,.T.);
#9999 = B_SPLINE_CURVE_WITH_KNOTS('',2,(#10000,#10001,#10002),
  .UNSPECIFIED.,.F.,.F.,(3,3),(0.,1.),.PIECEWISE_BEZIER_KNOTS.);
#10000 = CARTESIAN_POINT('',(22.187875375375,22.256334459459,3.));
#10001 = CARTESIAN_POINT('',(22.928397147147,21.288288288288,3.));
#10002 = CARTESIAN_POINT('',(24.202045795796,21.288288288288,3.));
#10003 = SURFACE_OF_LINEAR_EXTRUSION('',#10004,#10008);
#10004 = B_SPLINE_CURVE_WITH_KNOTS('',2,(#10005,#10006,#10007),
  .UNSPECIFIED.,.F.,.F.,(3,3),(0.,1.),.PIECEWISE_BEZIER_KNOTS.);
#10005 = CARTESIAN_POINT('',(22.187875375375,22.256334459459,3.));
#10006 = CARTESIAN_POINT('',(22.928397147147,21.288288288288,3.));
#10007 = CARTESIAN_POINT('',(24.202045795796,21.288288288288,3.));
#10008 = VECTOR('',#10009,1.);
#10009 = DIRECTION('',(0.,0.,1.));
#10010 = ADVANCED_FACE('',(#10011),#10029,.T.);
#10011 = FACE_BOUND('',#10012,.T.);
#10012 = EDGE_LOOP('',(#10013,#10021,#10022,#10023));
#10013 = ORIENTED_EDGE('',*,*,#10014,.T.);
#10014 = EDGE_CURVE('',#10015,#8632,#10017,.T.);
#10015 = VERTEX_POINT('',#10016);
#10016 = CARTESIAN_POINT('',(21.447963588589,24.87987987988,3.));
#10017 = LINE('',#10018,#10019);
#10018 = CARTESIAN_POINT('',(21.447963588589,24.87987987988,3.));
#10019 = VECTOR('',#10020,1.);
#10020 = DIRECTION('',(-0.,-0.,-1.));
#10021 = ORIENTED_EDGE('',*,*,#8631,.T.);
#10022 = ORIENTED_EDGE('',*,*,#9988,.F.);
#10023 = ORIENTED_EDGE('',*,*,#10024,.F.);
#10024 = EDGE_CURVE('',#10015,#9989,#10025,.T.);
#10025 = B_SPLINE_CURVE_WITH_KNOTS('',2,(#10026,#10027,#10028),
  .UNSPECIFIED.,.F.,.F.,(3,3),(0.,1.),.PIECEWISE_BEZIER_KNOTS.);
#10026 = CARTESIAN_POINT('',(21.447963588589,24.87987987988,3.));
#10027 = CARTESIAN_POINT('',(21.447963588589,23.224990615616,3.));
#10028 = CARTESIAN_POINT('',(22.187875375375,22.256334459459,3.));
#10029 = SURFACE_OF_LINEAR_EXTRUSION('',#10030,#10034);
#10030 = B_SPLINE_CURVE_WITH_KNOTS('',2,(#10031,#10032,#10033),
  .UNSPECIFIED.,.F.,.F.,(3,3),(0.,1.),.PIECEWISE_BEZIER_KNOTS.);
#10031 = CARTESIAN_POINT('',(21.447963588589,24.87987987988,3.));
#10032 = CARTESIAN_POINT('',(21.447963588589,23.224990615616,3.));
#10033 = CARTESIAN_POINT('',(22.187875375375,22.256334459459,3.));
#10034 = VECTOR('',#10035,1.);
#10035 = DIRECTION('',(0.,0.,1.));
#10036 = ADVANCED_FACE('',(#10037),#10055,.T.);
#10037 = FACE_BOUND('',#10038,.T.);
#10038 = EDGE_LOOP('',(#10039,#10047,#10048,#10049));
#10039 = ORIENTED_EDGE('',*,*,#10040,.T.);
#10040 = EDGE_CURVE('',#10041,#8640,#10043,.T.);
#10041 = VERTEX_POINT('',#10042);
#10042 = CARTESIAN_POINT('',(22.187875375375,27.502815315315,3.));
#10043 = LINE('',#10044,#10045);
#10044 = CARTESIAN_POINT('',(22.187875375375,27.502815315315,3.));
#10045 = VECTOR('',#10046,1.);
#10046 = DIRECTION('',(-0.,-0.,-1.));
#10047 = ORIENTED_EDGE('',*,*,#8639,.T.);
#10048 = ORIENTED_EDGE('',*,*,#10014,.F.);
#10049 = ORIENTED_EDGE('',*,*,#10050,.F.);
#10050 = EDGE_CURVE('',#10041,#10015,#10051,.T.);
#10051 = B_SPLINE_CURVE_WITH_KNOTS('',2,(#10052,#10053,#10054),
  .UNSPECIFIED.,.F.,.F.,(3,3),(0.,1.),.PIECEWISE_BEZIER_KNOTS.);
#10052 = CARTESIAN_POINT('',(22.187875375375,27.502815315315,3.));
#10053 = CARTESIAN_POINT('',(21.447963588589,26.534769144144,3.));
#10054 = CARTESIAN_POINT('',(21.447963588589,24.87987987988,3.));
#10055 = SURFACE_OF_LINEAR_EXTRUSION('',#10056,#10060);
#10056 = B_SPLINE_CURVE_WITH_KNOTS('',2,(#10057,#10058,#10059),
  .UNSPECIFIED.,.F.,.F.,(3,3),(0.,1.),.PIECEWISE_BEZIER_KNOTS.);
#10057 = CARTESIAN_POINT('',(22.187875375375,27.502815315315,3.));
#10058 = CARTESIAN_POINT('',(21.447963588589,26.534769144144,3.));
#10059 = CARTESIAN_POINT('',(21.447963588589,24.87987987988,3.));
#10060 = VECTOR('',#10061,1.);
#10061 = DIRECTION('',(0.,0.,1.));
#10062 = ADVANCED_FACE('',(#10063),#10081,.T.);
#10063 = FACE_BOUND('',#10064,.T.);
#10064 = EDGE_LOOP('',(#10065,#10073,#10074,#10075));
#10065 = ORIENTED_EDGE('',*,*,#10066,.T.);
#10066 = EDGE_CURVE('',#10067,#8648,#10069,.T.);
#10067 = VERTEX_POINT('',#10068);
#10068 = CARTESIAN_POINT('',(24.202045795796,28.471471471471,3.));
#10069 = LINE('',#10070,#10071);
#10070 = CARTESIAN_POINT('',(24.202045795796,28.471471471471,3.));
#10071 = VECTOR('',#10072,1.);
#10072 = DIRECTION('',(-0.,-0.,-1.));
#10073 = ORIENTED_EDGE('',*,*,#8647,.T.);
#10074 = ORIENTED_EDGE('',*,*,#10040,.F.);
#10075 = ORIENTED_EDGE('',*,*,#10076,.F.);
#10076 = EDGE_CURVE('',#10067,#10041,#10077,.T.);
#10077 = B_SPLINE_CURVE_WITH_KNOTS('',2,(#10078,#10079,#10080),
  .UNSPECIFIED.,.F.,.F.,(3,3),(0.,1.),.PIECEWISE_BEZIER_KNOTS.);
#10078 = CARTESIAN_POINT('',(24.202045795796,28.471471471471,3.));
#10079 = CARTESIAN_POINT('',(22.928397147147,28.471471471471,3.));
#10080 = CARTESIAN_POINT('',(22.187875375375,27.502815315315,3.));
#10081 = SURFACE_OF_LINEAR_EXTRUSION('',#10082,#10086);
#10082 = B_SPLINE_CURVE_WITH_KNOTS('',2,(#10083,#10084,#10085),
  .UNSPECIFIED.,.F.,.F.,(3,3),(0.,1.),.PIECEWISE_BEZIER_KNOTS.);
#10083 = CARTESIAN_POINT('',(24.202045795796,28.471471471471,3.));
#10084 = CARTESIAN_POINT('',(22.928397147147,28.471471471471,3.));
#10085 = CARTESIAN_POINT('',(22.187875375375,27.502815315315,3.));
#10086 = VECTOR('',#10087,1.);
#10087 = DIRECTION('',(0.,0.,1.));
#10088 = ADVANCED_FACE('',(#10089),#10100,.T.);
#10089 = FACE_BOUND('',#10090,.T.);
#10090 = EDGE_LOOP('',(#10091,#10092,#10093,#10094));
#10091 = ORIENTED_EDGE('',*,*,#9912,.T.);
#10092 = ORIENTED_EDGE('',*,*,#8655,.T.);
#10093 = ORIENTED_EDGE('',*,*,#10066,.F.);
#10094 = ORIENTED_EDGE('',*,*,#10095,.F.);
#10095 = EDGE_CURVE('',#9913,#10067,#10096,.T.);
#10096 = B_SPLINE_CURVE_WITH_KNOTS('',2,(#10097,#10098,#10099),
  .UNSPECIFIED.,.F.,.F.,(3,3),(0.,1.),.PIECEWISE_BEZIER_KNOTS.);
#10097 = CARTESIAN_POINT('',(26.216216216216,27.502815315315,3.));
#10098 = CARTESIAN_POINT('',(25.476304429429,28.471471471471,3.));
#10099 = CARTESIAN_POINT('',(24.202045795796,28.471471471471,3.));
#10100 = SURFACE_OF_LINEAR_EXTRUSION('',#10101,#10105);
#10101 = B_SPLINE_CURVE_WITH_KNOTS('',2,(#10102,#10103,#10104),
  .UNSPECIFIED.,.F.,.F.,(3,3),(0.,1.),.PIECEWISE_BEZIER_KNOTS.);
#10102 = CARTESIAN_POINT('',(26.216216216216,27.502815315315,3.));
#10103 = CARTESIAN_POINT('',(25.476304429429,28.471471471471,3.));
#10104 = CARTESIAN_POINT('',(24.202045795796,28.471471471471,3.));
#10105 = VECTOR('',#10106,1.);
#10106 = DIRECTION('',(0.,0.,1.));
#10107 = ADVANCED_FACE('',(#10108),#10119,.T.);
#10108 = FACE_BOUND('',#10109,.T.);
#10109 = EDGE_LOOP('',(#10110,#10111,#10112,#10113));
#10110 = ORIENTED_EDGE('',*,*,#8786,.T.);
#10111 = ORIENTED_EDGE('',*,*,#8811,.T.);
#10112 = ORIENTED_EDGE('',*,*,#8697,.T.);
#10113 = ORIENTED_EDGE('',*,*,#10114,.F.);
#10114 = EDGE_CURVE('',#8787,#8700,#10115,.T.);
#10115 = LINE('',#10116,#10117);
#10116 = CARTESIAN_POINT('',(-6.75,-8.,3.));
#10117 = VECTOR('',#10118,1.);
#10118 = DIRECTION('',(1.,0.,0.));
#10119 = PLANE('',#10120);
#10120 = AXIS2_PLACEMENT_3D('',#10121,#10122,#10123);
#10121 = CARTESIAN_POINT('',(9.E-17,-0.458124979959,3.));
#10122 = DIRECTION('',(0.,0.,1.));
#10123 = DIRECTION('',(1.,0.,0.));
#10124 = ADVANCED_FACE('',(#10125),#10136,.F.);
#10125 = FACE_BOUND('',#10126,.F.);
#10126 = EDGE_LOOP('',(#10127,#10128,#10134,#10135));
#10127 = ORIENTED_EDGE('',*,*,#8794,.T.);
#10128 = ORIENTED_EDGE('',*,*,#10129,.T.);
#10129 = EDGE_CURVE('',#8769,#8723,#10130,.T.);
#10130 = LINE('',#10131,#10132);
#10131 = CARTESIAN_POINT('',(-6.75,-8.,4.));
#10132 = VECTOR('',#10133,1.);
#10133 = DIRECTION('',(1.,0.,0.));
#10134 = ORIENTED_EDGE('',*,*,#8730,.F.);
#10135 = ORIENTED_EDGE('',*,*,#10114,.F.);
#10136 = PLANE('',#10137);
#10137 = AXIS2_PLACEMENT_3D('',#10138,#10139,#10140);
#10138 = CARTESIAN_POINT('',(-6.75,-8.,3.));
#10139 = DIRECTION('',(0.,1.,0.));
#10140 = DIRECTION('',(1.,0.,0.));
#10141 = ADVANCED_FACE('',(#10142),#10148,.T.);
#10142 = FACE_BOUND('',#10143,.T.);
#10143 = EDGE_LOOP('',(#10144,#10145,#10146,#10147));
#10144 = ORIENTED_EDGE('',*,*,#8768,.T.);
#10145 = ORIENTED_EDGE('',*,*,#10129,.T.);
#10146 = ORIENTED_EDGE('',*,*,#8722,.T.);
#10147 = ORIENTED_EDGE('',*,*,#8744,.T.);
#10148 = PLANE('',#10149);
#10149 = AXIS2_PLACEMENT_3D('',#10150,#10151,#10152);
#10150 = CARTESIAN_POINT('',(0.,-3.25,4.));
#10151 = DIRECTION('',(0.,0.,1.));
#10152 = DIRECTION('',(1.,0.,0.));
#10153 = ADVANCED_FACE('',(#10154),#10167,.T.);
#10154 = FACE_BOUND('',#10155,.T.);
#10155 = EDGE_LOOP('',(#10156,#10157,#10158,#10159,#10160,#10161,#10162,
    #10163,#10164,#10165,#10166));
#10156 = ORIENTED_EDGE('',*,*,#8868,.T.);
#10157 = ORIENTED_EDGE('',*,*,#8842,.T.);
#10158 = ORIENTED_EDGE('',*,*,#9093,.T.);
#10159 = ORIENTED_EDGE('',*,*,#9076,.T.);
#10160 = ORIENTED_EDGE('',*,*,#9050,.T.);
#10161 = ORIENTED_EDGE('',*,*,#9024,.T.);
#10162 = ORIENTED_EDGE('',*,*,#8998,.T.);
#10163 = ORIENTED_EDGE('',*,*,#8972,.T.);
#10164 = ORIENTED_EDGE('',*,*,#8946,.T.);
#10165 = ORIENTED_EDGE('',*,*,#8920,.T.);
#10166 = ORIENTED_EDGE('',*,*,#8894,.T.);
#10167 = PLANE('',#10168);
#10168 = AXIS2_PLACEMENT_3D('',#10169,#10170,#10171);
#10169 = CARTESIAN_POINT('',(9.E-17,-0.458124979959,3.));
#10170 = DIRECTION('',(0.,0.,1.));
#10171 = DIRECTION('',(1.,0.,0.));
#10172 = ADVANCED_FACE('',(#10173),#10181,.T.);
#10173 = FACE_BOUND('',#10174,.T.);
#10174 = EDGE_LOOP('',(#10175,#10176,#10177,#10178,#10179,#10180));
#10175 = ORIENTED_EDGE('',*,*,#9152,.T.);
#10176 = ORIENTED_EDGE('',*,*,#9126,.T.);
#10177 = ORIENTED_EDGE('',*,*,#9245,.T.);
#10178 = ORIENTED_EDGE('',*,*,#9226,.T.);
#10179 = ORIENTED_EDGE('',*,*,#9200,.T.);
#10180 = ORIENTED_EDGE('',*,*,#9176,.T.);
#10181 = PLANE('',#10182);
#10182 = AXIS2_PLACEMENT_3D('',#10183,#10184,#10185);
#10183 = CARTESIAN_POINT('',(9.E-17,-0.458124979959,3.));
#10184 = DIRECTION('',(0.,0.,1.));
#10185 = DIRECTION('',(1.,0.,0.));
#10186 = ADVANCED_FACE('',(#10187),#10202,.T.);
#10187 = FACE_BOUND('',#10188,.T.);
#10188 = EDGE_LOOP('',(#10189,#10190,#10191,#10192,#10193,#10194,#10195,
    #10196,#10197,#10198,#10199,#10200,#10201));
#10189 = ORIENTED_EDGE('',*,*,#9302,.T.);
#10190 = ORIENTED_EDGE('',*,*,#9278,.T.);
#10191 = ORIENTED_EDGE('',*,*,#9579,.T.);
#10192 = ORIENTED_EDGE('',*,*,#9560,.T.);
#10193 = ORIENTED_EDGE('',*,*,#9534,.T.);
#10194 = ORIENTED_EDGE('',*,*,#9508,.T.);
#10195 = ORIENTED_EDGE('',*,*,#9482,.T.);
#10196 = ORIENTED_EDGE('',*,*,#9456,.T.);
#10197 = ORIENTED_EDGE('',*,*,#9430,.T.);
#10198 = ORIENTED_EDGE('',*,*,#9404,.T.);
#10199 = ORIENTED_EDGE('',*,*,#9378,.T.);
#10200 = ORIENTED_EDGE('',*,*,#9352,.T.);
#10201 = ORIENTED_EDGE('',*,*,#9326,.T.);
#10202 = PLANE('',#10203);
#10203 = AXIS2_PLACEMENT_3D('',#10204,#10205,#10206);
#10204 = CARTESIAN_POINT('',(9.E-17,-0.458124979959,3.));
#10205 = DIRECTION('',(0.,0.,1.));
#10206 = DIRECTION('',(1.,0.,0.));
#10207 = ADVANCED_FACE('',(#10208),#10222,.T.);
#10208 = FACE_BOUND('',#10209,.T.);
#10209 = EDGE_LOOP('',(#10210,#10211,#10212,#10213,#10214,#10215,#10216,
    #10217,#10218,#10219,#10220,#10221));
#10210 = ORIENTED_EDGE('',*,*,#9636,.T.);
#10211 = ORIENTED_EDGE('',*,*,#9612,.T.);
#10212 = ORIENTED_EDGE('',*,*,#9887,.T.);
#10213 = ORIENTED_EDGE('',*,*,#9868,.T.);
#10214 = ORIENTED_EDGE('',*,*,#9842,.T.);
#10215 = ORIENTED_EDGE('',*,*,#9816,.T.);
#10216 = ORIENTED_EDGE('',*,*,#9790,.T.);
#10217 = ORIENTED_EDGE('',*,*,#9764,.T.);
#10218 = ORIENTED_EDGE('',*,*,#9738,.T.);
#10219 = ORIENTED_EDGE('',*,*,#9712,.T.);
#10220 = ORIENTED_EDGE('',*,*,#9686,.T.);
#10221 = ORIENTED_EDGE('',*,*,#9660,.T.);
#10222 = PLANE('',#10223);
#10223 = AXIS2_PLACEMENT_3D('',#10224,#10225,#10226);
#10224 = CARTESIAN_POINT('',(9.E-17,-0.458124979959,3.));
#10225 = DIRECTION('',(0.,0.,1.));
#10226 = DIRECTION('',(1.,0.,0.));
#10227 = ADVANCED_FACE('',(#10228),#10238,.T.);
#10228 = FACE_BOUND('',#10229,.T.);
#10229 = EDGE_LOOP('',(#10230,#10231,#10232,#10233,#10234,#10235,#10236,
    #10237));
#10230 = ORIENTED_EDGE('',*,*,#9946,.T.);
#10231 = ORIENTED_EDGE('',*,*,#9920,.T.);
#10232 = ORIENTED_EDGE('',*,*,#10095,.T.);
#10233 = ORIENTED_EDGE('',*,*,#10076,.T.);
#10234 = ORIENTED_EDGE('',*,*,#10050,.T.);
#10235 = ORIENTED_EDGE('',*,*,#10024,.T.);
#10236 = ORIENTED_EDGE('',*,*,#9998,.T.);
#10237 = ORIENTED_EDGE('',*,*,#9972,.T.);
#10238 = PLANE('',#10239);
#10239 = AXIS2_PLACEMENT_3D('',#10240,#10241,#10242);
#10240 = CARTESIAN_POINT('',(9.E-17,-0.458124979959,3.));
#10241 = DIRECTION('',(0.,0.,1.));
#10242 = DIRECTION('',(1.,0.,0.));
#10243 = ( GEOMETRIC_REPRESENTATION_CONTEXT(3) 
GLOBAL_UNCERTAINTY_ASSIGNED_CONTEXT((#10247)) 
GLOBAL_UNIT_ASSIGNED_CONTEXT((#10244,#10245,#10246)) 
REPRESENTATION_CONTEXT('Context #1',
  '3D Context with UNIT and UNCERTAINTY') );
#10244 = ( LENGTH_UNIT() NAMED_UNIT(*) SI_UNIT(.MILLI.,.METRE.) );
#10245 = ( NAMED_UNIT(*) PLANE_ANGLE_UNIT() SI_UNIT($,.RADIAN.) );
#10246 = ( NAMED_UNIT(*) SI_UNIT($,.STERADIAN.) SOLID_ANGLE_UNIT() );
#10247 = UNCERTAINTY_MEASURE_WITH_UNIT(LENGTH_MEASURE(1.E-07),#10244,
  'distance_accuracy_value','confusion accuracy');
#10248 = PRODUCT_RELATED_PRODUCT_CATEGORY('part',$,(#7));
#10249 = MECHANICAL_DESIGN_GEOMETRIC_PRESENTATION_REPRESENTATION('',(
    #10250),#10243);
#10250 = STYLED_ITEM('color',(#10251),#15);
#10251 = PRESENTATION_STYLE_ASSIGNMENT((#10252,#10258));
#10252 = SURFACE_STYLE_USAGE(.BOTH.,#10253);
#10253 = SURFACE_SIDE_STYLE('',(#10254));
#10254 = SURFACE_STYLE_FILL_AREA(#10255);
#10255 = FILL_AREA_STYLE('',(#10256));
#10256 = FILL_AREA_STYLE_COLOUR('',#10257);
#10257 = COLOUR_RGB('',0.447058818107,0.474509808674,0.501960817233);
#10258 = CURVE_STYLE('',#10259,POSITIVE_LENGTH_MEASURE(0.1),#10260);
#10259 = DRAUGHTING_PRE_DEFINED_CURVE_FONT('continuous');
#10260 = COLOUR_RGB('',9.803921802644E-02,9.803921802644E-02,
  9.803921802644E-02);
ENDSEC;
END-ISO-10303-21;
