ISO-10303-21;
HEADER;
FILE_DESCRIPTION(('FreeCAD Model'),'2;1');
FILE_NAME('Open CASCADE Shape Model','2026-02-22T22:43:49',(''),(''),
  'Open CASCADE STEP processor 7.8','FreeCAD','Unknown');
FILE_SCHEMA(('AUTOMOTIVE_DESIGN { 1 0 10303 214 1 1 1 1 }'));
ENDSEC;
DATA;
#1 = APPLICATION_PROTOCOL_DEFINITION('international standard',
  'automotive_design',2000,#2);
#2 = APPLICATION_CONTEXT(
  'core data for automotive mechanical design processes');
#3 = SHAPE_DEFINITION_REPRESENTATION(#4,#10);
#4 = PRODUCT_DEFINITION_SHAPE('','',#5);
#5 = PRODUCT_DEFINITION('design','',#6,#9);
#6 = PRODUCT_DEFINITION_FORMATION('','',#7);
#7 = PRODUCT('Body','Body','',(#8));
#8 = PRODUCT_CONTEXT('',#2,'mechanical');
#9 = PRODUCT_DEFINITION_CONTEXT('part definition',#2,'design');
#10 = ADVANCED_BREP_SHAPE_REPRESENTATION('',(#11,#15),#3088);
#11 = AXIS2_PLACEMENT_3D('',#12,#13,#14);
#12 = CARTESIAN_POINT('',(0.,0.,0.));
#13 = DIRECTION('',(0.,0.,1.));
#14 = DIRECTION('',(1.,0.,-0.));
#15 = MANIFOLD_SOLID_BREP('',#16);
#16 = CLOSED_SHELL('',(#17,#86,#117,#142,#854,#878,#902,#920,#945,#962,
    #1003,#1028,#1052,#1085,#1110,#1134,#1158,#1183,#1207,#1231,#1256,
    #1290,#1314,#1339,#1364,#1388,#1421,#1445,#1469,#1493,#1518,#1542,
    #1566,#1584,#1615,#1639,#1663,#1680,#1705,#1736,#1760,#1784,#1801,
    #1832,#1856,#1873,#1904,#1928,#1945,#1976,#2000,#2017,#2042,#2073,
    #2097,#2121,#2138,#2169,#2193,#2210,#2241,#2265,#2282,#2342,#2366,
    #2419,#2436,#2461,#2492,#2516,#2540,#2557,#2588,#2612,#2636,#2653,
    #2678,#2703,#2734,#2758,#2782,#2799,#2824,#2849,#2874,#2891,#3013,
    #3025,#3042,#3059,#3071));
#17 = ADVANCED_FACE('',(#18,#70),#81,.F.);
#18 = FACE_BOUND('',#19,.F.);
#19 = EDGE_LOOP('',(#20,#30,#39,#47,#56,#64));
#20 = ORIENTED_EDGE('',*,*,#21,.T.);
#21 = EDGE_CURVE('',#22,#24,#26,.T.);
#22 = VERTEX_POINT('',#23);
#23 = CARTESIAN_POINT('',(-45.,9.2,3.));
#24 = VERTEX_POINT('',#25);
#25 = CARTESIAN_POINT('',(-45.,9.2,6.));
#26 = LINE('',#27,#28);
#27 = CARTESIAN_POINT('',(-45.,9.2,3.));
#28 = VECTOR('',#29,1.);
#29 = DIRECTION('',(0.,0.,1.));
#30 = ORIENTED_EDGE('',*,*,#31,.T.);
#31 = EDGE_CURVE('',#24,#32,#34,.T.);
#32 = VERTEX_POINT('',#33);
#33 = CARTESIAN_POINT('',(-45.,5.2,10.));
#34 = CIRCLE('',#35,4.);
#35 = AXIS2_PLACEMENT_3D('',#36,#37,#38);
#36 = CARTESIAN_POINT('',(-45.,5.2,6.));
#37 = DIRECTION('',(1.,-0.,0.));
#38 = DIRECTION('',(0.,0.,-1.));
#39 = ORIENTED_EDGE('',*,*,#40,.T.);
#40 = EDGE_CURVE('',#32,#41,#43,.T.);
#41 = VERTEX_POINT('',#42);
#42 = CARTESIAN_POINT('',(-45.,4.2,10.));
#43 = LINE('',#44,#45);
#44 = CARTESIAN_POINT('',(-45.,9.2,10.));
#45 = VECTOR('',#46,1.);
#46 = DIRECTION('',(0.,-1.,0.));
#47 = ORIENTED_EDGE('',*,*,#48,.F.);
#48 = EDGE_CURVE('',#49,#41,#51,.T.);
#49 = VERTEX_POINT('',#50);
#50 = CARTESIAN_POINT('',(-45.,0.2,6.));
#51 = CIRCLE('',#52,4.);
#52 = AXIS2_PLACEMENT_3D('',#53,#54,#55);
#53 = CARTESIAN_POINT('',(-45.,4.2,6.));
#54 = DIRECTION('',(-1.,0.,0.));
#55 = DIRECTION('',(0.,0.,1.));
#56 = ORIENTED_EDGE('',*,*,#57,.F.);
#57 = EDGE_CURVE('',#58,#49,#60,.T.);
#58 = VERTEX_POINT('',#59);
#59 = CARTESIAN_POINT('',(-45.,0.2,3.));
#60 = LINE('',#61,#62);
#61 = CARTESIAN_POINT('',(-45.,0.2,3.));
#62 = VECTOR('',#63,1.);
#63 = DIRECTION('',(0.,0.,1.));
#64 = ORIENTED_EDGE('',*,*,#65,.F.);
#65 = EDGE_CURVE('',#22,#58,#66,.T.);
#66 = LINE('',#67,#68);
#67 = CARTESIAN_POINT('',(-45.,9.2,3.));
#68 = VECTOR('',#69,1.);
#69 = DIRECTION('',(0.,-1.,0.));
#70 = FACE_BOUND('',#71,.F.);
#71 = EDGE_LOOP('',(#72));
#72 = ORIENTED_EDGE('',*,*,#73,.T.);
#73 = EDGE_CURVE('',#74,#74,#76,.T.);
#74 = VERTEX_POINT('',#75);
#75 = CARTESIAN_POINT('',(-45.,2.7,6.));
#76 = CIRCLE('',#77,2.);
#77 = AXIS2_PLACEMENT_3D('',#78,#79,#80);
#78 = CARTESIAN_POINT('',(-45.,4.7,6.));
#79 = DIRECTION('',(-1.,0.,0.));
#80 = DIRECTION('',(0.,-1.,0.));
#81 = PLANE('',#82);
#82 = AXIS2_PLACEMENT_3D('',#83,#84,#85);
#83 = CARTESIAN_POINT('',(-45.,9.2,3.));
#84 = DIRECTION('',(1.,0.,0.));
#85 = DIRECTION('',(0.,-1.,0.));
#86 = ADVANCED_FACE('',(#87),#112,.F.);
#87 = FACE_BOUND('',#88,.F.);
#88 = EDGE_LOOP('',(#89,#99,#105,#106));
#89 = ORIENTED_EDGE('',*,*,#90,.T.);
#90 = EDGE_CURVE('',#91,#93,#95,.T.);
#91 = VERTEX_POINT('',#92);
#92 = CARTESIAN_POINT('',(-42.,9.2,3.));
#93 = VERTEX_POINT('',#94);
#94 = CARTESIAN_POINT('',(-42.,9.2,6.));
#95 = LINE('',#96,#97);
#96 = CARTESIAN_POINT('',(-42.,9.2,3.));
#97 = VECTOR('',#98,1.);
#98 = DIRECTION('',(0.,0.,1.));
#99 = ORIENTED_EDGE('',*,*,#100,.T.);
#100 = EDGE_CURVE('',#93,#24,#101,.T.);
#101 = LINE('',#102,#103);
#102 = CARTESIAN_POINT('',(-42.,9.2,6.));
#103 = VECTOR('',#104,1.);
#104 = DIRECTION('',(-1.,0.,0.));
#105 = ORIENTED_EDGE('',*,*,#21,.F.);
#106 = ORIENTED_EDGE('',*,*,#107,.F.);
#107 = EDGE_CURVE('',#91,#22,#108,.T.);
#108 = LINE('',#109,#110);
#109 = CARTESIAN_POINT('',(-42.,9.2,3.));
#110 = VECTOR('',#111,1.);
#111 = DIRECTION('',(-1.,0.,0.));
#112 = PLANE('',#113);
#113 = AXIS2_PLACEMENT_3D('',#114,#115,#116);
#114 = CARTESIAN_POINT('',(-42.,9.2,3.));
#115 = DIRECTION('',(0.,-1.,0.));
#116 = DIRECTION('',(-1.,0.,0.));
#117 = ADVANCED_FACE('',(#118),#137,.T.);
#118 = FACE_BOUND('',#119,.F.);
#119 = EDGE_LOOP('',(#120,#129,#135,#136));
#120 = ORIENTED_EDGE('',*,*,#121,.T.);
#121 = EDGE_CURVE('',#93,#122,#124,.T.);
#122 = VERTEX_POINT('',#123);
#123 = CARTESIAN_POINT('',(-42.,5.2,10.));
#124 = CIRCLE('',#125,4.);
#125 = AXIS2_PLACEMENT_3D('',#126,#127,#128);
#126 = CARTESIAN_POINT('',(-42.,5.2,6.));
#127 = DIRECTION('',(1.,-0.,0.));
#128 = DIRECTION('',(0.,0.,-1.));
#129 = ORIENTED_EDGE('',*,*,#130,.T.);
#130 = EDGE_CURVE('',#122,#32,#131,.T.);
#131 = LINE('',#132,#133);
#132 = CARTESIAN_POINT('',(-42.,5.2,10.));
#133 = VECTOR('',#134,1.);
#134 = DIRECTION('',(-1.,0.,0.));
#135 = ORIENTED_EDGE('',*,*,#31,.F.);
#136 = ORIENTED_EDGE('',*,*,#100,.F.);
#137 = CYLINDRICAL_SURFACE('',#138,4.);
#138 = AXIS2_PLACEMENT_3D('',#139,#140,#141);
#139 = CARTESIAN_POINT('',(-42.,5.2,6.));
#140 = DIRECTION('',(-1.,0.,0.));
#141 = DIRECTION('',(0.,1.,0.));
#142 = ADVANCED_FACE('',(#143,#375,#409,#420,#454,#472,#498,#524,#550,
    #561,#595,#621,#647,#681,#692,#726,#760,#771,#782,#816,#827,#838),
  #849,.T.);
#143 = FACE_BOUND('',#144,.T.);
#144 = EDGE_LOOP('',(#145,#155,#163,#171,#180,#188,#197,#205,#213,#221,
    #229,#237,#245,#253,#261,#270,#278,#287,#295,#303,#311,#320,#328,
    #337,#345,#353,#361,#369));
#145 = ORIENTED_EDGE('',*,*,#146,.F.);
#146 = EDGE_CURVE('',#147,#149,#151,.T.);
#147 = VERTEX_POINT('',#148);
#148 = CARTESIAN_POINT('',(-35.5,-24.8,3.));
#149 = VERTEX_POINT('',#150);
#150 = CARTESIAN_POINT('',(-35.5,-22.3,3.));
#151 = LINE('',#152,#153);
#152 = CARTESIAN_POINT('',(-35.5,-7.61308411215,3.));
#153 = VECTOR('',#154,1.);
#154 = DIRECTION('',(0.,1.,0.));
#155 = ORIENTED_EDGE('',*,*,#156,.F.);
#156 = EDGE_CURVE('',#157,#147,#159,.T.);
#157 = VERTEX_POINT('',#158);
#158 = CARTESIAN_POINT('',(-35.5,-27.8,3.));
#159 = LINE('',#160,#161);
#160 = CARTESIAN_POINT('',(-35.5,-27.8,3.));
#161 = VECTOR('',#162,1.);
#162 = DIRECTION('',(0.,1.,0.));
#163 = ORIENTED_EDGE('',*,*,#164,.F.);
#164 = EDGE_CURVE('',#165,#157,#167,.T.);
#165 = VERTEX_POINT('',#166);
#166 = CARTESIAN_POINT('',(-12.5,-27.8,3.));
#167 = LINE('',#168,#169);
#168 = CARTESIAN_POINT('',(47.,-27.8,3.));
#169 = VECTOR('',#170,1.);
#170 = DIRECTION('',(-1.,0.,0.));
#171 = ORIENTED_EDGE('',*,*,#172,.F.);
#172 = EDGE_CURVE('',#173,#165,#175,.T.);
#173 = VERTEX_POINT('',#174);
#174 = CARTESIAN_POINT('',(-5.5,-27.8,3.));
#175 = CIRCLE('',#176,3.5);
#176 = AXIS2_PLACEMENT_3D('',#177,#178,#179);
#177 = CARTESIAN_POINT('',(-9.,-27.8,3.));
#178 = DIRECTION('',(0.,0.,1.));
#179 = DIRECTION('',(1.,0.,0.));
#180 = ORIENTED_EDGE('',*,*,#181,.F.);
#181 = EDGE_CURVE('',#182,#173,#184,.T.);
#182 = VERTEX_POINT('',#183);
#183 = CARTESIAN_POINT('',(5.5,-27.8,3.));
#184 = LINE('',#185,#186);
#185 = CARTESIAN_POINT('',(47.,-27.8,3.));
#186 = VECTOR('',#187,1.);
#187 = DIRECTION('',(-1.,0.,0.));
#188 = ORIENTED_EDGE('',*,*,#189,.F.);
#189 = EDGE_CURVE('',#190,#182,#192,.T.);
#190 = VERTEX_POINT('',#191);
#191 = CARTESIAN_POINT('',(12.5,-27.8,3.));
#192 = CIRCLE('',#193,3.5);
#193 = AXIS2_PLACEMENT_3D('',#194,#195,#196);
#194 = CARTESIAN_POINT('',(9.,-27.8,3.));
#195 = DIRECTION('',(0.,0.,1.));
#196 = DIRECTION('',(1.,0.,0.));
#197 = ORIENTED_EDGE('',*,*,#198,.F.);
#198 = EDGE_CURVE('',#199,#190,#201,.T.);
#199 = VERTEX_POINT('',#200);
#200 = CARTESIAN_POINT('',(35.5,-27.8,3.));
#201 = LINE('',#202,#203);
#202 = CARTESIAN_POINT('',(47.,-27.8,3.));
#203 = VECTOR('',#204,1.);
#204 = DIRECTION('',(-1.,0.,0.));
#205 = ORIENTED_EDGE('',*,*,#206,.F.);
#206 = EDGE_CURVE('',#207,#199,#209,.T.);
#207 = VERTEX_POINT('',#208);
#208 = CARTESIAN_POINT('',(35.5,-24.79999999997,3.));
#209 = LINE('',#210,#211);
#210 = CARTESIAN_POINT('',(35.5,-24.79999999997,3.));
#211 = VECTOR('',#212,1.);
#212 = DIRECTION('',(0.,-1.,0.));
#213 = ORIENTED_EDGE('',*,*,#214,.T.);
#214 = EDGE_CURVE('',#207,#215,#217,.T.);
#215 = VERTEX_POINT('',#216);
#216 = CARTESIAN_POINT('',(35.5,-22.29999999997,3.));
#217 = LINE('',#218,#219);
#218 = CARTESIAN_POINT('',(35.5,-6.113084112136,3.));
#219 = VECTOR('',#220,1.);
#220 = DIRECTION('',(0.,1.,0.));
#221 = ORIENTED_EDGE('',*,*,#222,.F.);
#222 = EDGE_CURVE('',#223,#215,#225,.T.);
#223 = VERTEX_POINT('',#224);
#224 = CARTESIAN_POINT('',(40.5,-22.29999999997,3.));
#225 = LINE('',#226,#227);
#226 = CARTESIAN_POINT('',(40.5,-22.29999999997,3.));
#227 = VECTOR('',#228,1.);
#228 = DIRECTION('',(-1.,0.,0.));
#229 = ORIENTED_EDGE('',*,*,#230,.F.);
#230 = EDGE_CURVE('',#231,#223,#233,.T.);
#231 = VERTEX_POINT('',#232);
#232 = CARTESIAN_POINT('',(40.5,-24.79999999997,3.));
#233 = LINE('',#234,#235);
#234 = CARTESIAN_POINT('',(40.5,-7.61308411215,3.));
#235 = VECTOR('',#236,1.);
#236 = DIRECTION('',(0.,1.,0.));
#237 = ORIENTED_EDGE('',*,*,#238,.F.);
#238 = EDGE_CURVE('',#239,#231,#241,.T.);
#239 = VERTEX_POINT('',#240);
#240 = CARTESIAN_POINT('',(40.5,-27.8,3.));
#241 = LINE('',#242,#243);
#242 = CARTESIAN_POINT('',(40.5,-27.8,3.));
#243 = VECTOR('',#244,1.);
#244 = DIRECTION('',(0.,1.,0.));
#245 = ORIENTED_EDGE('',*,*,#246,.F.);
#246 = EDGE_CURVE('',#247,#239,#249,.T.);
#247 = VERTEX_POINT('',#248);
#248 = CARTESIAN_POINT('',(47.,-27.8,3.));
#249 = LINE('',#250,#251);
#250 = CARTESIAN_POINT('',(47.,-27.8,3.));
#251 = VECTOR('',#252,1.);
#252 = DIRECTION('',(-1.,0.,0.));
#253 = ORIENTED_EDGE('',*,*,#254,.F.);
#254 = EDGE_CURVE('',#255,#247,#257,.T.);
#255 = VERTEX_POINT('',#256);
#256 = CARTESIAN_POINT('',(47.,53.2,3.));
#257 = LINE('',#258,#259);
#258 = CARTESIAN_POINT('',(47.,57.2,3.));
#259 = VECTOR('',#260,1.);
#260 = DIRECTION('',(0.,-1.,0.));
#261 = ORIENTED_EDGE('',*,*,#262,.T.);
#262 = EDGE_CURVE('',#255,#263,#265,.T.);
#263 = VERTEX_POINT('',#264);
#264 = CARTESIAN_POINT('',(43.,57.2,3.));
#265 = CIRCLE('',#266,4.);
#266 = AXIS2_PLACEMENT_3D('',#267,#268,#269);
#267 = CARTESIAN_POINT('',(43.,53.2,3.));
#268 = DIRECTION('',(-0.,0.,1.));
#269 = DIRECTION('',(0.,-1.,0.));
#270 = ORIENTED_EDGE('',*,*,#271,.F.);
#271 = EDGE_CURVE('',#272,#263,#274,.T.);
#272 = VERTEX_POINT('',#273);
#273 = CARTESIAN_POINT('',(42.,57.2,3.));
#274 = LINE('',#275,#276);
#275 = CARTESIAN_POINT('',(38.,57.2,3.));
#276 = VECTOR('',#277,1.);
#277 = DIRECTION('',(1.,0.,0.));
#278 = ORIENTED_EDGE('',*,*,#279,.T.);
#279 = EDGE_CURVE('',#272,#280,#282,.T.);
#280 = VERTEX_POINT('',#281);
#281 = CARTESIAN_POINT('',(38.,53.2,3.));
#282 = CIRCLE('',#283,4.);
#283 = AXIS2_PLACEMENT_3D('',#284,#285,#286);
#284 = CARTESIAN_POINT('',(42.,53.2,3.));
#285 = DIRECTION('',(-0.,0.,1.));
#286 = DIRECTION('',(0.,-1.,0.));
#287 = ORIENTED_EDGE('',*,*,#288,.F.);
#288 = EDGE_CURVE('',#289,#280,#291,.T.);
#289 = VERTEX_POINT('',#290);
#290 = CARTESIAN_POINT('',(38.,22.2,3.));
#291 = LINE('',#292,#293);
#292 = CARTESIAN_POINT('',(38.,22.2,3.));
#293 = VECTOR('',#294,1.);
#294 = DIRECTION('',(0.,1.,0.));
#295 = ORIENTED_EDGE('',*,*,#296,.F.);
#296 = EDGE_CURVE('',#297,#289,#299,.T.);
#297 = VERTEX_POINT('',#298);
#298 = CARTESIAN_POINT('',(-38.,22.2,3.));
#299 = LINE('',#300,#301);
#300 = CARTESIAN_POINT('',(-38.,22.2,3.));
#301 = VECTOR('',#302,1.);
#302 = DIRECTION('',(1.,0.,0.));
#303 = ORIENTED_EDGE('',*,*,#304,.F.);
#304 = EDGE_CURVE('',#305,#297,#307,.T.);
#305 = VERTEX_POINT('',#306);
#306 = CARTESIAN_POINT('',(-38.,53.2,3.));
#307 = LINE('',#308,#309);
#308 = CARTESIAN_POINT('',(-38.,57.2,3.));
#309 = VECTOR('',#310,1.);
#310 = DIRECTION('',(0.,-1.,0.));
#311 = ORIENTED_EDGE('',*,*,#312,.T.);
#312 = EDGE_CURVE('',#305,#313,#315,.T.);
#313 = VERTEX_POINT('',#314);
#314 = CARTESIAN_POINT('',(-42.,57.2,3.));
#315 = CIRCLE('',#316,4.);
#316 = AXIS2_PLACEMENT_3D('',#317,#318,#319);
#317 = CARTESIAN_POINT('',(-42.,53.2,3.));
#318 = DIRECTION('',(-0.,0.,1.));
#319 = DIRECTION('',(0.,-1.,0.));
#320 = ORIENTED_EDGE('',*,*,#321,.F.);
#321 = EDGE_CURVE('',#322,#313,#324,.T.);
#322 = VERTEX_POINT('',#323);
#323 = CARTESIAN_POINT('',(-43.,57.2,3.));
#324 = LINE('',#325,#326);
#325 = CARTESIAN_POINT('',(-47.,57.2,3.));
#326 = VECTOR('',#327,1.);
#327 = DIRECTION('',(1.,0.,0.));
#328 = ORIENTED_EDGE('',*,*,#329,.T.);
#329 = EDGE_CURVE('',#322,#330,#332,.T.);
#330 = VERTEX_POINT('',#331);
#331 = CARTESIAN_POINT('',(-47.,53.2,3.));
#332 = CIRCLE('',#333,4.);
#333 = AXIS2_PLACEMENT_3D('',#334,#335,#336);
#334 = CARTESIAN_POINT('',(-43.,53.2,3.));
#335 = DIRECTION('',(-0.,0.,1.));
#336 = DIRECTION('',(0.,-1.,0.));
#337 = ORIENTED_EDGE('',*,*,#338,.F.);
#338 = EDGE_CURVE('',#339,#330,#341,.T.);
#339 = VERTEX_POINT('',#340);
#340 = CARTESIAN_POINT('',(-47.,-27.8,3.));
#341 = LINE('',#342,#343);
#342 = CARTESIAN_POINT('',(-47.,-27.8,3.));
#343 = VECTOR('',#344,1.);
#344 = DIRECTION('',(0.,1.,0.));
#345 = ORIENTED_EDGE('',*,*,#346,.F.);
#346 = EDGE_CURVE('',#347,#339,#349,.T.);
#347 = VERTEX_POINT('',#348);
#348 = CARTESIAN_POINT('',(-40.5,-27.8,3.));
#349 = LINE('',#350,#351);
#350 = CARTESIAN_POINT('',(47.,-27.8,3.));
#351 = VECTOR('',#352,1.);
#352 = DIRECTION('',(-1.,0.,0.));
#353 = ORIENTED_EDGE('',*,*,#354,.F.);
#354 = EDGE_CURVE('',#355,#347,#357,.T.);
#355 = VERTEX_POINT('',#356);
#356 = CARTESIAN_POINT('',(-40.5,-24.8,3.));
#357 = LINE('',#358,#359);
#358 = CARTESIAN_POINT('',(-40.5,-24.8,3.));
#359 = VECTOR('',#360,1.);
#360 = DIRECTION('',(0.,-1.,0.));
#361 = ORIENTED_EDGE('',*,*,#362,.T.);
#362 = EDGE_CURVE('',#355,#363,#365,.T.);
#363 = VERTEX_POINT('',#364);
#364 = CARTESIAN_POINT('',(-40.5,-22.3,3.));
#365 = LINE('',#366,#367);
#366 = CARTESIAN_POINT('',(-40.5,-6.11308411215,3.));
#367 = VECTOR('',#368,1.);
#368 = DIRECTION('',(0.,1.,0.));
#369 = ORIENTED_EDGE('',*,*,#370,.F.);
#370 = EDGE_CURVE('',#149,#363,#371,.T.);
#371 = LINE('',#372,#373);
#372 = CARTESIAN_POINT('',(-35.5,-22.3,3.));
#373 = VECTOR('',#374,1.);
#374 = DIRECTION('',(-1.,0.,0.));
#375 = FACE_BOUND('',#376,.T.);
#376 = EDGE_LOOP('',(#377,#387,#395,#403));
#377 = ORIENTED_EDGE('',*,*,#378,.F.);
#378 = EDGE_CURVE('',#379,#381,#383,.T.);
#379 = VERTEX_POINT('',#380);
#380 = CARTESIAN_POINT('',(-37.1,-15.7,3.));
#381 = VERTEX_POINT('',#382);
#382 = CARTESIAN_POINT('',(-37.1,-18.9,3.));
#383 = LINE('',#384,#385);
#384 = CARTESIAN_POINT('',(-37.1,-15.7,3.));
#385 = VECTOR('',#386,1.);
#386 = DIRECTION('',(0.,-1.,0.));
#387 = ORIENTED_EDGE('',*,*,#388,.F.);
#388 = EDGE_CURVE('',#389,#379,#391,.T.);
#389 = VERTEX_POINT('',#390);
#390 = CARTESIAN_POINT('',(-26.9,-15.7,3.));
#391 = LINE('',#392,#393);
#392 = CARTESIAN_POINT('',(-26.9,-15.7,3.));
#393 = VECTOR('',#394,1.);
#394 = DIRECTION('',(-1.,0.,0.));
#395 = ORIENTED_EDGE('',*,*,#396,.F.);
#396 = EDGE_CURVE('',#397,#389,#399,.T.);
#397 = VERTEX_POINT('',#398);
#398 = CARTESIAN_POINT('',(-26.9,-18.9,3.));
#399 = LINE('',#400,#401);
#400 = CARTESIAN_POINT('',(-26.9,-18.9,3.));
#401 = VECTOR('',#402,1.);
#402 = DIRECTION('',(0.,1.,0.));
#403 = ORIENTED_EDGE('',*,*,#404,.F.);
#404 = EDGE_CURVE('',#381,#397,#405,.T.);
#405 = LINE('',#406,#407);
#406 = CARTESIAN_POINT('',(-37.1,-18.9,3.));
#407 = VECTOR('',#408,1.);
#408 = DIRECTION('',(1.,0.,0.));
#409 = FACE_BOUND('',#410,.T.);
#410 = EDGE_LOOP('',(#411));
#411 = ORIENTED_EDGE('',*,*,#412,.F.);
#412 = EDGE_CURVE('',#413,#413,#415,.T.);
#413 = VERTEX_POINT('',#414);
#414 = CARTESIAN_POINT('',(-17.9,-23.8,3.));
#415 = CIRCLE('',#416,1.6);
#416 = AXIS2_PLACEMENT_3D('',#417,#418,#419);
#417 = CARTESIAN_POINT('',(-19.5,-23.8,3.));
#418 = DIRECTION('',(0.,0.,1.));
#419 = DIRECTION('',(1.,0.,0.));
#420 = FACE_BOUND('',#421,.T.);
#421 = EDGE_LOOP('',(#422,#432,#440,#448));
#422 = ORIENTED_EDGE('',*,*,#423,.F.);
#423 = EDGE_CURVE('',#424,#426,#428,.T.);
#424 = VERTEX_POINT('',#425);
#425 = CARTESIAN_POINT('',(-5.1,-15.7,3.));
#426 = VERTEX_POINT('',#427);
#427 = CARTESIAN_POINT('',(-5.1,-18.9,3.));
#428 = LINE('',#429,#430);
#429 = CARTESIAN_POINT('',(-5.1,-15.7,3.));
#430 = VECTOR('',#431,1.);
#431 = DIRECTION('',(0.,-1.,0.));
#432 = ORIENTED_EDGE('',*,*,#433,.F.);
#433 = EDGE_CURVE('',#434,#424,#436,.T.);
#434 = VERTEX_POINT('',#435);
#435 = CARTESIAN_POINT('',(5.1,-15.7,3.));
#436 = LINE('',#437,#438);
#437 = CARTESIAN_POINT('',(5.1,-15.7,3.));
#438 = VECTOR('',#439,1.);
#439 = DIRECTION('',(-1.,0.,0.));
#440 = ORIENTED_EDGE('',*,*,#441,.F.);
#441 = EDGE_CURVE('',#442,#434,#444,.T.);
#442 = VERTEX_POINT('',#443);
#443 = CARTESIAN_POINT('',(5.1,-18.9,3.));
#444 = LINE('',#445,#446);
#445 = CARTESIAN_POINT('',(5.1,-18.9,3.));
#446 = VECTOR('',#447,1.);
#447 = DIRECTION('',(0.,1.,0.));
#448 = ORIENTED_EDGE('',*,*,#449,.F.);
#449 = EDGE_CURVE('',#426,#442,#450,.T.);
#450 = LINE('',#451,#452);
#451 = CARTESIAN_POINT('',(-5.1,-18.9,3.));
#452 = VECTOR('',#453,1.);
#453 = DIRECTION('',(1.,0.,0.));
#454 = FACE_BOUND('',#455,.T.);
#455 = EDGE_LOOP('',(#456,#457,#458,#466));
#456 = ORIENTED_EDGE('',*,*,#65,.F.);
#457 = ORIENTED_EDGE('',*,*,#107,.F.);
#458 = ORIENTED_EDGE('',*,*,#459,.F.);
#459 = EDGE_CURVE('',#460,#91,#462,.T.);
#460 = VERTEX_POINT('',#461);
#461 = CARTESIAN_POINT('',(-42.,0.2,3.));
#462 = LINE('',#463,#464);
#463 = CARTESIAN_POINT('',(-42.,0.2,3.));
#464 = VECTOR('',#465,1.);
#465 = DIRECTION('',(0.,1.,0.));
#466 = ORIENTED_EDGE('',*,*,#467,.F.);
#467 = EDGE_CURVE('',#58,#460,#468,.T.);
#468 = LINE('',#469,#470);
#469 = CARTESIAN_POINT('',(-45.,0.2,3.));
#470 = VECTOR('',#471,1.);
#471 = DIRECTION('',(1.,0.,0.));
#472 = FACE_BOUND('',#473,.T.);
#473 = EDGE_LOOP('',(#474,#484,#492));
#474 = ORIENTED_EDGE('',*,*,#475,.T.);
#475 = EDGE_CURVE('',#476,#478,#480,.T.);
#476 = VERTEX_POINT('',#477);
#477 = CARTESIAN_POINT('',(-31.33333333333,-12.,3.));
#478 = VERTEX_POINT('',#479);
#479 = CARTESIAN_POINT('',(-40.5,12.,3.));
#480 = LINE('',#481,#482);
#481 = CARTESIAN_POINT('',(-31.33333333333,-12.,3.));
#482 = VECTOR('',#483,1.);
#483 = DIRECTION('',(-0.356804507641,0.93417907455,0.));
#484 = ORIENTED_EDGE('',*,*,#485,.T.);
#485 = EDGE_CURVE('',#478,#486,#488,.T.);
#486 = VERTEX_POINT('',#487);
#487 = CARTESIAN_POINT('',(-22.16666666666,12.,3.));
#488 = LINE('',#489,#490);
#489 = CARTESIAN_POINT('',(-40.5,12.,3.));
#490 = VECTOR('',#491,1.);
#491 = DIRECTION('',(1.,0.,0.));
#492 = ORIENTED_EDGE('',*,*,#493,.T.);
#493 = EDGE_CURVE('',#486,#476,#494,.T.);
#494 = LINE('',#495,#496);
#495 = CARTESIAN_POINT('',(-22.16666666666,12.,3.));
#496 = VECTOR('',#497,1.);
#497 = DIRECTION('',(-0.356804507641,-0.93417907455,0.));
#498 = FACE_BOUND('',#499,.T.);
#499 = EDGE_LOOP('',(#500,#510,#518));
#500 = ORIENTED_EDGE('',*,*,#501,.T.);
#501 = EDGE_CURVE('',#502,#504,#506,.T.);
#502 = VERTEX_POINT('',#503);
#503 = CARTESIAN_POINT('',(-6.5,-12.,3.));
#504 = VERTEX_POINT('',#505);
#505 = CARTESIAN_POINT('',(-24.83333333333,-12.,3.));
#506 = LINE('',#507,#508);
#507 = CARTESIAN_POINT('',(-6.5,-12.,3.));
#508 = VECTOR('',#509,1.);
#509 = DIRECTION('',(-1.,0.,0.));
#510 = ORIENTED_EDGE('',*,*,#511,.T.);
#511 = EDGE_CURVE('',#504,#512,#514,.T.);
#512 = VERTEX_POINT('',#513);
#513 = CARTESIAN_POINT('',(-15.66666666666,12.,3.));
#514 = LINE('',#515,#516);
#515 = CARTESIAN_POINT('',(-24.83333333333,-12.,3.));
#516 = VECTOR('',#517,1.);
#517 = DIRECTION('',(0.356804507641,0.93417907455,0.));
#518 = ORIENTED_EDGE('',*,*,#519,.T.);
#519 = EDGE_CURVE('',#512,#502,#520,.T.);
#520 = LINE('',#521,#522);
#521 = CARTESIAN_POINT('',(-15.66666666666,12.,3.));
#522 = VECTOR('',#523,1.);
#523 = DIRECTION('',(0.356804507641,-0.93417907455,0.));
#524 = FACE_BOUND('',#525,.T.);
#525 = EDGE_LOOP('',(#526,#536,#544));
#526 = ORIENTED_EDGE('',*,*,#527,.T.);
#527 = EDGE_CURVE('',#528,#530,#532,.T.);
#528 = VERTEX_POINT('',#529);
#529 = CARTESIAN_POINT('',(0.,-12.,3.));
#530 = VERTEX_POINT('',#531);
#531 = CARTESIAN_POINT('',(-9.166666666667,12.,3.));
#532 = LINE('',#533,#534);
#533 = CARTESIAN_POINT('',(0.,-12.,3.));
#534 = VECTOR('',#535,1.);
#535 = DIRECTION('',(-0.356804507641,0.93417907455,0.));
#536 = ORIENTED_EDGE('',*,*,#537,.T.);
#537 = EDGE_CURVE('',#530,#538,#540,.T.);
#538 = VERTEX_POINT('',#539);
#539 = CARTESIAN_POINT('',(9.166666666667,12.,3.));
#540 = LINE('',#541,#542);
#541 = CARTESIAN_POINT('',(-9.166666666667,12.,3.));
#542 = VECTOR('',#543,1.);
#543 = DIRECTION('',(1.,0.,0.));
#544 = ORIENTED_EDGE('',*,*,#545,.T.);
#545 = EDGE_CURVE('',#538,#528,#546,.T.);
#546 = LINE('',#547,#548);
#547 = CARTESIAN_POINT('',(9.166666666667,12.,3.));
#548 = VECTOR('',#549,1.);
#549 = DIRECTION('',(-0.356804507641,-0.93417907455,0.));
#550 = FACE_BOUND('',#551,.T.);
#551 = EDGE_LOOP('',(#552));
#552 = ORIENTED_EDGE('',*,*,#553,.F.);
#553 = EDGE_CURVE('',#554,#554,#556,.T.);
#554 = VERTEX_POINT('',#555);
#555 = CARTESIAN_POINT('',(21.1,-23.8,3.));
#556 = CIRCLE('',#557,1.6);
#557 = AXIS2_PLACEMENT_3D('',#558,#559,#560);
#558 = CARTESIAN_POINT('',(19.5,-23.8,3.));
#559 = DIRECTION('',(0.,0.,1.));
#560 = DIRECTION('',(1.,0.,0.));
#561 = FACE_BOUND('',#562,.T.);
#562 = EDGE_LOOP('',(#563,#573,#581,#589));
#563 = ORIENTED_EDGE('',*,*,#564,.F.);
#564 = EDGE_CURVE('',#565,#567,#569,.T.);
#565 = VERTEX_POINT('',#566);
#566 = CARTESIAN_POINT('',(26.9,-15.7,3.));
#567 = VERTEX_POINT('',#568);
#568 = CARTESIAN_POINT('',(26.9,-18.9,3.));
#569 = LINE('',#570,#571);
#570 = CARTESIAN_POINT('',(26.9,-15.7,3.));
#571 = VECTOR('',#572,1.);
#572 = DIRECTION('',(0.,-1.,0.));
#573 = ORIENTED_EDGE('',*,*,#574,.F.);
#574 = EDGE_CURVE('',#575,#565,#577,.T.);
#575 = VERTEX_POINT('',#576);
#576 = CARTESIAN_POINT('',(37.1,-15.7,3.));
#577 = LINE('',#578,#579);
#578 = CARTESIAN_POINT('',(37.1,-15.7,3.));
#579 = VECTOR('',#580,1.);
#580 = DIRECTION('',(-1.,0.,0.));
#581 = ORIENTED_EDGE('',*,*,#582,.F.);
#582 = EDGE_CURVE('',#583,#575,#585,.T.);
#583 = VERTEX_POINT('',#584);
#584 = CARTESIAN_POINT('',(37.1,-18.9,3.));
#585 = LINE('',#586,#587);
#586 = CARTESIAN_POINT('',(37.1,-18.9,3.));
#587 = VECTOR('',#588,1.);
#588 = DIRECTION('',(0.,1.,0.));
#589 = ORIENTED_EDGE('',*,*,#590,.F.);
#590 = EDGE_CURVE('',#567,#583,#591,.T.);
#591 = LINE('',#592,#593);
#592 = CARTESIAN_POINT('',(26.9,-18.9,3.));
#593 = VECTOR('',#594,1.);
#594 = DIRECTION('',(1.,0.,0.));
#595 = FACE_BOUND('',#596,.T.);
#596 = EDGE_LOOP('',(#597,#607,#615));
#597 = ORIENTED_EDGE('',*,*,#598,.T.);
#598 = EDGE_CURVE('',#599,#601,#603,.T.);
#599 = VERTEX_POINT('',#600);
#600 = CARTESIAN_POINT('',(24.833333333333,-12.,3.));
#601 = VERTEX_POINT('',#602);
#602 = CARTESIAN_POINT('',(6.5,-12.,3.));
#603 = LINE('',#604,#605);
#604 = CARTESIAN_POINT('',(24.833333333333,-12.,3.));
#605 = VECTOR('',#606,1.);
#606 = DIRECTION('',(-1.,0.,0.));
#607 = ORIENTED_EDGE('',*,*,#608,.T.);
#608 = EDGE_CURVE('',#601,#609,#611,.T.);
#609 = VERTEX_POINT('',#610);
#610 = CARTESIAN_POINT('',(15.666666666667,12.,3.));
#611 = LINE('',#612,#613);
#612 = CARTESIAN_POINT('',(6.5,-12.,3.));
#613 = VECTOR('',#614,1.);
#614 = DIRECTION('',(0.356804507641,0.93417907455,0.));
#615 = ORIENTED_EDGE('',*,*,#616,.T.);
#616 = EDGE_CURVE('',#609,#599,#617,.T.);
#617 = LINE('',#618,#619);
#618 = CARTESIAN_POINT('',(15.666666666667,12.,3.));
#619 = VECTOR('',#620,1.);
#620 = DIRECTION('',(0.356804507641,-0.93417907455,0.));
#621 = FACE_BOUND('',#622,.T.);
#622 = EDGE_LOOP('',(#623,#633,#641));
#623 = ORIENTED_EDGE('',*,*,#624,.T.);
#624 = EDGE_CURVE('',#625,#627,#629,.T.);
#625 = VERTEX_POINT('',#626);
#626 = CARTESIAN_POINT('',(31.333333333333,-12.,3.));
#627 = VERTEX_POINT('',#628);
#628 = CARTESIAN_POINT('',(22.166666666667,12.,3.));
#629 = LINE('',#630,#631);
#630 = CARTESIAN_POINT('',(31.333333333333,-12.,3.));
#631 = VECTOR('',#632,1.);
#632 = DIRECTION('',(-0.356804507641,0.93417907455,0.));
#633 = ORIENTED_EDGE('',*,*,#634,.T.);
#634 = EDGE_CURVE('',#627,#635,#637,.T.);
#635 = VERTEX_POINT('',#636);
#636 = CARTESIAN_POINT('',(40.5,12.,3.));
#637 = LINE('',#638,#639);
#638 = CARTESIAN_POINT('',(22.166666666667,12.,3.));
#639 = VECTOR('',#640,1.);
#640 = DIRECTION('',(1.,0.,0.));
#641 = ORIENTED_EDGE('',*,*,#642,.T.);
#642 = EDGE_CURVE('',#635,#625,#643,.T.);
#643 = LINE('',#644,#645);
#644 = CARTESIAN_POINT('',(40.5,12.,3.));
#645 = VECTOR('',#646,1.);
#646 = DIRECTION('',(-0.356804507641,-0.93417907455,0.));
#647 = FACE_BOUND('',#648,.T.);
#648 = EDGE_LOOP('',(#649,#659,#667,#675));
#649 = ORIENTED_EDGE('',*,*,#650,.F.);
#650 = EDGE_CURVE('',#651,#653,#655,.T.);
#651 = VERTEX_POINT('',#652);
#652 = CARTESIAN_POINT('',(42.,9.2,3.));
#653 = VERTEX_POINT('',#654);
#654 = CARTESIAN_POINT('',(42.,0.2,3.));
#655 = LINE('',#656,#657);
#656 = CARTESIAN_POINT('',(42.,9.2,3.));
#657 = VECTOR('',#658,1.);
#658 = DIRECTION('',(0.,-1.,0.));
#659 = ORIENTED_EDGE('',*,*,#660,.F.);
#660 = EDGE_CURVE('',#661,#651,#663,.T.);
#661 = VERTEX_POINT('',#662);
#662 = CARTESIAN_POINT('',(45.000000000028,9.2,3.));
#663 = LINE('',#664,#665);
#664 = CARTESIAN_POINT('',(45.000000000028,9.2,3.));
#665 = VECTOR('',#666,1.);
#666 = DIRECTION('',(-1.,0.,0.));
#667 = ORIENTED_EDGE('',*,*,#668,.F.);
#668 = EDGE_CURVE('',#669,#661,#671,.T.);
#669 = VERTEX_POINT('',#670);
#670 = CARTESIAN_POINT('',(45.000000000028,0.2,3.));
#671 = LINE('',#672,#673);
#672 = CARTESIAN_POINT('',(45.000000000028,0.2,3.));
#673 = VECTOR('',#674,1.);
#674 = DIRECTION('',(0.,1.,0.));
#675 = ORIENTED_EDGE('',*,*,#676,.F.);
#676 = EDGE_CURVE('',#653,#669,#677,.T.);
#677 = LINE('',#678,#679);
#678 = CARTESIAN_POINT('',(42.,0.2,3.));
#679 = VECTOR('',#680,1.);
#680 = DIRECTION('',(1.,0.,0.));
#681 = FACE_BOUND('',#682,.T.);
#682 = EDGE_LOOP('',(#683));
#683 = ORIENTED_EDGE('',*,*,#684,.F.);
#684 = EDGE_CURVE('',#685,#685,#687,.T.);
#685 = VERTEX_POINT('',#686);
#686 = CARTESIAN_POINT('',(-41.1,20.8,3.));
#687 = CIRCLE('',#688,1.4);
#688 = AXIS2_PLACEMENT_3D('',#689,#690,#691);
#689 = CARTESIAN_POINT('',(-42.5,20.8,3.));
#690 = DIRECTION('',(0.,0.,1.));
#691 = DIRECTION('',(1.,0.,0.));
#692 = FACE_BOUND('',#693,.T.);
#693 = EDGE_LOOP('',(#694,#704,#712,#720));
#694 = ORIENTED_EDGE('',*,*,#695,.F.);
#695 = EDGE_CURVE('',#696,#698,#700,.T.);
#696 = VERTEX_POINT('',#697);
#697 = CARTESIAN_POINT('',(-37.1,18.9,3.));
#698 = VERTEX_POINT('',#699);
#699 = CARTESIAN_POINT('',(-37.1,15.7,3.));
#700 = LINE('',#701,#702);
#701 = CARTESIAN_POINT('',(-37.1,18.9,3.));
#702 = VECTOR('',#703,1.);
#703 = DIRECTION('',(0.,-1.,0.));
#704 = ORIENTED_EDGE('',*,*,#705,.F.);
#705 = EDGE_CURVE('',#706,#696,#708,.T.);
#706 = VERTEX_POINT('',#707);
#707 = CARTESIAN_POINT('',(-26.9,18.9,3.));
#708 = LINE('',#709,#710);
#709 = CARTESIAN_POINT('',(-26.9,18.9,3.));
#710 = VECTOR('',#711,1.);
#711 = DIRECTION('',(-1.,0.,0.));
#712 = ORIENTED_EDGE('',*,*,#713,.F.);
#713 = EDGE_CURVE('',#714,#706,#716,.T.);
#714 = VERTEX_POINT('',#715);
#715 = CARTESIAN_POINT('',(-26.9,15.7,3.));
#716 = LINE('',#717,#718);
#717 = CARTESIAN_POINT('',(-26.9,15.7,3.));
#718 = VECTOR('',#719,1.);
#719 = DIRECTION('',(0.,1.,0.));
#720 = ORIENTED_EDGE('',*,*,#721,.F.);
#721 = EDGE_CURVE('',#698,#714,#722,.T.);
#722 = LINE('',#723,#724);
#723 = CARTESIAN_POINT('',(-37.1,15.7,3.));
#724 = VECTOR('',#725,1.);
#725 = DIRECTION('',(1.,0.,0.));
#726 = FACE_BOUND('',#727,.T.);
#727 = EDGE_LOOP('',(#728,#738,#746,#754));
#728 = ORIENTED_EDGE('',*,*,#729,.F.);
#729 = EDGE_CURVE('',#730,#732,#734,.T.);
#730 = VERTEX_POINT('',#731);
#731 = CARTESIAN_POINT('',(-5.1,18.9,3.));
#732 = VERTEX_POINT('',#733);
#733 = CARTESIAN_POINT('',(-5.1,15.7,3.));
#734 = LINE('',#735,#736);
#735 = CARTESIAN_POINT('',(-5.1,18.9,3.));
#736 = VECTOR('',#737,1.);
#737 = DIRECTION('',(0.,-1.,0.));
#738 = ORIENTED_EDGE('',*,*,#739,.F.);
#739 = EDGE_CURVE('',#740,#730,#742,.T.);
#740 = VERTEX_POINT('',#741);
#741 = CARTESIAN_POINT('',(5.1,18.9,3.));
#742 = LINE('',#743,#744);
#743 = CARTESIAN_POINT('',(5.1,18.9,3.));
#744 = VECTOR('',#745,1.);
#745 = DIRECTION('',(-1.,0.,0.));
#746 = ORIENTED_EDGE('',*,*,#747,.F.);
#747 = EDGE_CURVE('',#748,#740,#750,.T.);
#748 = VERTEX_POINT('',#749);
#749 = CARTESIAN_POINT('',(5.1,15.7,3.));
#750 = LINE('',#751,#752);
#751 = CARTESIAN_POINT('',(5.1,15.7,3.));
#752 = VECTOR('',#753,1.);
#753 = DIRECTION('',(0.,1.,0.));
#754 = ORIENTED_EDGE('',*,*,#755,.F.);
#755 = EDGE_CURVE('',#732,#748,#756,.T.);
#756 = LINE('',#757,#758);
#757 = CARTESIAN_POINT('',(-5.1,15.7,3.));
#758 = VECTOR('',#759,1.);
#759 = DIRECTION('',(1.,0.,0.));
#760 = FACE_BOUND('',#761,.T.);
#761 = EDGE_LOOP('',(#762));
#762 = ORIENTED_EDGE('',*,*,#763,.F.);
#763 = EDGE_CURVE('',#764,#764,#766,.T.);
#764 = VERTEX_POINT('',#765);
#765 = CARTESIAN_POINT('',(-41.1,44.2,3.));
#766 = CIRCLE('',#767,1.4);
#767 = AXIS2_PLACEMENT_3D('',#768,#769,#770);
#768 = CARTESIAN_POINT('',(-42.5,44.2,3.));
#769 = DIRECTION('',(0.,0.,1.));
#770 = DIRECTION('',(1.,0.,0.));
#771 = FACE_BOUND('',#772,.T.);
#772 = EDGE_LOOP('',(#773));
#773 = ORIENTED_EDGE('',*,*,#774,.F.);
#774 = EDGE_CURVE('',#775,#775,#777,.T.);
#775 = VERTEX_POINT('',#776);
#776 = CARTESIAN_POINT('',(-40.5,53.2,3.));
#777 = CIRCLE('',#778,2.);
#778 = AXIS2_PLACEMENT_3D('',#779,#780,#781);
#779 = CARTESIAN_POINT('',(-42.5,53.2,3.));
#780 = DIRECTION('',(0.,0.,1.));
#781 = DIRECTION('',(1.,0.,0.));
#782 = FACE_BOUND('',#783,.T.);
#783 = EDGE_LOOP('',(#784,#794,#802,#810));
#784 = ORIENTED_EDGE('',*,*,#785,.F.);
#785 = EDGE_CURVE('',#786,#788,#790,.T.);
#786 = VERTEX_POINT('',#787);
#787 = CARTESIAN_POINT('',(26.9,18.9,3.));
#788 = VERTEX_POINT('',#789);
#789 = CARTESIAN_POINT('',(26.9,15.7,3.));
#790 = LINE('',#791,#792);
#791 = CARTESIAN_POINT('',(26.9,18.9,3.));
#792 = VECTOR('',#793,1.);
#793 = DIRECTION('',(0.,-1.,0.));
#794 = ORIENTED_EDGE('',*,*,#795,.F.);
#795 = EDGE_CURVE('',#796,#786,#798,.T.);
#796 = VERTEX_POINT('',#797);
#797 = CARTESIAN_POINT('',(37.1,18.9,3.));
#798 = LINE('',#799,#800);
#799 = CARTESIAN_POINT('',(37.1,18.9,3.));
#800 = VECTOR('',#801,1.);
#801 = DIRECTION('',(-1.,0.,0.));
#802 = ORIENTED_EDGE('',*,*,#803,.F.);
#803 = EDGE_CURVE('',#804,#796,#806,.T.);
#804 = VERTEX_POINT('',#805);
#805 = CARTESIAN_POINT('',(37.1,15.7,3.));
#806 = LINE('',#807,#808);
#807 = CARTESIAN_POINT('',(37.1,15.7,3.));
#808 = VECTOR('',#809,1.);
#809 = DIRECTION('',(0.,1.,0.));
#810 = ORIENTED_EDGE('',*,*,#811,.F.);
#811 = EDGE_CURVE('',#788,#804,#812,.T.);
#812 = LINE('',#813,#814);
#813 = CARTESIAN_POINT('',(26.9,15.7,3.));
#814 = VECTOR('',#815,1.);
#815 = DIRECTION('',(1.,0.,0.));
#816 = FACE_BOUND('',#817,.T.);
#817 = EDGE_LOOP('',(#818));
#818 = ORIENTED_EDGE('',*,*,#819,.F.);
#819 = EDGE_CURVE('',#820,#820,#822,.T.);
#820 = VERTEX_POINT('',#821);
#821 = CARTESIAN_POINT('',(43.9,20.8,3.));
#822 = CIRCLE('',#823,1.4);
#823 = AXIS2_PLACEMENT_3D('',#824,#825,#826);
#824 = CARTESIAN_POINT('',(42.5,20.8,3.));
#825 = DIRECTION('',(0.,0.,1.));
#826 = DIRECTION('',(1.,0.,0.));
#827 = FACE_BOUND('',#828,.T.);
#828 = EDGE_LOOP('',(#829));
#829 = ORIENTED_EDGE('',*,*,#830,.F.);
#830 = EDGE_CURVE('',#831,#831,#833,.T.);
#831 = VERTEX_POINT('',#832);
#832 = CARTESIAN_POINT('',(43.9,44.2,3.));
#833 = CIRCLE('',#834,1.4);
#834 = AXIS2_PLACEMENT_3D('',#835,#836,#837);
#835 = CARTESIAN_POINT('',(42.5,44.2,3.));
#836 = DIRECTION('',(0.,0.,1.));
#837 = DIRECTION('',(1.,0.,0.));
#838 = FACE_BOUND('',#839,.T.);
#839 = EDGE_LOOP('',(#840));
#840 = ORIENTED_EDGE('',*,*,#841,.F.);
#841 = EDGE_CURVE('',#842,#842,#844,.T.);
#842 = VERTEX_POINT('',#843);
#843 = CARTESIAN_POINT('',(44.5,53.2,3.));
#844 = CIRCLE('',#845,2.);
#845 = AXIS2_PLACEMENT_3D('',#846,#847,#848);
#846 = CARTESIAN_POINT('',(42.5,53.2,3.));
#847 = DIRECTION('',(0.,0.,1.));
#848 = DIRECTION('',(1.,0.,0.));
#849 = PLANE('',#850);
#850 = AXIS2_PLACEMENT_3D('',#851,#852,#853);
#851 = CARTESIAN_POINT('',(0.,12.573831775701,3.));
#852 = DIRECTION('',(0.,0.,1.));
#853 = DIRECTION('',(1.,0.,0.));
#854 = ADVANCED_FACE('',(#855),#873,.T.);
#855 = FACE_BOUND('',#856,.T.);
#856 = EDGE_LOOP('',(#857,#858,#866,#872));
#857 = ORIENTED_EDGE('',*,*,#40,.T.);
#858 = ORIENTED_EDGE('',*,*,#859,.T.);
#859 = EDGE_CURVE('',#41,#860,#862,.T.);
#860 = VERTEX_POINT('',#861);
#861 = CARTESIAN_POINT('',(-42.,4.2,10.));
#862 = LINE('',#863,#864);
#863 = CARTESIAN_POINT('',(-45.,4.2,10.));
#864 = VECTOR('',#865,1.);
#865 = DIRECTION('',(1.,0.,0.));
#866 = ORIENTED_EDGE('',*,*,#867,.T.);
#867 = EDGE_CURVE('',#860,#122,#868,.T.);
#868 = LINE('',#869,#870);
#869 = CARTESIAN_POINT('',(-42.,0.2,10.));
#870 = VECTOR('',#871,1.);
#871 = DIRECTION('',(0.,1.,0.));
#872 = ORIENTED_EDGE('',*,*,#130,.T.);
#873 = PLANE('',#874);
#874 = AXIS2_PLACEMENT_3D('',#875,#876,#877);
#875 = CARTESIAN_POINT('',(5.855997E-11,4.7,10.));
#876 = DIRECTION('',(0.,0.,1.));
#877 = DIRECTION('',(1.,0.,0.));
#878 = ADVANCED_FACE('',(#879),#897,.F.);
#879 = FACE_BOUND('',#880,.F.);
#880 = EDGE_LOOP('',(#881,#882,#890,#896));
#881 = ORIENTED_EDGE('',*,*,#57,.T.);
#882 = ORIENTED_EDGE('',*,*,#883,.T.);
#883 = EDGE_CURVE('',#49,#884,#886,.T.);
#884 = VERTEX_POINT('',#885);
#885 = CARTESIAN_POINT('',(-42.,0.2,6.));
#886 = LINE('',#887,#888);
#887 = CARTESIAN_POINT('',(-45.,0.2,6.));
#888 = VECTOR('',#889,1.);
#889 = DIRECTION('',(1.,0.,0.));
#890 = ORIENTED_EDGE('',*,*,#891,.F.);
#891 = EDGE_CURVE('',#460,#884,#892,.T.);
#892 = LINE('',#893,#894);
#893 = CARTESIAN_POINT('',(-42.,0.2,3.));
#894 = VECTOR('',#895,1.);
#895 = DIRECTION('',(0.,0.,1.));
#896 = ORIENTED_EDGE('',*,*,#467,.F.);
#897 = PLANE('',#898);
#898 = AXIS2_PLACEMENT_3D('',#899,#900,#901);
#899 = CARTESIAN_POINT('',(-45.,0.2,3.));
#900 = DIRECTION('',(0.,1.,0.));
#901 = DIRECTION('',(1.,0.,0.));
#902 = ADVANCED_FACE('',(#903),#915,.T.);
#903 = FACE_BOUND('',#904,.F.);
#904 = EDGE_LOOP('',(#905,#906,#907,#914));
#905 = ORIENTED_EDGE('',*,*,#48,.T.);
#906 = ORIENTED_EDGE('',*,*,#859,.T.);
#907 = ORIENTED_EDGE('',*,*,#908,.F.);
#908 = EDGE_CURVE('',#884,#860,#909,.T.);
#909 = CIRCLE('',#910,4.);
#910 = AXIS2_PLACEMENT_3D('',#911,#912,#913);
#911 = CARTESIAN_POINT('',(-42.,4.2,6.));
#912 = DIRECTION('',(-1.,0.,0.));
#913 = DIRECTION('',(0.,0.,1.));
#914 = ORIENTED_EDGE('',*,*,#883,.F.);
#915 = CYLINDRICAL_SURFACE('',#916,4.);
#916 = AXIS2_PLACEMENT_3D('',#917,#918,#919);
#917 = CARTESIAN_POINT('',(-45.,4.2,6.));
#918 = DIRECTION('',(1.,0.,0.));
#919 = DIRECTION('',(0.,-1.,0.));
#920 = ADVANCED_FACE('',(#921),#940,.F.);
#921 = FACE_BOUND('',#922,.F.);
#922 = EDGE_LOOP('',(#923,#924,#932,#939));
#923 = ORIENTED_EDGE('',*,*,#73,.F.);
#924 = ORIENTED_EDGE('',*,*,#925,.T.);
#925 = EDGE_CURVE('',#74,#926,#928,.T.);
#926 = VERTEX_POINT('',#927);
#927 = CARTESIAN_POINT('',(-42.,2.7,6.));
#928 = LINE('',#929,#930);
#929 = CARTESIAN_POINT('',(-45.,2.7,6.));
#930 = VECTOR('',#931,1.);
#931 = DIRECTION('',(1.,0.,0.));
#932 = ORIENTED_EDGE('',*,*,#933,.T.);
#933 = EDGE_CURVE('',#926,#926,#934,.T.);
#934 = CIRCLE('',#935,2.);
#935 = AXIS2_PLACEMENT_3D('',#936,#937,#938);
#936 = CARTESIAN_POINT('',(-42.,4.7,6.));
#937 = DIRECTION('',(-1.,0.,0.));
#938 = DIRECTION('',(0.,-1.,0.));
#939 = ORIENTED_EDGE('',*,*,#925,.F.);
#940 = CYLINDRICAL_SURFACE('',#941,2.);
#941 = AXIS2_PLACEMENT_3D('',#942,#943,#944);
#942 = CARTESIAN_POINT('',(-45.,4.7,6.));
#943 = DIRECTION('',(-1.,0.,0.));
#944 = DIRECTION('',(0.,-1.,0.));
#945 = ADVANCED_FACE('',(#946,#954),#957,.F.);
#946 = FACE_BOUND('',#947,.F.);
#947 = EDGE_LOOP('',(#948,#949,#950,#951,#952,#953));
#948 = ORIENTED_EDGE('',*,*,#891,.T.);
#949 = ORIENTED_EDGE('',*,*,#908,.T.);
#950 = ORIENTED_EDGE('',*,*,#867,.T.);
#951 = ORIENTED_EDGE('',*,*,#121,.F.);
#952 = ORIENTED_EDGE('',*,*,#90,.F.);
#953 = ORIENTED_EDGE('',*,*,#459,.F.);
#954 = FACE_BOUND('',#955,.F.);
#955 = EDGE_LOOP('',(#956));
#956 = ORIENTED_EDGE('',*,*,#933,.F.);
#957 = PLANE('',#958);
#958 = AXIS2_PLACEMENT_3D('',#959,#960,#961);
#959 = CARTESIAN_POINT('',(-42.,0.2,3.));
#960 = DIRECTION('',(-1.,0.,0.));
#961 = DIRECTION('',(0.,1.,0.));
#962 = ADVANCED_FACE('',(#963),#998,.F.);
#963 = FACE_BOUND('',#964,.F.);
#964 = EDGE_LOOP('',(#965,#975,#982,#983,#984,#992));
#965 = ORIENTED_EDGE('',*,*,#966,.F.);
#966 = EDGE_CURVE('',#967,#969,#971,.T.);
#967 = VERTEX_POINT('',#968);
#968 = CARTESIAN_POINT('',(-35.5,-24.8,0.5));
#969 = VERTEX_POINT('',#970);
#970 = CARTESIAN_POINT('',(-35.5,-24.8,0.));
#971 = LINE('',#972,#973);
#972 = CARTESIAN_POINT('',(-35.5,-24.8,3.));
#973 = VECTOR('',#974,1.);
#974 = DIRECTION('',(-0.,-0.,-1.));
#975 = ORIENTED_EDGE('',*,*,#976,.F.);
#976 = EDGE_CURVE('',#149,#967,#977,.T.);
#977 = CIRCLE('',#978,2.5);
#978 = AXIS2_PLACEMENT_3D('',#979,#980,#981);
#979 = CARTESIAN_POINT('',(-35.5,-22.3,0.5));
#980 = DIRECTION('',(1.,-0.,0.));
#981 = DIRECTION('',(0.,0.,-1.));
#982 = ORIENTED_EDGE('',*,*,#146,.F.);
#983 = ORIENTED_EDGE('',*,*,#156,.F.);
#984 = ORIENTED_EDGE('',*,*,#985,.T.);
#985 = EDGE_CURVE('',#157,#986,#988,.T.);
#986 = VERTEX_POINT('',#987);
#987 = CARTESIAN_POINT('',(-35.5,-27.8,0.));
#988 = LINE('',#989,#990);
#989 = CARTESIAN_POINT('',(-35.5,-27.8,3.));
#990 = VECTOR('',#991,1.);
#991 = DIRECTION('',(-0.,-0.,-1.));
#992 = ORIENTED_EDGE('',*,*,#993,.T.);
#993 = EDGE_CURVE('',#986,#969,#994,.T.);
#994 = LINE('',#995,#996);
#995 = CARTESIAN_POINT('',(-35.5,-7.61308411215,0.));
#996 = VECTOR('',#997,1.);
#997 = DIRECTION('',(0.,1.,0.));
#998 = PLANE('',#999);
#999 = AXIS2_PLACEMENT_3D('',#1000,#1001,#1002);
#1000 = CARTESIAN_POINT('',(-35.5,-27.8,3.));
#1001 = DIRECTION('',(1.,0.,0.));
#1002 = DIRECTION('',(0.,1.,0.));
#1003 = ADVANCED_FACE('',(#1004),#1023,.T.);
#1004 = FACE_BOUND('',#1005,.F.);
#1005 = EDGE_LOOP('',(#1006,#1007,#1015,#1022));
#1006 = ORIENTED_EDGE('',*,*,#976,.T.);
#1007 = ORIENTED_EDGE('',*,*,#1008,.T.);
#1008 = EDGE_CURVE('',#967,#1009,#1011,.T.);
#1009 = VERTEX_POINT('',#1010);
#1010 = CARTESIAN_POINT('',(-40.5,-24.8,0.5));
#1011 = LINE('',#1012,#1013);
#1012 = CARTESIAN_POINT('',(-35.5,-24.8,0.5));
#1013 = VECTOR('',#1014,1.);
#1014 = DIRECTION('',(-1.,0.,0.));
#1015 = ORIENTED_EDGE('',*,*,#1016,.F.);
#1016 = EDGE_CURVE('',#363,#1009,#1017,.T.);
#1017 = CIRCLE('',#1018,2.5);
#1018 = AXIS2_PLACEMENT_3D('',#1019,#1020,#1021);
#1019 = CARTESIAN_POINT('',(-40.5,-22.3,0.5));
#1020 = DIRECTION('',(1.,-0.,0.));
#1021 = DIRECTION('',(0.,0.,-1.));
#1022 = ORIENTED_EDGE('',*,*,#370,.F.);
#1023 = CYLINDRICAL_SURFACE('',#1024,2.5);
#1024 = AXIS2_PLACEMENT_3D('',#1025,#1026,#1027);
#1025 = CARTESIAN_POINT('',(-35.5,-22.3,0.5));
#1026 = DIRECTION('',(-1.,0.,0.));
#1027 = DIRECTION('',(0.,0.,1.));
#1028 = ADVANCED_FACE('',(#1029),#1047,.T.);
#1029 = FACE_BOUND('',#1030,.T.);
#1030 = EDGE_LOOP('',(#1031,#1039,#1045,#1046));
#1031 = ORIENTED_EDGE('',*,*,#1032,.F.);
#1032 = EDGE_CURVE('',#1033,#986,#1035,.T.);
#1033 = VERTEX_POINT('',#1034);
#1034 = CARTESIAN_POINT('',(-12.5,-27.8,0.));
#1035 = LINE('',#1036,#1037);
#1036 = CARTESIAN_POINT('',(47.,-27.8,0.));
#1037 = VECTOR('',#1038,1.);
#1038 = DIRECTION('',(-1.,0.,0.));
#1039 = ORIENTED_EDGE('',*,*,#1040,.F.);
#1040 = EDGE_CURVE('',#165,#1033,#1041,.T.);
#1041 = LINE('',#1042,#1043);
#1042 = CARTESIAN_POINT('',(-12.5,-27.8,3.));
#1043 = VECTOR('',#1044,1.);
#1044 = DIRECTION('',(-0.,-0.,-1.));
#1045 = ORIENTED_EDGE('',*,*,#164,.T.);
#1046 = ORIENTED_EDGE('',*,*,#985,.T.);
#1047 = PLANE('',#1048);
#1048 = AXIS2_PLACEMENT_3D('',#1049,#1050,#1051);
#1049 = CARTESIAN_POINT('',(47.,-27.8,0.));
#1050 = DIRECTION('',(0.,-1.,0.));
#1051 = DIRECTION('',(-1.,0.,0.));
#1052 = ADVANCED_FACE('',(#1053),#1080,.F.);
#1053 = FACE_BOUND('',#1054,.F.);
#1054 = EDGE_LOOP('',(#1055,#1063,#1071,#1077,#1078,#1079));
#1055 = ORIENTED_EDGE('',*,*,#1056,.T.);
#1056 = EDGE_CURVE('',#1009,#1057,#1059,.T.);
#1057 = VERTEX_POINT('',#1058);
#1058 = CARTESIAN_POINT('',(-40.5,-24.8,0.));
#1059 = LINE('',#1060,#1061);
#1060 = CARTESIAN_POINT('',(-40.5,-24.8,3.));
#1061 = VECTOR('',#1062,1.);
#1062 = DIRECTION('',(-0.,-0.,-1.));
#1063 = ORIENTED_EDGE('',*,*,#1064,.T.);
#1064 = EDGE_CURVE('',#1057,#1065,#1067,.T.);
#1065 = VERTEX_POINT('',#1066);
#1066 = CARTESIAN_POINT('',(-40.5,-27.8,0.));
#1067 = LINE('',#1068,#1069);
#1068 = CARTESIAN_POINT('',(-40.5,-6.11308411215,0.));
#1069 = VECTOR('',#1070,1.);
#1070 = DIRECTION('',(0.,-1.,0.));
#1071 = ORIENTED_EDGE('',*,*,#1072,.F.);
#1072 = EDGE_CURVE('',#347,#1065,#1073,.T.);
#1073 = LINE('',#1074,#1075);
#1074 = CARTESIAN_POINT('',(-40.5,-27.8,3.));
#1075 = VECTOR('',#1076,1.);
#1076 = DIRECTION('',(-0.,-0.,-1.));
#1077 = ORIENTED_EDGE('',*,*,#354,.F.);
#1078 = ORIENTED_EDGE('',*,*,#362,.T.);
#1079 = ORIENTED_EDGE('',*,*,#1016,.T.);
#1080 = PLANE('',#1081);
#1081 = AXIS2_PLACEMENT_3D('',#1082,#1083,#1084);
#1082 = CARTESIAN_POINT('',(-40.5,-24.8,3.));
#1083 = DIRECTION('',(-1.,0.,0.));
#1084 = DIRECTION('',(0.,-1.,0.));
#1085 = ADVANCED_FACE('',(#1086),#1105,.F.);
#1086 = FACE_BOUND('',#1087,.F.);
#1087 = EDGE_LOOP('',(#1088,#1089,#1097,#1104));
#1088 = ORIENTED_EDGE('',*,*,#172,.F.);
#1089 = ORIENTED_EDGE('',*,*,#1090,.T.);
#1090 = EDGE_CURVE('',#173,#1091,#1093,.T.);
#1091 = VERTEX_POINT('',#1092);
#1092 = CARTESIAN_POINT('',(-5.5,-27.8,0.));
#1093 = LINE('',#1094,#1095);
#1094 = CARTESIAN_POINT('',(-5.5,-27.8,3.));
#1095 = VECTOR('',#1096,1.);
#1096 = DIRECTION('',(-0.,-0.,-1.));
#1097 = ORIENTED_EDGE('',*,*,#1098,.T.);
#1098 = EDGE_CURVE('',#1091,#1033,#1099,.T.);
#1099 = CIRCLE('',#1100,3.5);
#1100 = AXIS2_PLACEMENT_3D('',#1101,#1102,#1103);
#1101 = CARTESIAN_POINT('',(-9.,-27.8,0.));
#1102 = DIRECTION('',(0.,0.,1.));
#1103 = DIRECTION('',(1.,0.,0.));
#1104 = ORIENTED_EDGE('',*,*,#1040,.F.);
#1105 = CYLINDRICAL_SURFACE('',#1106,3.5);
#1106 = AXIS2_PLACEMENT_3D('',#1107,#1108,#1109);
#1107 = CARTESIAN_POINT('',(-9.,-27.8,3.));
#1108 = DIRECTION('',(0.,0.,1.));
#1109 = DIRECTION('',(1.,0.,0.));
#1110 = ADVANCED_FACE('',(#1111),#1129,.T.);
#1111 = FACE_BOUND('',#1112,.T.);
#1112 = EDGE_LOOP('',(#1113,#1121,#1127,#1128));
#1113 = ORIENTED_EDGE('',*,*,#1114,.F.);
#1114 = EDGE_CURVE('',#1115,#1091,#1117,.T.);
#1115 = VERTEX_POINT('',#1116);
#1116 = CARTESIAN_POINT('',(5.5,-27.8,0.));
#1117 = LINE('',#1118,#1119);
#1118 = CARTESIAN_POINT('',(47.,-27.8,0.));
#1119 = VECTOR('',#1120,1.);
#1120 = DIRECTION('',(-1.,0.,0.));
#1121 = ORIENTED_EDGE('',*,*,#1122,.F.);
#1122 = EDGE_CURVE('',#182,#1115,#1123,.T.);
#1123 = LINE('',#1124,#1125);
#1124 = CARTESIAN_POINT('',(5.5,-27.8,3.));
#1125 = VECTOR('',#1126,1.);
#1126 = DIRECTION('',(-0.,-0.,-1.));
#1127 = ORIENTED_EDGE('',*,*,#181,.T.);
#1128 = ORIENTED_EDGE('',*,*,#1090,.T.);
#1129 = PLANE('',#1130);
#1130 = AXIS2_PLACEMENT_3D('',#1131,#1132,#1133);
#1131 = CARTESIAN_POINT('',(47.,-27.8,0.));
#1132 = DIRECTION('',(0.,-1.,0.));
#1133 = DIRECTION('',(-1.,0.,0.));
#1134 = ADVANCED_FACE('',(#1135),#1153,.T.);
#1135 = FACE_BOUND('',#1136,.T.);
#1136 = EDGE_LOOP('',(#1137,#1145,#1146,#1147));
#1137 = ORIENTED_EDGE('',*,*,#1138,.F.);
#1138 = EDGE_CURVE('',#1065,#1139,#1141,.T.);
#1139 = VERTEX_POINT('',#1140);
#1140 = CARTESIAN_POINT('',(-47.,-27.8,0.));
#1141 = LINE('',#1142,#1143);
#1142 = CARTESIAN_POINT('',(47.,-27.8,0.));
#1143 = VECTOR('',#1144,1.);
#1144 = DIRECTION('',(-1.,0.,0.));
#1145 = ORIENTED_EDGE('',*,*,#1072,.F.);
#1146 = ORIENTED_EDGE('',*,*,#346,.T.);
#1147 = ORIENTED_EDGE('',*,*,#1148,.F.);
#1148 = EDGE_CURVE('',#1139,#339,#1149,.T.);
#1149 = LINE('',#1150,#1151);
#1150 = CARTESIAN_POINT('',(-47.,-27.8,0.));
#1151 = VECTOR('',#1152,1.);
#1152 = DIRECTION('',(0.,0.,1.));
#1153 = PLANE('',#1154);
#1154 = AXIS2_PLACEMENT_3D('',#1155,#1156,#1157);
#1155 = CARTESIAN_POINT('',(47.,-27.8,0.));
#1156 = DIRECTION('',(0.,-1.,0.));
#1157 = DIRECTION('',(-1.,0.,0.));
#1158 = ADVANCED_FACE('',(#1159),#1178,.F.);
#1159 = FACE_BOUND('',#1160,.F.);
#1160 = EDGE_LOOP('',(#1161,#1162,#1170,#1177));
#1161 = ORIENTED_EDGE('',*,*,#189,.F.);
#1162 = ORIENTED_EDGE('',*,*,#1163,.T.);
#1163 = EDGE_CURVE('',#190,#1164,#1166,.T.);
#1164 = VERTEX_POINT('',#1165);
#1165 = CARTESIAN_POINT('',(12.5,-27.8,0.));
#1166 = LINE('',#1167,#1168);
#1167 = CARTESIAN_POINT('',(12.5,-27.8,3.));
#1168 = VECTOR('',#1169,1.);
#1169 = DIRECTION('',(-0.,-0.,-1.));
#1170 = ORIENTED_EDGE('',*,*,#1171,.T.);
#1171 = EDGE_CURVE('',#1164,#1115,#1172,.T.);
#1172 = CIRCLE('',#1173,3.5);
#1173 = AXIS2_PLACEMENT_3D('',#1174,#1175,#1176);
#1174 = CARTESIAN_POINT('',(9.,-27.8,0.));
#1175 = DIRECTION('',(0.,0.,1.));
#1176 = DIRECTION('',(1.,0.,0.));
#1177 = ORIENTED_EDGE('',*,*,#1122,.F.);
#1178 = CYLINDRICAL_SURFACE('',#1179,3.5);
#1179 = AXIS2_PLACEMENT_3D('',#1180,#1181,#1182);
#1180 = CARTESIAN_POINT('',(9.,-27.8,3.));
#1181 = DIRECTION('',(0.,0.,1.));
#1182 = DIRECTION('',(1.,0.,0.));
#1183 = ADVANCED_FACE('',(#1184),#1202,.T.);
#1184 = FACE_BOUND('',#1185,.T.);
#1185 = EDGE_LOOP('',(#1186,#1194,#1195,#1196));
#1186 = ORIENTED_EDGE('',*,*,#1187,.F.);
#1187 = EDGE_CURVE('',#1139,#1188,#1190,.T.);
#1188 = VERTEX_POINT('',#1189);
#1189 = CARTESIAN_POINT('',(-47.,53.2,0.));
#1190 = LINE('',#1191,#1192);
#1191 = CARTESIAN_POINT('',(-47.,-27.8,0.));
#1192 = VECTOR('',#1193,1.);
#1193 = DIRECTION('',(0.,1.,0.));
#1194 = ORIENTED_EDGE('',*,*,#1148,.T.);
#1195 = ORIENTED_EDGE('',*,*,#338,.T.);
#1196 = ORIENTED_EDGE('',*,*,#1197,.F.);
#1197 = EDGE_CURVE('',#1188,#330,#1198,.T.);
#1198 = LINE('',#1199,#1200);
#1199 = CARTESIAN_POINT('',(-47.,53.2,0.));
#1200 = VECTOR('',#1201,1.);
#1201 = DIRECTION('',(0.,0.,1.));
#1202 = PLANE('',#1203);
#1203 = AXIS2_PLACEMENT_3D('',#1204,#1205,#1206);
#1204 = CARTESIAN_POINT('',(-47.,-27.8,0.));
#1205 = DIRECTION('',(-1.,0.,0.));
#1206 = DIRECTION('',(0.,1.,0.));
#1207 = ADVANCED_FACE('',(#1208),#1226,.T.);
#1208 = FACE_BOUND('',#1209,.T.);
#1209 = EDGE_LOOP('',(#1210,#1218,#1224,#1225));
#1210 = ORIENTED_EDGE('',*,*,#1211,.F.);
#1211 = EDGE_CURVE('',#1212,#1164,#1214,.T.);
#1212 = VERTEX_POINT('',#1213);
#1213 = CARTESIAN_POINT('',(35.5,-27.8,0.));
#1214 = LINE('',#1215,#1216);
#1215 = CARTESIAN_POINT('',(47.,-27.8,0.));
#1216 = VECTOR('',#1217,1.);
#1217 = DIRECTION('',(-1.,0.,0.));
#1218 = ORIENTED_EDGE('',*,*,#1219,.F.);
#1219 = EDGE_CURVE('',#199,#1212,#1220,.T.);
#1220 = LINE('',#1221,#1222);
#1221 = CARTESIAN_POINT('',(35.5,-27.8,3.));
#1222 = VECTOR('',#1223,1.);
#1223 = DIRECTION('',(-0.,-0.,-1.));
#1224 = ORIENTED_EDGE('',*,*,#198,.T.);
#1225 = ORIENTED_EDGE('',*,*,#1163,.T.);
#1226 = PLANE('',#1227);
#1227 = AXIS2_PLACEMENT_3D('',#1228,#1229,#1230);
#1228 = CARTESIAN_POINT('',(47.,-27.8,0.));
#1229 = DIRECTION('',(0.,-1.,0.));
#1230 = DIRECTION('',(-1.,0.,0.));
#1231 = ADVANCED_FACE('',(#1232),#1251,.T.);
#1232 = FACE_BOUND('',#1233,.T.);
#1233 = EDGE_LOOP('',(#1234,#1243,#1244,#1245));
#1234 = ORIENTED_EDGE('',*,*,#1235,.T.);
#1235 = EDGE_CURVE('',#1236,#1188,#1238,.T.);
#1236 = VERTEX_POINT('',#1237);
#1237 = CARTESIAN_POINT('',(-43.,57.2,0.));
#1238 = CIRCLE('',#1239,4.);
#1239 = AXIS2_PLACEMENT_3D('',#1240,#1241,#1242);
#1240 = CARTESIAN_POINT('',(-43.,53.2,0.));
#1241 = DIRECTION('',(-0.,0.,1.));
#1242 = DIRECTION('',(0.,-1.,0.));
#1243 = ORIENTED_EDGE('',*,*,#1197,.T.);
#1244 = ORIENTED_EDGE('',*,*,#329,.F.);
#1245 = ORIENTED_EDGE('',*,*,#1246,.F.);
#1246 = EDGE_CURVE('',#1236,#322,#1247,.T.);
#1247 = LINE('',#1248,#1249);
#1248 = CARTESIAN_POINT('',(-43.,57.2,0.));
#1249 = VECTOR('',#1250,1.);
#1250 = DIRECTION('',(0.,0.,1.));
#1251 = CYLINDRICAL_SURFACE('',#1252,4.);
#1252 = AXIS2_PLACEMENT_3D('',#1253,#1254,#1255);
#1253 = CARTESIAN_POINT('',(-43.,53.2,0.));
#1254 = DIRECTION('',(0.,0.,1.));
#1255 = DIRECTION('',(0.,1.,0.));
#1256 = ADVANCED_FACE('',(#1257),#1285,.F.);
#1257 = FACE_BOUND('',#1258,.F.);
#1258 = EDGE_LOOP('',(#1259,#1269,#1275,#1276,#1277,#1278));
#1259 = ORIENTED_EDGE('',*,*,#1260,.T.);
#1260 = EDGE_CURVE('',#1261,#1263,#1265,.T.);
#1261 = VERTEX_POINT('',#1262);
#1262 = CARTESIAN_POINT('',(35.5,-24.79999999997,0.5));
#1263 = VERTEX_POINT('',#1264);
#1264 = CARTESIAN_POINT('',(35.5,-24.79999999997,0.));
#1265 = LINE('',#1266,#1267);
#1266 = CARTESIAN_POINT('',(35.5,-24.79999999997,3.));
#1267 = VECTOR('',#1268,1.);
#1268 = DIRECTION('',(-0.,-0.,-1.));
#1269 = ORIENTED_EDGE('',*,*,#1270,.T.);
#1270 = EDGE_CURVE('',#1263,#1212,#1271,.T.);
#1271 = LINE('',#1272,#1273);
#1272 = CARTESIAN_POINT('',(35.5,-6.113084112136,0.));
#1273 = VECTOR('',#1274,1.);
#1274 = DIRECTION('',(0.,-1.,0.));
#1275 = ORIENTED_EDGE('',*,*,#1219,.F.);
#1276 = ORIENTED_EDGE('',*,*,#206,.F.);
#1277 = ORIENTED_EDGE('',*,*,#214,.T.);
#1278 = ORIENTED_EDGE('',*,*,#1279,.T.);
#1279 = EDGE_CURVE('',#215,#1261,#1280,.T.);
#1280 = CIRCLE('',#1281,2.5);
#1281 = AXIS2_PLACEMENT_3D('',#1282,#1283,#1284);
#1282 = CARTESIAN_POINT('',(35.5,-22.29999999997,0.5));
#1283 = DIRECTION('',(1.,-0.,0.));
#1284 = DIRECTION('',(0.,0.,-1.));
#1285 = PLANE('',#1286);
#1286 = AXIS2_PLACEMENT_3D('',#1287,#1288,#1289);
#1287 = CARTESIAN_POINT('',(35.5,-24.79999999997,3.));
#1288 = DIRECTION('',(-1.,0.,0.));
#1289 = DIRECTION('',(0.,-1.,0.));
#1290 = ADVANCED_FACE('',(#1291),#1309,.T.);
#1291 = FACE_BOUND('',#1292,.T.);
#1292 = EDGE_LOOP('',(#1293,#1301,#1302,#1303));
#1293 = ORIENTED_EDGE('',*,*,#1294,.F.);
#1294 = EDGE_CURVE('',#1236,#1295,#1297,.T.);
#1295 = VERTEX_POINT('',#1296);
#1296 = CARTESIAN_POINT('',(-42.,57.2,0.));
#1297 = LINE('',#1298,#1299);
#1298 = CARTESIAN_POINT('',(-47.,57.2,0.));
#1299 = VECTOR('',#1300,1.);
#1300 = DIRECTION('',(1.,0.,0.));
#1301 = ORIENTED_EDGE('',*,*,#1246,.T.);
#1302 = ORIENTED_EDGE('',*,*,#321,.T.);
#1303 = ORIENTED_EDGE('',*,*,#1304,.F.);
#1304 = EDGE_CURVE('',#1295,#313,#1305,.T.);
#1305 = LINE('',#1306,#1307);
#1306 = CARTESIAN_POINT('',(-42.,57.2,0.));
#1307 = VECTOR('',#1308,1.);
#1308 = DIRECTION('',(0.,0.,1.));
#1309 = PLANE('',#1310);
#1310 = AXIS2_PLACEMENT_3D('',#1311,#1312,#1313);
#1311 = CARTESIAN_POINT('',(-47.,57.2,0.));
#1312 = DIRECTION('',(0.,1.,0.));
#1313 = DIRECTION('',(1.,0.,0.));
#1314 = ADVANCED_FACE('',(#1315),#1334,.T.);
#1315 = FACE_BOUND('',#1316,.T.);
#1316 = EDGE_LOOP('',(#1317,#1326,#1327,#1328));
#1317 = ORIENTED_EDGE('',*,*,#1318,.T.);
#1318 = EDGE_CURVE('',#1319,#1295,#1321,.T.);
#1319 = VERTEX_POINT('',#1320);
#1320 = CARTESIAN_POINT('',(-38.,53.2,0.));
#1321 = CIRCLE('',#1322,4.);
#1322 = AXIS2_PLACEMENT_3D('',#1323,#1324,#1325);
#1323 = CARTESIAN_POINT('',(-42.,53.2,0.));
#1324 = DIRECTION('',(-0.,0.,1.));
#1325 = DIRECTION('',(0.,-1.,0.));
#1326 = ORIENTED_EDGE('',*,*,#1304,.T.);
#1327 = ORIENTED_EDGE('',*,*,#312,.F.);
#1328 = ORIENTED_EDGE('',*,*,#1329,.F.);
#1329 = EDGE_CURVE('',#1319,#305,#1330,.T.);
#1330 = LINE('',#1331,#1332);
#1331 = CARTESIAN_POINT('',(-38.,53.2,0.));
#1332 = VECTOR('',#1333,1.);
#1333 = DIRECTION('',(0.,0.,1.));
#1334 = CYLINDRICAL_SURFACE('',#1335,4.);
#1335 = AXIS2_PLACEMENT_3D('',#1336,#1337,#1338);
#1336 = CARTESIAN_POINT('',(-42.,53.2,0.));
#1337 = DIRECTION('',(0.,0.,1.));
#1338 = DIRECTION('',(1.,0.,0.));
#1339 = ADVANCED_FACE('',(#1340),#1359,.T.);
#1340 = FACE_BOUND('',#1341,.F.);
#1341 = EDGE_LOOP('',(#1342,#1351,#1357,#1358));
#1342 = ORIENTED_EDGE('',*,*,#1343,.T.);
#1343 = EDGE_CURVE('',#223,#1344,#1346,.T.);
#1344 = VERTEX_POINT('',#1345);
#1345 = CARTESIAN_POINT('',(40.5,-24.79999999997,0.5));
#1346 = CIRCLE('',#1347,2.5);
#1347 = AXIS2_PLACEMENT_3D('',#1348,#1349,#1350);
#1348 = CARTESIAN_POINT('',(40.5,-22.29999999997,0.5));
#1349 = DIRECTION('',(1.,-0.,0.));
#1350 = DIRECTION('',(0.,0.,-1.));
#1351 = ORIENTED_EDGE('',*,*,#1352,.T.);
#1352 = EDGE_CURVE('',#1344,#1261,#1353,.T.);
#1353 = LINE('',#1354,#1355);
#1354 = CARTESIAN_POINT('',(40.5,-24.79999999997,0.5));
#1355 = VECTOR('',#1356,1.);
#1356 = DIRECTION('',(-1.,0.,0.));
#1357 = ORIENTED_EDGE('',*,*,#1279,.F.);
#1358 = ORIENTED_EDGE('',*,*,#222,.F.);
#1359 = CYLINDRICAL_SURFACE('',#1360,2.5);
#1360 = AXIS2_PLACEMENT_3D('',#1361,#1362,#1363);
#1361 = CARTESIAN_POINT('',(40.5,-22.29999999997,0.5));
#1362 = DIRECTION('',(-1.,0.,0.));
#1363 = DIRECTION('',(0.,0.,1.));
#1364 = ADVANCED_FACE('',(#1365),#1383,.T.);
#1365 = FACE_BOUND('',#1366,.T.);
#1366 = EDGE_LOOP('',(#1367,#1375,#1376,#1377));
#1367 = ORIENTED_EDGE('',*,*,#1368,.F.);
#1368 = EDGE_CURVE('',#1319,#1369,#1371,.T.);
#1369 = VERTEX_POINT('',#1370);
#1370 = CARTESIAN_POINT('',(-38.,22.2,0.));
#1371 = LINE('',#1372,#1373);
#1372 = CARTESIAN_POINT('',(-38.,57.2,0.));
#1373 = VECTOR('',#1374,1.);
#1374 = DIRECTION('',(0.,-1.,0.));
#1375 = ORIENTED_EDGE('',*,*,#1329,.T.);
#1376 = ORIENTED_EDGE('',*,*,#304,.T.);
#1377 = ORIENTED_EDGE('',*,*,#1378,.F.);
#1378 = EDGE_CURVE('',#1369,#297,#1379,.T.);
#1379 = LINE('',#1380,#1381);
#1380 = CARTESIAN_POINT('',(-38.,22.2,0.));
#1381 = VECTOR('',#1382,1.);
#1382 = DIRECTION('',(0.,0.,1.));
#1383 = PLANE('',#1384);
#1384 = AXIS2_PLACEMENT_3D('',#1385,#1386,#1387);
#1385 = CARTESIAN_POINT('',(-38.,57.2,0.));
#1386 = DIRECTION('',(1.,0.,0.));
#1387 = DIRECTION('',(0.,-1.,0.));
#1388 = ADVANCED_FACE('',(#1389),#1416,.F.);
#1389 = FACE_BOUND('',#1390,.F.);
#1390 = EDGE_LOOP('',(#1391,#1399,#1400,#1401,#1402,#1410));
#1391 = ORIENTED_EDGE('',*,*,#1392,.F.);
#1392 = EDGE_CURVE('',#1344,#1393,#1395,.T.);
#1393 = VERTEX_POINT('',#1394);
#1394 = CARTESIAN_POINT('',(40.5,-24.79999999997,0.));
#1395 = LINE('',#1396,#1397);
#1396 = CARTESIAN_POINT('',(40.5,-24.79999999997,3.));
#1397 = VECTOR('',#1398,1.);
#1398 = DIRECTION('',(-0.,-0.,-1.));
#1399 = ORIENTED_EDGE('',*,*,#1343,.F.);
#1400 = ORIENTED_EDGE('',*,*,#230,.F.);
#1401 = ORIENTED_EDGE('',*,*,#238,.F.);
#1402 = ORIENTED_EDGE('',*,*,#1403,.T.);
#1403 = EDGE_CURVE('',#239,#1404,#1406,.T.);
#1404 = VERTEX_POINT('',#1405);
#1405 = CARTESIAN_POINT('',(40.5,-27.8,0.));
#1406 = LINE('',#1407,#1408);
#1407 = CARTESIAN_POINT('',(40.5,-27.8,3.));
#1408 = VECTOR('',#1409,1.);
#1409 = DIRECTION('',(-0.,-0.,-1.));
#1410 = ORIENTED_EDGE('',*,*,#1411,.T.);
#1411 = EDGE_CURVE('',#1404,#1393,#1412,.T.);
#1412 = LINE('',#1413,#1414);
#1413 = CARTESIAN_POINT('',(40.5,-7.61308411215,0.));
#1414 = VECTOR('',#1415,1.);
#1415 = DIRECTION('',(0.,1.,0.));
#1416 = PLANE('',#1417);
#1417 = AXIS2_PLACEMENT_3D('',#1418,#1419,#1420);
#1418 = CARTESIAN_POINT('',(40.5,-27.8,3.));
#1419 = DIRECTION('',(1.,0.,0.));
#1420 = DIRECTION('',(0.,1.,0.));
#1421 = ADVANCED_FACE('',(#1422),#1440,.T.);
#1422 = FACE_BOUND('',#1423,.T.);
#1423 = EDGE_LOOP('',(#1424,#1425,#1426,#1434));
#1424 = ORIENTED_EDGE('',*,*,#1378,.T.);
#1425 = ORIENTED_EDGE('',*,*,#296,.T.);
#1426 = ORIENTED_EDGE('',*,*,#1427,.F.);
#1427 = EDGE_CURVE('',#1428,#289,#1430,.T.);
#1428 = VERTEX_POINT('',#1429);
#1429 = CARTESIAN_POINT('',(38.,22.2,0.));
#1430 = LINE('',#1431,#1432);
#1431 = CARTESIAN_POINT('',(38.,22.2,0.));
#1432 = VECTOR('',#1433,1.);
#1433 = DIRECTION('',(0.,0.,1.));
#1434 = ORIENTED_EDGE('',*,*,#1435,.F.);
#1435 = EDGE_CURVE('',#1369,#1428,#1436,.T.);
#1436 = LINE('',#1437,#1438);
#1437 = CARTESIAN_POINT('',(-38.,22.2,0.));
#1438 = VECTOR('',#1439,1.);
#1439 = DIRECTION('',(1.,0.,0.));
#1440 = PLANE('',#1441);
#1441 = AXIS2_PLACEMENT_3D('',#1442,#1443,#1444);
#1442 = CARTESIAN_POINT('',(-38.,22.2,0.));
#1443 = DIRECTION('',(0.,1.,0.));
#1444 = DIRECTION('',(1.,0.,0.));
#1445 = ADVANCED_FACE('',(#1446),#1464,.T.);
#1446 = FACE_BOUND('',#1447,.T.);
#1447 = EDGE_LOOP('',(#1448,#1456,#1457,#1458));
#1448 = ORIENTED_EDGE('',*,*,#1449,.F.);
#1449 = EDGE_CURVE('',#1428,#1450,#1452,.T.);
#1450 = VERTEX_POINT('',#1451);
#1451 = CARTESIAN_POINT('',(38.,53.2,0.));
#1452 = LINE('',#1453,#1454);
#1453 = CARTESIAN_POINT('',(38.,22.2,0.));
#1454 = VECTOR('',#1455,1.);
#1455 = DIRECTION('',(0.,1.,0.));
#1456 = ORIENTED_EDGE('',*,*,#1427,.T.);
#1457 = ORIENTED_EDGE('',*,*,#288,.T.);
#1458 = ORIENTED_EDGE('',*,*,#1459,.F.);
#1459 = EDGE_CURVE('',#1450,#280,#1460,.T.);
#1460 = LINE('',#1461,#1462);
#1461 = CARTESIAN_POINT('',(38.,53.2,0.));
#1462 = VECTOR('',#1463,1.);
#1463 = DIRECTION('',(0.,0.,1.));
#1464 = PLANE('',#1465);
#1465 = AXIS2_PLACEMENT_3D('',#1466,#1467,#1468);
#1466 = CARTESIAN_POINT('',(38.,22.2,0.));
#1467 = DIRECTION('',(-1.,0.,0.));
#1468 = DIRECTION('',(0.,1.,0.));
#1469 = ADVANCED_FACE('',(#1470),#1488,.T.);
#1470 = FACE_BOUND('',#1471,.T.);
#1471 = EDGE_LOOP('',(#1472,#1480,#1486,#1487));
#1472 = ORIENTED_EDGE('',*,*,#1473,.F.);
#1473 = EDGE_CURVE('',#1474,#1404,#1476,.T.);
#1474 = VERTEX_POINT('',#1475);
#1475 = CARTESIAN_POINT('',(47.,-27.8,0.));
#1476 = LINE('',#1477,#1478);
#1477 = CARTESIAN_POINT('',(47.,-27.8,0.));
#1478 = VECTOR('',#1479,1.);
#1479 = DIRECTION('',(-1.,0.,0.));
#1480 = ORIENTED_EDGE('',*,*,#1481,.T.);
#1481 = EDGE_CURVE('',#1474,#247,#1482,.T.);
#1482 = LINE('',#1483,#1484);
#1483 = CARTESIAN_POINT('',(47.,-27.8,0.));
#1484 = VECTOR('',#1485,1.);
#1485 = DIRECTION('',(0.,0.,1.));
#1486 = ORIENTED_EDGE('',*,*,#246,.T.);
#1487 = ORIENTED_EDGE('',*,*,#1403,.T.);
#1488 = PLANE('',#1489);
#1489 = AXIS2_PLACEMENT_3D('',#1490,#1491,#1492);
#1490 = CARTESIAN_POINT('',(47.,-27.8,0.));
#1491 = DIRECTION('',(0.,-1.,0.));
#1492 = DIRECTION('',(-1.,0.,0.));
#1493 = ADVANCED_FACE('',(#1494),#1513,.T.);
#1494 = FACE_BOUND('',#1495,.T.);
#1495 = EDGE_LOOP('',(#1496,#1505,#1506,#1507));
#1496 = ORIENTED_EDGE('',*,*,#1497,.T.);
#1497 = EDGE_CURVE('',#1498,#1450,#1500,.T.);
#1498 = VERTEX_POINT('',#1499);
#1499 = CARTESIAN_POINT('',(42.,57.2,0.));
#1500 = CIRCLE('',#1501,4.);
#1501 = AXIS2_PLACEMENT_3D('',#1502,#1503,#1504);
#1502 = CARTESIAN_POINT('',(42.,53.2,0.));
#1503 = DIRECTION('',(-0.,0.,1.));
#1504 = DIRECTION('',(0.,-1.,0.));
#1505 = ORIENTED_EDGE('',*,*,#1459,.T.);
#1506 = ORIENTED_EDGE('',*,*,#279,.F.);
#1507 = ORIENTED_EDGE('',*,*,#1508,.F.);
#1508 = EDGE_CURVE('',#1498,#272,#1509,.T.);
#1509 = LINE('',#1510,#1511);
#1510 = CARTESIAN_POINT('',(42.,57.2,0.));
#1511 = VECTOR('',#1512,1.);
#1512 = DIRECTION('',(0.,0.,1.));
#1513 = CYLINDRICAL_SURFACE('',#1514,4.);
#1514 = AXIS2_PLACEMENT_3D('',#1515,#1516,#1517);
#1515 = CARTESIAN_POINT('',(42.,53.2,0.));
#1516 = DIRECTION('',(0.,0.,1.));
#1517 = DIRECTION('',(0.,1.,0.));
#1518 = ADVANCED_FACE('',(#1519),#1537,.T.);
#1519 = FACE_BOUND('',#1520,.T.);
#1520 = EDGE_LOOP('',(#1521,#1529,#1535,#1536));
#1521 = ORIENTED_EDGE('',*,*,#1522,.F.);
#1522 = EDGE_CURVE('',#1523,#1474,#1525,.T.);
#1523 = VERTEX_POINT('',#1524);
#1524 = CARTESIAN_POINT('',(47.,53.2,0.));
#1525 = LINE('',#1526,#1527);
#1526 = CARTESIAN_POINT('',(47.,57.2,0.));
#1527 = VECTOR('',#1528,1.);
#1528 = DIRECTION('',(0.,-1.,0.));
#1529 = ORIENTED_EDGE('',*,*,#1530,.T.);
#1530 = EDGE_CURVE('',#1523,#255,#1531,.T.);
#1531 = LINE('',#1532,#1533);
#1532 = CARTESIAN_POINT('',(47.,53.2,0.));
#1533 = VECTOR('',#1534,1.);
#1534 = DIRECTION('',(0.,0.,1.));
#1535 = ORIENTED_EDGE('',*,*,#254,.T.);
#1536 = ORIENTED_EDGE('',*,*,#1481,.F.);
#1537 = PLANE('',#1538);
#1538 = AXIS2_PLACEMENT_3D('',#1539,#1540,#1541);
#1539 = CARTESIAN_POINT('',(47.,57.2,0.));
#1540 = DIRECTION('',(1.,0.,0.));
#1541 = DIRECTION('',(0.,-1.,0.));
#1542 = ADVANCED_FACE('',(#1543),#1561,.T.);
#1543 = FACE_BOUND('',#1544,.T.);
#1544 = EDGE_LOOP('',(#1545,#1553,#1554,#1555));
#1545 = ORIENTED_EDGE('',*,*,#1546,.F.);
#1546 = EDGE_CURVE('',#1498,#1547,#1549,.T.);
#1547 = VERTEX_POINT('',#1548);
#1548 = CARTESIAN_POINT('',(43.,57.2,0.));
#1549 = LINE('',#1550,#1551);
#1550 = CARTESIAN_POINT('',(38.,57.2,0.));
#1551 = VECTOR('',#1552,1.);
#1552 = DIRECTION('',(1.,0.,0.));
#1553 = ORIENTED_EDGE('',*,*,#1508,.T.);
#1554 = ORIENTED_EDGE('',*,*,#271,.T.);
#1555 = ORIENTED_EDGE('',*,*,#1556,.F.);
#1556 = EDGE_CURVE('',#1547,#263,#1557,.T.);
#1557 = LINE('',#1558,#1559);
#1558 = CARTESIAN_POINT('',(43.,57.2,0.));
#1559 = VECTOR('',#1560,1.);
#1560 = DIRECTION('',(0.,0.,1.));
#1561 = PLANE('',#1562);
#1562 = AXIS2_PLACEMENT_3D('',#1563,#1564,#1565);
#1563 = CARTESIAN_POINT('',(38.,57.2,0.));
#1564 = DIRECTION('',(0.,1.,0.));
#1565 = DIRECTION('',(1.,0.,0.));
#1566 = ADVANCED_FACE('',(#1567),#1579,.T.);
#1567 = FACE_BOUND('',#1568,.T.);
#1568 = EDGE_LOOP('',(#1569,#1576,#1577,#1578));
#1569 = ORIENTED_EDGE('',*,*,#1570,.T.);
#1570 = EDGE_CURVE('',#1523,#1547,#1571,.T.);
#1571 = CIRCLE('',#1572,4.);
#1572 = AXIS2_PLACEMENT_3D('',#1573,#1574,#1575);
#1573 = CARTESIAN_POINT('',(43.,53.2,0.));
#1574 = DIRECTION('',(-0.,0.,1.));
#1575 = DIRECTION('',(0.,-1.,0.));
#1576 = ORIENTED_EDGE('',*,*,#1556,.T.);
#1577 = ORIENTED_EDGE('',*,*,#262,.F.);
#1578 = ORIENTED_EDGE('',*,*,#1530,.F.);
#1579 = CYLINDRICAL_SURFACE('',#1580,4.);
#1580 = AXIS2_PLACEMENT_3D('',#1581,#1582,#1583);
#1581 = CARTESIAN_POINT('',(43.,53.2,0.));
#1582 = DIRECTION('',(0.,0.,1.));
#1583 = DIRECTION('',(1.,0.,0.));
#1584 = ADVANCED_FACE('',(#1585),#1610,.F.);
#1585 = FACE_BOUND('',#1586,.F.);
#1586 = EDGE_LOOP('',(#1587,#1588,#1596,#1604));
#1587 = ORIENTED_EDGE('',*,*,#378,.F.);
#1588 = ORIENTED_EDGE('',*,*,#1589,.T.);
#1589 = EDGE_CURVE('',#379,#1590,#1592,.T.);
#1590 = VERTEX_POINT('',#1591);
#1591 = CARTESIAN_POINT('',(-37.1,-15.7,0.));
#1592 = LINE('',#1593,#1594);
#1593 = CARTESIAN_POINT('',(-37.1,-15.7,3.));
#1594 = VECTOR('',#1595,1.);
#1595 = DIRECTION('',(-0.,-0.,-1.));
#1596 = ORIENTED_EDGE('',*,*,#1597,.T.);
#1597 = EDGE_CURVE('',#1590,#1598,#1600,.T.);
#1598 = VERTEX_POINT('',#1599);
#1599 = CARTESIAN_POINT('',(-37.1,-18.9,0.));
#1600 = LINE('',#1601,#1602);
#1601 = CARTESIAN_POINT('',(-37.1,-1.56308411215,0.));
#1602 = VECTOR('',#1603,1.);
#1603 = DIRECTION('',(0.,-1.,0.));
#1604 = ORIENTED_EDGE('',*,*,#1605,.F.);
#1605 = EDGE_CURVE('',#381,#1598,#1606,.T.);
#1606 = LINE('',#1607,#1608);
#1607 = CARTESIAN_POINT('',(-37.1,-18.9,3.));
#1608 = VECTOR('',#1609,1.);
#1609 = DIRECTION('',(-0.,-0.,-1.));
#1610 = PLANE('',#1611);
#1611 = AXIS2_PLACEMENT_3D('',#1612,#1613,#1614);
#1612 = CARTESIAN_POINT('',(-37.1,-15.7,3.));
#1613 = DIRECTION('',(-1.,0.,0.));
#1614 = DIRECTION('',(0.,-1.,0.));
#1615 = ADVANCED_FACE('',(#1616),#1634,.F.);
#1616 = FACE_BOUND('',#1617,.F.);
#1617 = EDGE_LOOP('',(#1618,#1619,#1627,#1633));
#1618 = ORIENTED_EDGE('',*,*,#388,.F.);
#1619 = ORIENTED_EDGE('',*,*,#1620,.T.);
#1620 = EDGE_CURVE('',#389,#1621,#1623,.T.);
#1621 = VERTEX_POINT('',#1622);
#1622 = CARTESIAN_POINT('',(-26.9,-15.7,0.));
#1623 = LINE('',#1624,#1625);
#1624 = CARTESIAN_POINT('',(-26.9,-15.7,3.));
#1625 = VECTOR('',#1626,1.);
#1626 = DIRECTION('',(-0.,-0.,-1.));
#1627 = ORIENTED_EDGE('',*,*,#1628,.T.);
#1628 = EDGE_CURVE('',#1621,#1590,#1629,.T.);
#1629 = LINE('',#1630,#1631);
#1630 = CARTESIAN_POINT('',(-13.45,-15.7,0.));
#1631 = VECTOR('',#1632,1.);
#1632 = DIRECTION('',(-1.,0.,0.));
#1633 = ORIENTED_EDGE('',*,*,#1589,.F.);
#1634 = PLANE('',#1635);
#1635 = AXIS2_PLACEMENT_3D('',#1636,#1637,#1638);
#1636 = CARTESIAN_POINT('',(-26.9,-15.7,3.));
#1637 = DIRECTION('',(0.,1.,0.));
#1638 = DIRECTION('',(-1.,0.,0.));
#1639 = ADVANCED_FACE('',(#1640),#1658,.F.);
#1640 = FACE_BOUND('',#1641,.F.);
#1641 = EDGE_LOOP('',(#1642,#1643,#1644,#1652));
#1642 = ORIENTED_EDGE('',*,*,#404,.F.);
#1643 = ORIENTED_EDGE('',*,*,#1605,.T.);
#1644 = ORIENTED_EDGE('',*,*,#1645,.T.);
#1645 = EDGE_CURVE('',#1598,#1646,#1648,.T.);
#1646 = VERTEX_POINT('',#1647);
#1647 = CARTESIAN_POINT('',(-26.9,-18.9,0.));
#1648 = LINE('',#1649,#1650);
#1649 = CARTESIAN_POINT('',(-18.55,-18.9,0.));
#1650 = VECTOR('',#1651,1.);
#1651 = DIRECTION('',(1.,0.,0.));
#1652 = ORIENTED_EDGE('',*,*,#1653,.F.);
#1653 = EDGE_CURVE('',#397,#1646,#1654,.T.);
#1654 = LINE('',#1655,#1656);
#1655 = CARTESIAN_POINT('',(-26.9,-18.9,3.));
#1656 = VECTOR('',#1657,1.);
#1657 = DIRECTION('',(-0.,-0.,-1.));
#1658 = PLANE('',#1659);
#1659 = AXIS2_PLACEMENT_3D('',#1660,#1661,#1662);
#1660 = CARTESIAN_POINT('',(-37.1,-18.9,3.));
#1661 = DIRECTION('',(0.,-1.,0.));
#1662 = DIRECTION('',(1.,0.,0.));
#1663 = ADVANCED_FACE('',(#1664),#1675,.F.);
#1664 = FACE_BOUND('',#1665,.F.);
#1665 = EDGE_LOOP('',(#1666,#1667,#1668,#1674));
#1666 = ORIENTED_EDGE('',*,*,#396,.F.);
#1667 = ORIENTED_EDGE('',*,*,#1653,.T.);
#1668 = ORIENTED_EDGE('',*,*,#1669,.T.);
#1669 = EDGE_CURVE('',#1646,#1621,#1670,.T.);
#1670 = LINE('',#1671,#1672);
#1671 = CARTESIAN_POINT('',(-26.9,-3.16308411215,0.));
#1672 = VECTOR('',#1673,1.);
#1673 = DIRECTION('',(0.,1.,0.));
#1674 = ORIENTED_EDGE('',*,*,#1620,.F.);
#1675 = PLANE('',#1676);
#1676 = AXIS2_PLACEMENT_3D('',#1677,#1678,#1679);
#1677 = CARTESIAN_POINT('',(-26.9,-18.9,3.));
#1678 = DIRECTION('',(1.,0.,0.));
#1679 = DIRECTION('',(0.,1.,0.));
#1680 = ADVANCED_FACE('',(#1681),#1700,.F.);
#1681 = FACE_BOUND('',#1682,.F.);
#1682 = EDGE_LOOP('',(#1683,#1684,#1692,#1699));
#1683 = ORIENTED_EDGE('',*,*,#412,.F.);
#1684 = ORIENTED_EDGE('',*,*,#1685,.T.);
#1685 = EDGE_CURVE('',#413,#1686,#1688,.T.);
#1686 = VERTEX_POINT('',#1687);
#1687 = CARTESIAN_POINT('',(-17.9,-23.8,0.));
#1688 = LINE('',#1689,#1690);
#1689 = CARTESIAN_POINT('',(-17.9,-23.8,3.));
#1690 = VECTOR('',#1691,1.);
#1691 = DIRECTION('',(-0.,-0.,-1.));
#1692 = ORIENTED_EDGE('',*,*,#1693,.T.);
#1693 = EDGE_CURVE('',#1686,#1686,#1694,.T.);
#1694 = CIRCLE('',#1695,1.6);
#1695 = AXIS2_PLACEMENT_3D('',#1696,#1697,#1698);
#1696 = CARTESIAN_POINT('',(-19.5,-23.8,0.));
#1697 = DIRECTION('',(0.,0.,1.));
#1698 = DIRECTION('',(1.,0.,0.));
#1699 = ORIENTED_EDGE('',*,*,#1685,.F.);
#1700 = CYLINDRICAL_SURFACE('',#1701,1.6);
#1701 = AXIS2_PLACEMENT_3D('',#1702,#1703,#1704);
#1702 = CARTESIAN_POINT('',(-19.5,-23.8,3.));
#1703 = DIRECTION('',(0.,0.,1.));
#1704 = DIRECTION('',(1.,0.,0.));
#1705 = ADVANCED_FACE('',(#1706),#1731,.F.);
#1706 = FACE_BOUND('',#1707,.F.);
#1707 = EDGE_LOOP('',(#1708,#1709,#1717,#1725));
#1708 = ORIENTED_EDGE('',*,*,#423,.F.);
#1709 = ORIENTED_EDGE('',*,*,#1710,.T.);
#1710 = EDGE_CURVE('',#424,#1711,#1713,.T.);
#1711 = VERTEX_POINT('',#1712);
#1712 = CARTESIAN_POINT('',(-5.1,-15.7,0.));
#1713 = LINE('',#1714,#1715);
#1714 = CARTESIAN_POINT('',(-5.1,-15.7,3.));
#1715 = VECTOR('',#1716,1.);
#1716 = DIRECTION('',(-0.,-0.,-1.));
#1717 = ORIENTED_EDGE('',*,*,#1718,.T.);
#1718 = EDGE_CURVE('',#1711,#1719,#1721,.T.);
#1719 = VERTEX_POINT('',#1720);
#1720 = CARTESIAN_POINT('',(-5.1,-18.9,0.));
#1721 = LINE('',#1722,#1723);
#1722 = CARTESIAN_POINT('',(-5.1,-1.56308411215,0.));
#1723 = VECTOR('',#1724,1.);
#1724 = DIRECTION('',(0.,-1.,0.));
#1725 = ORIENTED_EDGE('',*,*,#1726,.F.);
#1726 = EDGE_CURVE('',#426,#1719,#1727,.T.);
#1727 = LINE('',#1728,#1729);
#1728 = CARTESIAN_POINT('',(-5.1,-18.9,3.));
#1729 = VECTOR('',#1730,1.);
#1730 = DIRECTION('',(-0.,-0.,-1.));
#1731 = PLANE('',#1732);
#1732 = AXIS2_PLACEMENT_3D('',#1733,#1734,#1735);
#1733 = CARTESIAN_POINT('',(-5.1,-15.7,3.));
#1734 = DIRECTION('',(-1.,0.,0.));
#1735 = DIRECTION('',(0.,-1.,0.));
#1736 = ADVANCED_FACE('',(#1737),#1755,.F.);
#1737 = FACE_BOUND('',#1738,.F.);
#1738 = EDGE_LOOP('',(#1739,#1740,#1748,#1754));
#1739 = ORIENTED_EDGE('',*,*,#433,.F.);
#1740 = ORIENTED_EDGE('',*,*,#1741,.T.);
#1741 = EDGE_CURVE('',#434,#1742,#1744,.T.);
#1742 = VERTEX_POINT('',#1743);
#1743 = CARTESIAN_POINT('',(5.1,-15.7,0.));
#1744 = LINE('',#1745,#1746);
#1745 = CARTESIAN_POINT('',(5.1,-15.7,3.));
#1746 = VECTOR('',#1747,1.);
#1747 = DIRECTION('',(-0.,-0.,-1.));
#1748 = ORIENTED_EDGE('',*,*,#1749,.T.);
#1749 = EDGE_CURVE('',#1742,#1711,#1750,.T.);
#1750 = LINE('',#1751,#1752);
#1751 = CARTESIAN_POINT('',(2.55,-15.7,0.));
#1752 = VECTOR('',#1753,1.);
#1753 = DIRECTION('',(-1.,0.,0.));
#1754 = ORIENTED_EDGE('',*,*,#1710,.F.);
#1755 = PLANE('',#1756);
#1756 = AXIS2_PLACEMENT_3D('',#1757,#1758,#1759);
#1757 = CARTESIAN_POINT('',(5.1,-15.7,3.));
#1758 = DIRECTION('',(0.,1.,0.));
#1759 = DIRECTION('',(-1.,0.,0.));
#1760 = ADVANCED_FACE('',(#1761),#1779,.F.);
#1761 = FACE_BOUND('',#1762,.F.);
#1762 = EDGE_LOOP('',(#1763,#1764,#1765,#1773));
#1763 = ORIENTED_EDGE('',*,*,#449,.F.);
#1764 = ORIENTED_EDGE('',*,*,#1726,.T.);
#1765 = ORIENTED_EDGE('',*,*,#1766,.T.);
#1766 = EDGE_CURVE('',#1719,#1767,#1769,.T.);
#1767 = VERTEX_POINT('',#1768);
#1768 = CARTESIAN_POINT('',(5.1,-18.9,0.));
#1769 = LINE('',#1770,#1771);
#1770 = CARTESIAN_POINT('',(-2.55,-18.9,0.));
#1771 = VECTOR('',#1772,1.);
#1772 = DIRECTION('',(1.,0.,0.));
#1773 = ORIENTED_EDGE('',*,*,#1774,.F.);
#1774 = EDGE_CURVE('',#442,#1767,#1775,.T.);
#1775 = LINE('',#1776,#1777);
#1776 = CARTESIAN_POINT('',(5.1,-18.9,3.));
#1777 = VECTOR('',#1778,1.);
#1778 = DIRECTION('',(-0.,-0.,-1.));
#1779 = PLANE('',#1780);
#1780 = AXIS2_PLACEMENT_3D('',#1781,#1782,#1783);
#1781 = CARTESIAN_POINT('',(-5.1,-18.9,3.));
#1782 = DIRECTION('',(0.,-1.,0.));
#1783 = DIRECTION('',(1.,0.,0.));
#1784 = ADVANCED_FACE('',(#1785),#1796,.F.);
#1785 = FACE_BOUND('',#1786,.F.);
#1786 = EDGE_LOOP('',(#1787,#1788,#1789,#1795));
#1787 = ORIENTED_EDGE('',*,*,#441,.F.);
#1788 = ORIENTED_EDGE('',*,*,#1774,.T.);
#1789 = ORIENTED_EDGE('',*,*,#1790,.T.);
#1790 = EDGE_CURVE('',#1767,#1742,#1791,.T.);
#1791 = LINE('',#1792,#1793);
#1792 = CARTESIAN_POINT('',(5.1,-3.16308411215,0.));
#1793 = VECTOR('',#1794,1.);
#1794 = DIRECTION('',(0.,1.,0.));
#1795 = ORIENTED_EDGE('',*,*,#1741,.F.);
#1796 = PLANE('',#1797);
#1797 = AXIS2_PLACEMENT_3D('',#1798,#1799,#1800);
#1798 = CARTESIAN_POINT('',(5.1,-18.9,3.));
#1799 = DIRECTION('',(1.,0.,0.));
#1800 = DIRECTION('',(0.,1.,0.));
#1801 = ADVANCED_FACE('',(#1802),#1827,.T.);
#1802 = FACE_BOUND('',#1803,.T.);
#1803 = EDGE_LOOP('',(#1804,#1805,#1813,#1821));
#1804 = ORIENTED_EDGE('',*,*,#475,.F.);
#1805 = ORIENTED_EDGE('',*,*,#1806,.T.);
#1806 = EDGE_CURVE('',#476,#1807,#1809,.T.);
#1807 = VERTEX_POINT('',#1808);
#1808 = CARTESIAN_POINT('',(-31.33333333333,-12.,0.));
#1809 = LINE('',#1810,#1811);
#1810 = CARTESIAN_POINT('',(-31.33333333333,-12.,3.));
#1811 = VECTOR('',#1812,1.);
#1812 = DIRECTION('',(-0.,-0.,-1.));
#1813 = ORIENTED_EDGE('',*,*,#1814,.T.);
#1814 = EDGE_CURVE('',#1807,#1815,#1817,.T.);
#1815 = VERTEX_POINT('',#1816);
#1816 = CARTESIAN_POINT('',(-40.5,12.,0.));
#1817 = LINE('',#1818,#1819);
#1818 = CARTESIAN_POINT('',(-33.4342847733,-6.49932713899,0.));
#1819 = VECTOR('',#1820,1.);
#1820 = DIRECTION('',(-0.356804507641,0.93417907455,0.));
#1821 = ORIENTED_EDGE('',*,*,#1822,.F.);
#1822 = EDGE_CURVE('',#478,#1815,#1823,.T.);
#1823 = LINE('',#1824,#1825);
#1824 = CARTESIAN_POINT('',(-40.5,12.,3.));
#1825 = VECTOR('',#1826,1.);
#1826 = DIRECTION('',(-0.,-0.,-1.));
#1827 = PLANE('',#1828);
#1828 = AXIS2_PLACEMENT_3D('',#1829,#1830,#1831);
#1829 = CARTESIAN_POINT('',(-31.33333333333,-12.,3.));
#1830 = DIRECTION('',(0.93417907455,0.356804507641,0.));
#1831 = DIRECTION('',(-0.356804507641,0.93417907455,0.));
#1832 = ADVANCED_FACE('',(#1833),#1851,.T.);
#1833 = FACE_BOUND('',#1834,.T.);
#1834 = EDGE_LOOP('',(#1835,#1836,#1844,#1850));
#1835 = ORIENTED_EDGE('',*,*,#493,.F.);
#1836 = ORIENTED_EDGE('',*,*,#1837,.T.);
#1837 = EDGE_CURVE('',#486,#1838,#1840,.T.);
#1838 = VERTEX_POINT('',#1839);
#1839 = CARTESIAN_POINT('',(-22.16666666666,12.,0.));
#1840 = LINE('',#1841,#1842);
#1841 = CARTESIAN_POINT('',(-22.16666666666,12.,3.));
#1842 = VECTOR('',#1843,1.);
#1843 = DIRECTION('',(-0.,-0.,-1.));
#1844 = ORIENTED_EDGE('',*,*,#1845,.T.);
#1845 = EDGE_CURVE('',#1838,#1807,#1846,.T.);
#1846 = LINE('',#1847,#1848);
#1847 = CARTESIAN_POINT('',(-20.66001891762,15.94467774296,-4.4E-16));
#1848 = VECTOR('',#1849,1.);
#1849 = DIRECTION('',(-0.356804507641,-0.93417907455,0.));
#1850 = ORIENTED_EDGE('',*,*,#1806,.F.);
#1851 = PLANE('',#1852);
#1852 = AXIS2_PLACEMENT_3D('',#1853,#1854,#1855);
#1853 = CARTESIAN_POINT('',(-22.16666666666,12.,3.));
#1854 = DIRECTION('',(-0.93417907455,0.356804507641,0.));
#1855 = DIRECTION('',(-0.356804507641,-0.93417907455,0.));
#1856 = ADVANCED_FACE('',(#1857),#1868,.T.);
#1857 = FACE_BOUND('',#1858,.T.);
#1858 = EDGE_LOOP('',(#1859,#1860,#1861,#1867));
#1859 = ORIENTED_EDGE('',*,*,#485,.F.);
#1860 = ORIENTED_EDGE('',*,*,#1822,.T.);
#1861 = ORIENTED_EDGE('',*,*,#1862,.T.);
#1862 = EDGE_CURVE('',#1815,#1838,#1863,.T.);
#1863 = LINE('',#1864,#1865);
#1864 = CARTESIAN_POINT('',(-20.25,12.,0.));
#1865 = VECTOR('',#1866,1.);
#1866 = DIRECTION('',(1.,0.,0.));
#1867 = ORIENTED_EDGE('',*,*,#1837,.F.);
#1868 = PLANE('',#1869);
#1869 = AXIS2_PLACEMENT_3D('',#1870,#1871,#1872);
#1870 = CARTESIAN_POINT('',(-40.5,12.,3.));
#1871 = DIRECTION('',(0.,-1.,0.));
#1872 = DIRECTION('',(1.,0.,0.));
#1873 = ADVANCED_FACE('',(#1874),#1899,.T.);
#1874 = FACE_BOUND('',#1875,.T.);
#1875 = EDGE_LOOP('',(#1876,#1877,#1885,#1893));
#1876 = ORIENTED_EDGE('',*,*,#501,.F.);
#1877 = ORIENTED_EDGE('',*,*,#1878,.T.);
#1878 = EDGE_CURVE('',#502,#1879,#1881,.T.);
#1879 = VERTEX_POINT('',#1880);
#1880 = CARTESIAN_POINT('',(-6.5,-12.,0.));
#1881 = LINE('',#1882,#1883);
#1882 = CARTESIAN_POINT('',(-6.5,-12.,3.));
#1883 = VECTOR('',#1884,1.);
#1884 = DIRECTION('',(-0.,-0.,-1.));
#1885 = ORIENTED_EDGE('',*,*,#1886,.T.);
#1886 = EDGE_CURVE('',#1879,#1887,#1889,.T.);
#1887 = VERTEX_POINT('',#1888);
#1888 = CARTESIAN_POINT('',(-24.83333333333,-12.,0.));
#1889 = LINE('',#1890,#1891);
#1890 = CARTESIAN_POINT('',(-3.25,-12.,0.));
#1891 = VECTOR('',#1892,1.);
#1892 = DIRECTION('',(-1.,0.,0.));
#1893 = ORIENTED_EDGE('',*,*,#1894,.F.);
#1894 = EDGE_CURVE('',#504,#1887,#1895,.T.);
#1895 = LINE('',#1896,#1897);
#1896 = CARTESIAN_POINT('',(-24.83333333333,-12.,3.));
#1897 = VECTOR('',#1898,1.);
#1898 = DIRECTION('',(-0.,-0.,-1.));
#1899 = PLANE('',#1900);
#1900 = AXIS2_PLACEMENT_3D('',#1901,#1902,#1903);
#1901 = CARTESIAN_POINT('',(-6.5,-12.,3.));
#1902 = DIRECTION('',(0.,1.,0.));
#1903 = DIRECTION('',(-1.,0.,0.));
#1904 = ADVANCED_FACE('',(#1905),#1923,.T.);
#1905 = FACE_BOUND('',#1906,.T.);
#1906 = EDGE_LOOP('',(#1907,#1908,#1916,#1922));
#1907 = ORIENTED_EDGE('',*,*,#519,.F.);
#1908 = ORIENTED_EDGE('',*,*,#1909,.T.);
#1909 = EDGE_CURVE('',#512,#1910,#1912,.T.);
#1910 = VERTEX_POINT('',#1911);
#1911 = CARTESIAN_POINT('',(-15.66666666666,12.,0.));
#1912 = LINE('',#1913,#1914);
#1913 = CARTESIAN_POINT('',(-15.66666666666,12.,3.));
#1914 = VECTOR('',#1915,1.);
#1915 = DIRECTION('',(-0.,-0.,-1.));
#1916 = ORIENTED_EDGE('',*,*,#1917,.T.);
#1917 = EDGE_CURVE('',#1910,#1879,#1918,.T.);
#1918 = LINE('',#1919,#1920);
#1919 = CARTESIAN_POINT('',(-14.76504386032,9.63938756157,0.));
#1920 = VECTOR('',#1921,1.);
#1921 = DIRECTION('',(0.356804507641,-0.93417907455,0.));
#1922 = ORIENTED_EDGE('',*,*,#1878,.F.);
#1923 = PLANE('',#1924);
#1924 = AXIS2_PLACEMENT_3D('',#1925,#1926,#1927);
#1925 = CARTESIAN_POINT('',(-15.66666666666,12.,3.));
#1926 = DIRECTION('',(-0.93417907455,-0.356804507641,0.));
#1927 = DIRECTION('',(0.356804507641,-0.93417907455,0.));
#1928 = ADVANCED_FACE('',(#1929),#1940,.T.);
#1929 = FACE_BOUND('',#1930,.T.);
#1930 = EDGE_LOOP('',(#1931,#1932,#1933,#1939));
#1931 = ORIENTED_EDGE('',*,*,#511,.F.);
#1932 = ORIENTED_EDGE('',*,*,#1894,.T.);
#1933 = ORIENTED_EDGE('',*,*,#1934,.T.);
#1934 = EDGE_CURVE('',#1887,#1910,#1935,.T.);
#1935 = LINE('',#1936,#1937);
#1936 = CARTESIAN_POINT('',(-19.15710798513,2.861390002545,0.));
#1937 = VECTOR('',#1938,1.);
#1938 = DIRECTION('',(0.356804507641,0.93417907455,0.));
#1939 = ORIENTED_EDGE('',*,*,#1909,.F.);
#1940 = PLANE('',#1941);
#1941 = AXIS2_PLACEMENT_3D('',#1942,#1943,#1944);
#1942 = CARTESIAN_POINT('',(-24.83333333333,-12.,3.));
#1943 = DIRECTION('',(0.93417907455,-0.356804507641,0.));
#1944 = DIRECTION('',(0.356804507641,0.93417907455,0.));
#1945 = ADVANCED_FACE('',(#1946),#1971,.T.);
#1946 = FACE_BOUND('',#1947,.T.);
#1947 = EDGE_LOOP('',(#1948,#1949,#1957,#1965));
#1948 = ORIENTED_EDGE('',*,*,#527,.F.);
#1949 = ORIENTED_EDGE('',*,*,#1950,.T.);
#1950 = EDGE_CURVE('',#528,#1951,#1953,.T.);
#1951 = VERTEX_POINT('',#1952);
#1952 = CARTESIAN_POINT('',(0.,-12.,0.));
#1953 = LINE('',#1954,#1955);
#1954 = CARTESIAN_POINT('',(0.,-12.,3.));
#1955 = VECTOR('',#1956,1.);
#1956 = DIRECTION('',(-0.,-0.,-1.));
#1957 = ORIENTED_EDGE('',*,*,#1958,.T.);
#1958 = EDGE_CURVE('',#1951,#1959,#1961,.T.);
#1959 = VERTEX_POINT('',#1960);
#1960 = CARTESIAN_POINT('',(-9.166666666667,12.,0.));
#1961 = LINE('',#1962,#1963);
#1962 = CARTESIAN_POINT('',(-4.095466261175,-1.277324698015,0.));
#1963 = VECTOR('',#1964,1.);
#1964 = DIRECTION('',(-0.356804507641,0.93417907455,0.));
#1965 = ORIENTED_EDGE('',*,*,#1966,.F.);
#1966 = EDGE_CURVE('',#530,#1959,#1967,.T.);
#1967 = LINE('',#1968,#1969);
#1968 = CARTESIAN_POINT('',(-9.166666666667,12.,3.));
#1969 = VECTOR('',#1970,1.);
#1970 = DIRECTION('',(-0.,-0.,-1.));
#1971 = PLANE('',#1972);
#1972 = AXIS2_PLACEMENT_3D('',#1973,#1974,#1975);
#1973 = CARTESIAN_POINT('',(0.,-12.,3.));
#1974 = DIRECTION('',(0.93417907455,0.356804507641,0.));
#1975 = DIRECTION('',(-0.356804507641,0.93417907455,0.));
#1976 = ADVANCED_FACE('',(#1977),#1995,.T.);
#1977 = FACE_BOUND('',#1978,.T.);
#1978 = EDGE_LOOP('',(#1979,#1980,#1988,#1994));
#1979 = ORIENTED_EDGE('',*,*,#545,.F.);
#1980 = ORIENTED_EDGE('',*,*,#1981,.T.);
#1981 = EDGE_CURVE('',#538,#1982,#1984,.T.);
#1982 = VERTEX_POINT('',#1983);
#1983 = CARTESIAN_POINT('',(9.166666666667,12.,0.));
#1984 = LINE('',#1985,#1986);
#1985 = CARTESIAN_POINT('',(9.166666666667,12.,3.));
#1986 = VECTOR('',#1987,1.);
#1987 = DIRECTION('',(-0.,-0.,-1.));
#1988 = ORIENTED_EDGE('',*,*,#1989,.T.);
#1989 = EDGE_CURVE('',#1982,#1951,#1990,.T.);
#1990 = LINE('',#1991,#1992);
#1991 = CARTESIAN_POINT('',(8.678799594508,10.722675301985,0.));
#1992 = VECTOR('',#1993,1.);
#1993 = DIRECTION('',(-0.356804507641,-0.93417907455,0.));
#1994 = ORIENTED_EDGE('',*,*,#1950,.F.);
#1995 = PLANE('',#1996);
#1996 = AXIS2_PLACEMENT_3D('',#1997,#1998,#1999);
#1997 = CARTESIAN_POINT('',(9.166666666667,12.,3.));
#1998 = DIRECTION('',(-0.93417907455,0.356804507641,0.));
#1999 = DIRECTION('',(-0.356804507641,-0.93417907455,0.));
#2000 = ADVANCED_FACE('',(#2001),#2012,.T.);
#2001 = FACE_BOUND('',#2002,.T.);
#2002 = EDGE_LOOP('',(#2003,#2004,#2005,#2011));
#2003 = ORIENTED_EDGE('',*,*,#537,.F.);
#2004 = ORIENTED_EDGE('',*,*,#1966,.T.);
#2005 = ORIENTED_EDGE('',*,*,#2006,.T.);
#2006 = EDGE_CURVE('',#1959,#1982,#2007,.T.);
#2007 = LINE('',#2008,#2009);
#2008 = CARTESIAN_POINT('',(-4.583333333333,12.,0.));
#2009 = VECTOR('',#2010,1.);
#2010 = DIRECTION('',(1.,0.,0.));
#2011 = ORIENTED_EDGE('',*,*,#1981,.F.);
#2012 = PLANE('',#2013);
#2013 = AXIS2_PLACEMENT_3D('',#2014,#2015,#2016);
#2014 = CARTESIAN_POINT('',(-9.166666666667,12.,3.));
#2015 = DIRECTION('',(0.,-1.,0.));
#2016 = DIRECTION('',(1.,0.,0.));
#2017 = ADVANCED_FACE('',(#2018),#2037,.F.);
#2018 = FACE_BOUND('',#2019,.F.);
#2019 = EDGE_LOOP('',(#2020,#2021,#2029,#2036));
#2020 = ORIENTED_EDGE('',*,*,#553,.F.);
#2021 = ORIENTED_EDGE('',*,*,#2022,.T.);
#2022 = EDGE_CURVE('',#554,#2023,#2025,.T.);
#2023 = VERTEX_POINT('',#2024);
#2024 = CARTESIAN_POINT('',(21.1,-23.8,0.));
#2025 = LINE('',#2026,#2027);
#2026 = CARTESIAN_POINT('',(21.1,-23.8,3.));
#2027 = VECTOR('',#2028,1.);
#2028 = DIRECTION('',(-0.,-0.,-1.));
#2029 = ORIENTED_EDGE('',*,*,#2030,.T.);
#2030 = EDGE_CURVE('',#2023,#2023,#2031,.T.);
#2031 = CIRCLE('',#2032,1.6);
#2032 = AXIS2_PLACEMENT_3D('',#2033,#2034,#2035);
#2033 = CARTESIAN_POINT('',(19.5,-23.8,0.));
#2034 = DIRECTION('',(0.,0.,1.));
#2035 = DIRECTION('',(1.,0.,0.));
#2036 = ORIENTED_EDGE('',*,*,#2022,.F.);
#2037 = CYLINDRICAL_SURFACE('',#2038,1.6);
#2038 = AXIS2_PLACEMENT_3D('',#2039,#2040,#2041);
#2039 = CARTESIAN_POINT('',(19.5,-23.8,3.));
#2040 = DIRECTION('',(0.,0.,1.));
#2041 = DIRECTION('',(1.,0.,0.));
#2042 = ADVANCED_FACE('',(#2043),#2068,.F.);
#2043 = FACE_BOUND('',#2044,.F.);
#2044 = EDGE_LOOP('',(#2045,#2046,#2054,#2062));
#2045 = ORIENTED_EDGE('',*,*,#564,.F.);
#2046 = ORIENTED_EDGE('',*,*,#2047,.T.);
#2047 = EDGE_CURVE('',#565,#2048,#2050,.T.);
#2048 = VERTEX_POINT('',#2049);
#2049 = CARTESIAN_POINT('',(26.9,-15.7,0.));
#2050 = LINE('',#2051,#2052);
#2051 = CARTESIAN_POINT('',(26.9,-15.7,3.));
#2052 = VECTOR('',#2053,1.);
#2053 = DIRECTION('',(-0.,-0.,-1.));
#2054 = ORIENTED_EDGE('',*,*,#2055,.T.);
#2055 = EDGE_CURVE('',#2048,#2056,#2058,.T.);
#2056 = VERTEX_POINT('',#2057);
#2057 = CARTESIAN_POINT('',(26.9,-18.9,0.));
#2058 = LINE('',#2059,#2060);
#2059 = CARTESIAN_POINT('',(26.9,-1.56308411215,0.));
#2060 = VECTOR('',#2061,1.);
#2061 = DIRECTION('',(0.,-1.,0.));
#2062 = ORIENTED_EDGE('',*,*,#2063,.F.);
#2063 = EDGE_CURVE('',#567,#2056,#2064,.T.);
#2064 = LINE('',#2065,#2066);
#2065 = CARTESIAN_POINT('',(26.9,-18.9,3.));
#2066 = VECTOR('',#2067,1.);
#2067 = DIRECTION('',(-0.,-0.,-1.));
#2068 = PLANE('',#2069);
#2069 = AXIS2_PLACEMENT_3D('',#2070,#2071,#2072);
#2070 = CARTESIAN_POINT('',(26.9,-15.7,3.));
#2071 = DIRECTION('',(-1.,0.,0.));
#2072 = DIRECTION('',(0.,-1.,0.));
#2073 = ADVANCED_FACE('',(#2074),#2092,.F.);
#2074 = FACE_BOUND('',#2075,.F.);
#2075 = EDGE_LOOP('',(#2076,#2077,#2085,#2091));
#2076 = ORIENTED_EDGE('',*,*,#574,.F.);
#2077 = ORIENTED_EDGE('',*,*,#2078,.T.);
#2078 = EDGE_CURVE('',#575,#2079,#2081,.T.);
#2079 = VERTEX_POINT('',#2080);
#2080 = CARTESIAN_POINT('',(37.1,-15.7,0.));
#2081 = LINE('',#2082,#2083);
#2082 = CARTESIAN_POINT('',(37.1,-15.7,3.));
#2083 = VECTOR('',#2084,1.);
#2084 = DIRECTION('',(-0.,-0.,-1.));
#2085 = ORIENTED_EDGE('',*,*,#2086,.T.);
#2086 = EDGE_CURVE('',#2079,#2048,#2087,.T.);
#2087 = LINE('',#2088,#2089);
#2088 = CARTESIAN_POINT('',(18.55,-15.7,0.));
#2089 = VECTOR('',#2090,1.);
#2090 = DIRECTION('',(-1.,0.,0.));
#2091 = ORIENTED_EDGE('',*,*,#2047,.F.);
#2092 = PLANE('',#2093);
#2093 = AXIS2_PLACEMENT_3D('',#2094,#2095,#2096);
#2094 = CARTESIAN_POINT('',(37.1,-15.7,3.));
#2095 = DIRECTION('',(0.,1.,0.));
#2096 = DIRECTION('',(-1.,0.,0.));
#2097 = ADVANCED_FACE('',(#2098),#2116,.F.);
#2098 = FACE_BOUND('',#2099,.F.);
#2099 = EDGE_LOOP('',(#2100,#2101,#2102,#2110));
#2100 = ORIENTED_EDGE('',*,*,#590,.F.);
#2101 = ORIENTED_EDGE('',*,*,#2063,.T.);
#2102 = ORIENTED_EDGE('',*,*,#2103,.T.);
#2103 = EDGE_CURVE('',#2056,#2104,#2106,.T.);
#2104 = VERTEX_POINT('',#2105);
#2105 = CARTESIAN_POINT('',(37.1,-18.9,0.));
#2106 = LINE('',#2107,#2108);
#2107 = CARTESIAN_POINT('',(13.45,-18.9,0.));
#2108 = VECTOR('',#2109,1.);
#2109 = DIRECTION('',(1.,0.,0.));
#2110 = ORIENTED_EDGE('',*,*,#2111,.F.);
#2111 = EDGE_CURVE('',#583,#2104,#2112,.T.);
#2112 = LINE('',#2113,#2114);
#2113 = CARTESIAN_POINT('',(37.1,-18.9,3.));
#2114 = VECTOR('',#2115,1.);
#2115 = DIRECTION('',(-0.,-0.,-1.));
#2116 = PLANE('',#2117);
#2117 = AXIS2_PLACEMENT_3D('',#2118,#2119,#2120);
#2118 = CARTESIAN_POINT('',(26.9,-18.9,3.));
#2119 = DIRECTION('',(0.,-1.,0.));
#2120 = DIRECTION('',(1.,0.,0.));
#2121 = ADVANCED_FACE('',(#2122),#2133,.F.);
#2122 = FACE_BOUND('',#2123,.F.);
#2123 = EDGE_LOOP('',(#2124,#2125,#2126,#2132));
#2124 = ORIENTED_EDGE('',*,*,#582,.F.);
#2125 = ORIENTED_EDGE('',*,*,#2111,.T.);
#2126 = ORIENTED_EDGE('',*,*,#2127,.T.);
#2127 = EDGE_CURVE('',#2104,#2079,#2128,.T.);
#2128 = LINE('',#2129,#2130);
#2129 = CARTESIAN_POINT('',(37.1,-3.16308411215,0.));
#2130 = VECTOR('',#2131,1.);
#2131 = DIRECTION('',(0.,1.,0.));
#2132 = ORIENTED_EDGE('',*,*,#2078,.F.);
#2133 = PLANE('',#2134);
#2134 = AXIS2_PLACEMENT_3D('',#2135,#2136,#2137);
#2135 = CARTESIAN_POINT('',(37.1,-18.9,3.));
#2136 = DIRECTION('',(1.,0.,0.));
#2137 = DIRECTION('',(0.,1.,0.));
#2138 = ADVANCED_FACE('',(#2139),#2164,.T.);
#2139 = FACE_BOUND('',#2140,.T.);
#2140 = EDGE_LOOP('',(#2141,#2142,#2150,#2158));
#2141 = ORIENTED_EDGE('',*,*,#598,.F.);
#2142 = ORIENTED_EDGE('',*,*,#2143,.T.);
#2143 = EDGE_CURVE('',#599,#2144,#2146,.T.);
#2144 = VERTEX_POINT('',#2145);
#2145 = CARTESIAN_POINT('',(24.833333333333,-12.,0.));
#2146 = LINE('',#2147,#2148);
#2147 = CARTESIAN_POINT('',(24.833333333333,-12.,3.));
#2148 = VECTOR('',#2149,1.);
#2149 = DIRECTION('',(-0.,-0.,-1.));
#2150 = ORIENTED_EDGE('',*,*,#2151,.T.);
#2151 = EDGE_CURVE('',#2144,#2152,#2154,.T.);
#2152 = VERTEX_POINT('',#2153);
#2153 = CARTESIAN_POINT('',(6.5,-12.,0.));
#2154 = LINE('',#2155,#2156);
#2155 = CARTESIAN_POINT('',(12.416666666667,-12.,0.));
#2156 = VECTOR('',#2157,1.);
#2157 = DIRECTION('',(-1.,0.,0.));
#2158 = ORIENTED_EDGE('',*,*,#2159,.F.);
#2159 = EDGE_CURVE('',#601,#2152,#2160,.T.);
#2160 = LINE('',#2161,#2162);
#2161 = CARTESIAN_POINT('',(6.5,-12.,3.));
#2162 = VECTOR('',#2163,1.);
#2163 = DIRECTION('',(-0.,-0.,-1.));
#2164 = PLANE('',#2165);
#2165 = AXIS2_PLACEMENT_3D('',#2166,#2167,#2168);
#2166 = CARTESIAN_POINT('',(24.833333333333,-12.,3.));
#2167 = DIRECTION('',(0.,1.,0.));
#2168 = DIRECTION('',(-1.,0.,0.));
#2169 = ADVANCED_FACE('',(#2170),#2188,.T.);
#2170 = FACE_BOUND('',#2171,.T.);
#2171 = EDGE_LOOP('',(#2172,#2173,#2181,#2187));
#2172 = ORIENTED_EDGE('',*,*,#616,.F.);
#2173 = ORIENTED_EDGE('',*,*,#2174,.T.);
#2174 = EDGE_CURVE('',#609,#2175,#2177,.T.);
#2175 = VERTEX_POINT('',#2176);
#2176 = CARTESIAN_POINT('',(15.666666666667,12.,0.));
#2177 = LINE('',#2178,#2179);
#2178 = CARTESIAN_POINT('',(15.666666666667,12.,3.));
#2179 = VECTOR('',#2180,1.);
#2180 = DIRECTION('',(-0.,-0.,-1.));
#2181 = ORIENTED_EDGE('',*,*,#2182,.T.);
#2182 = EDGE_CURVE('',#2175,#2144,#2183,.T.);
#2183 = LINE('',#2184,#2185);
#2184 = CARTESIAN_POINT('',(14.573774651806,14.861390002545,0.));
#2185 = VECTOR('',#2186,1.);
#2186 = DIRECTION('',(0.356804507641,-0.93417907455,0.));
#2187 = ORIENTED_EDGE('',*,*,#2143,.F.);
#2188 = PLANE('',#2189);
#2189 = AXIS2_PLACEMENT_3D('',#2190,#2191,#2192);
#2190 = CARTESIAN_POINT('',(15.666666666667,12.,3.));
#2191 = DIRECTION('',(-0.93417907455,-0.356804507641,0.));
#2192 = DIRECTION('',(0.356804507641,-0.93417907455,0.));
#2193 = ADVANCED_FACE('',(#2194),#2205,.T.);
#2194 = FACE_BOUND('',#2195,.T.);
#2195 = EDGE_LOOP('',(#2196,#2197,#2198,#2204));
#2196 = ORIENTED_EDGE('',*,*,#608,.F.);
#2197 = ORIENTED_EDGE('',*,*,#2159,.T.);
#2198 = ORIENTED_EDGE('',*,*,#2199,.T.);
#2199 = EDGE_CURVE('',#2152,#2175,#2200,.T.);
#2200 = LINE('',#2201,#2202);
#2201 = CARTESIAN_POINT('',(10.181710526989,-2.36061243843,-4.4E-16));
#2202 = VECTOR('',#2203,1.);
#2203 = DIRECTION('',(0.356804507641,0.93417907455,0.));
#2204 = ORIENTED_EDGE('',*,*,#2174,.F.);
#2205 = PLANE('',#2206);
#2206 = AXIS2_PLACEMENT_3D('',#2207,#2208,#2209);
#2207 = CARTESIAN_POINT('',(6.5,-12.,3.));
#2208 = DIRECTION('',(0.93417907455,-0.356804507641,0.));
#2209 = DIRECTION('',(0.356804507641,0.93417907455,0.));
#2210 = ADVANCED_FACE('',(#2211),#2236,.T.);
#2211 = FACE_BOUND('',#2212,.T.);
#2212 = EDGE_LOOP('',(#2213,#2214,#2222,#2230));
#2213 = ORIENTED_EDGE('',*,*,#624,.F.);
#2214 = ORIENTED_EDGE('',*,*,#2215,.T.);
#2215 = EDGE_CURVE('',#625,#2216,#2218,.T.);
#2216 = VERTEX_POINT('',#2217);
#2217 = CARTESIAN_POINT('',(31.333333333333,-12.,0.));
#2218 = LINE('',#2219,#2220);
#2219 = CARTESIAN_POINT('',(31.333333333333,-12.,3.));
#2220 = VECTOR('',#2221,1.);
#2221 = DIRECTION('',(-0.,-0.,-1.));
#2222 = ORIENTED_EDGE('',*,*,#2223,.T.);
#2223 = EDGE_CURVE('',#2216,#2224,#2226,.T.);
#2224 = VERTEX_POINT('',#2225);
#2225 = CARTESIAN_POINT('',(22.166666666667,12.,0.));
#2226 = LINE('',#2227,#2228);
#2227 = CARTESIAN_POINT('',(25.243352250953,3.94467774296,0.));
#2228 = VECTOR('',#2229,1.);
#2229 = DIRECTION('',(-0.356804507641,0.93417907455,0.));
#2230 = ORIENTED_EDGE('',*,*,#2231,.F.);
#2231 = EDGE_CURVE('',#627,#2224,#2232,.T.);
#2232 = LINE('',#2233,#2234);
#2233 = CARTESIAN_POINT('',(22.166666666667,12.,3.));
#2234 = VECTOR('',#2235,1.);
#2235 = DIRECTION('',(-0.,-0.,-1.));
#2236 = PLANE('',#2237);
#2237 = AXIS2_PLACEMENT_3D('',#2238,#2239,#2240);
#2238 = CARTESIAN_POINT('',(31.333333333333,-12.,3.));
#2239 = DIRECTION('',(0.93417907455,0.356804507641,0.));
#2240 = DIRECTION('',(-0.356804507641,0.93417907455,0.));
#2241 = ADVANCED_FACE('',(#2242),#2260,.T.);
#2242 = FACE_BOUND('',#2243,.T.);
#2243 = EDGE_LOOP('',(#2244,#2245,#2253,#2259));
#2244 = ORIENTED_EDGE('',*,*,#642,.F.);
#2245 = ORIENTED_EDGE('',*,*,#2246,.T.);
#2246 = EDGE_CURVE('',#635,#2247,#2249,.T.);
#2247 = VERTEX_POINT('',#2248);
#2248 = CARTESIAN_POINT('',(40.5,12.,0.));
#2249 = LINE('',#2250,#2251);
#2250 = CARTESIAN_POINT('',(40.5,12.,3.));
#2251 = VECTOR('',#2252,1.);
#2252 = DIRECTION('',(-0.,-0.,-1.));
#2253 = ORIENTED_EDGE('',*,*,#2254,.T.);
#2254 = EDGE_CURVE('',#2247,#2216,#2255,.T.);
#2255 = LINE('',#2256,#2257);
#2256 = CARTESIAN_POINT('',(38.017618106636,5.50067286101,-4.4E-16));
#2257 = VECTOR('',#2258,1.);
#2258 = DIRECTION('',(-0.356804507641,-0.93417907455,0.));
#2259 = ORIENTED_EDGE('',*,*,#2215,.F.);
#2260 = PLANE('',#2261);
#2261 = AXIS2_PLACEMENT_3D('',#2262,#2263,#2264);
#2262 = CARTESIAN_POINT('',(40.5,12.,3.));
#2263 = DIRECTION('',(-0.93417907455,0.356804507641,0.));
#2264 = DIRECTION('',(-0.356804507641,-0.93417907455,0.));
#2265 = ADVANCED_FACE('',(#2266),#2277,.T.);
#2266 = FACE_BOUND('',#2267,.T.);
#2267 = EDGE_LOOP('',(#2268,#2269,#2270,#2276));
#2268 = ORIENTED_EDGE('',*,*,#634,.F.);
#2269 = ORIENTED_EDGE('',*,*,#2231,.T.);
#2270 = ORIENTED_EDGE('',*,*,#2271,.T.);
#2271 = EDGE_CURVE('',#2224,#2247,#2272,.T.);
#2272 = LINE('',#2273,#2274);
#2273 = CARTESIAN_POINT('',(11.083333333333,12.,0.));
#2274 = VECTOR('',#2275,1.);
#2275 = DIRECTION('',(1.,0.,0.));
#2276 = ORIENTED_EDGE('',*,*,#2246,.F.);
#2277 = PLANE('',#2278);
#2278 = AXIS2_PLACEMENT_3D('',#2279,#2280,#2281);
#2279 = CARTESIAN_POINT('',(22.166666666667,12.,3.));
#2280 = DIRECTION('',(0.,-1.,0.));
#2281 = DIRECTION('',(1.,0.,0.));
#2282 = ADVANCED_FACE('',(#2283,#2326),#2337,.F.);
#2283 = FACE_BOUND('',#2284,.F.);
#2284 = EDGE_LOOP('',(#2285,#2293,#2302,#2310,#2319,#2325));
#2285 = ORIENTED_EDGE('',*,*,#2286,.T.);
#2286 = EDGE_CURVE('',#651,#2287,#2289,.T.);
#2287 = VERTEX_POINT('',#2288);
#2288 = CARTESIAN_POINT('',(42.,9.2,6.));
#2289 = LINE('',#2290,#2291);
#2290 = CARTESIAN_POINT('',(42.,9.2,3.));
#2291 = VECTOR('',#2292,1.);
#2292 = DIRECTION('',(0.,0.,1.));
#2293 = ORIENTED_EDGE('',*,*,#2294,.T.);
#2294 = EDGE_CURVE('',#2287,#2295,#2297,.T.);
#2295 = VERTEX_POINT('',#2296);
#2296 = CARTESIAN_POINT('',(42.,5.2,10.));
#2297 = CIRCLE('',#2298,4.);
#2298 = AXIS2_PLACEMENT_3D('',#2299,#2300,#2301);
#2299 = CARTESIAN_POINT('',(42.,5.2,6.));
#2300 = DIRECTION('',(1.,-0.,0.));
#2301 = DIRECTION('',(0.,0.,-1.));
#2302 = ORIENTED_EDGE('',*,*,#2303,.T.);
#2303 = EDGE_CURVE('',#2295,#2304,#2306,.T.);
#2304 = VERTEX_POINT('',#2305);
#2305 = CARTESIAN_POINT('',(42.,4.2,10.));
#2306 = LINE('',#2307,#2308);
#2307 = CARTESIAN_POINT('',(42.,9.2,10.));
#2308 = VECTOR('',#2309,1.);
#2309 = DIRECTION('',(0.,-1.,0.));
#2310 = ORIENTED_EDGE('',*,*,#2311,.F.);
#2311 = EDGE_CURVE('',#2312,#2304,#2314,.T.);
#2312 = VERTEX_POINT('',#2313);
#2313 = CARTESIAN_POINT('',(42.,0.2,6.));
#2314 = CIRCLE('',#2315,4.);
#2315 = AXIS2_PLACEMENT_3D('',#2316,#2317,#2318);
#2316 = CARTESIAN_POINT('',(42.,4.2,6.));
#2317 = DIRECTION('',(-1.,0.,0.));
#2318 = DIRECTION('',(0.,0.,1.));
#2319 = ORIENTED_EDGE('',*,*,#2320,.F.);
#2320 = EDGE_CURVE('',#653,#2312,#2321,.T.);
#2321 = LINE('',#2322,#2323);
#2322 = CARTESIAN_POINT('',(42.,0.2,3.));
#2323 = VECTOR('',#2324,1.);
#2324 = DIRECTION('',(0.,0.,1.));
#2325 = ORIENTED_EDGE('',*,*,#650,.F.);
#2326 = FACE_BOUND('',#2327,.F.);
#2327 = EDGE_LOOP('',(#2328));
#2328 = ORIENTED_EDGE('',*,*,#2329,.T.);
#2329 = EDGE_CURVE('',#2330,#2330,#2332,.T.);
#2330 = VERTEX_POINT('',#2331);
#2331 = CARTESIAN_POINT('',(42.,2.7,6.));
#2332 = CIRCLE('',#2333,2.);
#2333 = AXIS2_PLACEMENT_3D('',#2334,#2335,#2336);
#2334 = CARTESIAN_POINT('',(42.,4.7,6.));
#2335 = DIRECTION('',(-1.,0.,0.));
#2336 = DIRECTION('',(0.,-1.,0.));
#2337 = PLANE('',#2338);
#2338 = AXIS2_PLACEMENT_3D('',#2339,#2340,#2341);
#2339 = CARTESIAN_POINT('',(42.,9.2,3.));
#2340 = DIRECTION('',(1.,0.,0.));
#2341 = DIRECTION('',(0.,-1.,0.));
#2342 = ADVANCED_FACE('',(#2343),#2361,.F.);
#2343 = FACE_BOUND('',#2344,.F.);
#2344 = EDGE_LOOP('',(#2345,#2346,#2354,#2360));
#2345 = ORIENTED_EDGE('',*,*,#2320,.T.);
#2346 = ORIENTED_EDGE('',*,*,#2347,.T.);
#2347 = EDGE_CURVE('',#2312,#2348,#2350,.T.);
#2348 = VERTEX_POINT('',#2349);
#2349 = CARTESIAN_POINT('',(45.000000000028,0.2,6.));
#2350 = LINE('',#2351,#2352);
#2351 = CARTESIAN_POINT('',(42.,0.2,6.));
#2352 = VECTOR('',#2353,1.);
#2353 = DIRECTION('',(1.,0.,0.));
#2354 = ORIENTED_EDGE('',*,*,#2355,.F.);
#2355 = EDGE_CURVE('',#669,#2348,#2356,.T.);
#2356 = LINE('',#2357,#2358);
#2357 = CARTESIAN_POINT('',(45.000000000028,0.2,3.));
#2358 = VECTOR('',#2359,1.);
#2359 = DIRECTION('',(0.,0.,1.));
#2360 = ORIENTED_EDGE('',*,*,#676,.F.);
#2361 = PLANE('',#2362);
#2362 = AXIS2_PLACEMENT_3D('',#2363,#2364,#2365);
#2363 = CARTESIAN_POINT('',(42.,0.2,3.));
#2364 = DIRECTION('',(0.,1.,0.));
#2365 = DIRECTION('',(1.,0.,0.));
#2366 = ADVANCED_FACE('',(#2367,#2403),#2414,.F.);
#2367 = FACE_BOUND('',#2368,.F.);
#2368 = EDGE_LOOP('',(#2369,#2370,#2379,#2387,#2396,#2402));
#2369 = ORIENTED_EDGE('',*,*,#2355,.T.);
#2370 = ORIENTED_EDGE('',*,*,#2371,.T.);
#2371 = EDGE_CURVE('',#2348,#2372,#2374,.T.);
#2372 = VERTEX_POINT('',#2373);
#2373 = CARTESIAN_POINT('',(45.000000000028,4.2,10.));
#2374 = CIRCLE('',#2375,4.);
#2375 = AXIS2_PLACEMENT_3D('',#2376,#2377,#2378);
#2376 = CARTESIAN_POINT('',(45.000000000028,4.2,6.));
#2377 = DIRECTION('',(-1.,0.,0.));
#2378 = DIRECTION('',(0.,0.,1.));
#2379 = ORIENTED_EDGE('',*,*,#2380,.T.);
#2380 = EDGE_CURVE('',#2372,#2381,#2383,.T.);
#2381 = VERTEX_POINT('',#2382);
#2382 = CARTESIAN_POINT('',(45.000000000028,5.2,10.));
#2383 = LINE('',#2384,#2385);
#2384 = CARTESIAN_POINT('',(45.000000000028,0.2,10.));
#2385 = VECTOR('',#2386,1.);
#2386 = DIRECTION('',(0.,1.,0.));
#2387 = ORIENTED_EDGE('',*,*,#2388,.F.);
#2388 = EDGE_CURVE('',#2389,#2381,#2391,.T.);
#2389 = VERTEX_POINT('',#2390);
#2390 = CARTESIAN_POINT('',(45.000000000028,9.2,6.));
#2391 = CIRCLE('',#2392,4.);
#2392 = AXIS2_PLACEMENT_3D('',#2393,#2394,#2395);
#2393 = CARTESIAN_POINT('',(45.000000000028,5.2,6.));
#2394 = DIRECTION('',(1.,-0.,0.));
#2395 = DIRECTION('',(0.,0.,-1.));
#2396 = ORIENTED_EDGE('',*,*,#2397,.F.);
#2397 = EDGE_CURVE('',#661,#2389,#2398,.T.);
#2398 = LINE('',#2399,#2400);
#2399 = CARTESIAN_POINT('',(45.000000000028,9.2,3.));
#2400 = VECTOR('',#2401,1.);
#2401 = DIRECTION('',(0.,0.,1.));
#2402 = ORIENTED_EDGE('',*,*,#668,.F.);
#2403 = FACE_BOUND('',#2404,.F.);
#2404 = EDGE_LOOP('',(#2405));
#2405 = ORIENTED_EDGE('',*,*,#2406,.F.);
#2406 = EDGE_CURVE('',#2407,#2407,#2409,.T.);
#2407 = VERTEX_POINT('',#2408);
#2408 = CARTESIAN_POINT('',(45.000000000028,2.7,6.));
#2409 = CIRCLE('',#2410,2.);
#2410 = AXIS2_PLACEMENT_3D('',#2411,#2412,#2413);
#2411 = CARTESIAN_POINT('',(45.000000000028,4.7,6.));
#2412 = DIRECTION('',(-1.,0.,0.));
#2413 = DIRECTION('',(0.,-1.,0.));
#2414 = PLANE('',#2415);
#2415 = AXIS2_PLACEMENT_3D('',#2416,#2417,#2418);
#2416 = CARTESIAN_POINT('',(45.000000000028,0.2,3.));
#2417 = DIRECTION('',(-1.,0.,0.));
#2418 = DIRECTION('',(0.,1.,0.));
#2419 = ADVANCED_FACE('',(#2420),#2431,.F.);
#2420 = FACE_BOUND('',#2421,.F.);
#2421 = EDGE_LOOP('',(#2422,#2423,#2429,#2430));
#2422 = ORIENTED_EDGE('',*,*,#2397,.T.);
#2423 = ORIENTED_EDGE('',*,*,#2424,.T.);
#2424 = EDGE_CURVE('',#2389,#2287,#2425,.T.);
#2425 = LINE('',#2426,#2427);
#2426 = CARTESIAN_POINT('',(45.000000000028,9.2,6.));
#2427 = VECTOR('',#2428,1.);
#2428 = DIRECTION('',(-1.,0.,0.));
#2429 = ORIENTED_EDGE('',*,*,#2286,.F.);
#2430 = ORIENTED_EDGE('',*,*,#660,.F.);
#2431 = PLANE('',#2432);
#2432 = AXIS2_PLACEMENT_3D('',#2433,#2434,#2435);
#2433 = CARTESIAN_POINT('',(45.000000000028,9.2,3.));
#2434 = DIRECTION('',(0.,-1.,0.));
#2435 = DIRECTION('',(-1.,0.,0.));
#2436 = ADVANCED_FACE('',(#2437),#2456,.F.);
#2437 = FACE_BOUND('',#2438,.F.);
#2438 = EDGE_LOOP('',(#2439,#2440,#2448,#2455));
#2439 = ORIENTED_EDGE('',*,*,#684,.F.);
#2440 = ORIENTED_EDGE('',*,*,#2441,.T.);
#2441 = EDGE_CURVE('',#685,#2442,#2444,.T.);
#2442 = VERTEX_POINT('',#2443);
#2443 = CARTESIAN_POINT('',(-41.1,20.8,0.));
#2444 = LINE('',#2445,#2446);
#2445 = CARTESIAN_POINT('',(-41.1,20.8,3.));
#2446 = VECTOR('',#2447,1.);
#2447 = DIRECTION('',(-0.,-0.,-1.));
#2448 = ORIENTED_EDGE('',*,*,#2449,.T.);
#2449 = EDGE_CURVE('',#2442,#2442,#2450,.T.);
#2450 = CIRCLE('',#2451,1.4);
#2451 = AXIS2_PLACEMENT_3D('',#2452,#2453,#2454);
#2452 = CARTESIAN_POINT('',(-42.5,20.8,0.));
#2453 = DIRECTION('',(0.,0.,1.));
#2454 = DIRECTION('',(1.,0.,0.));
#2455 = ORIENTED_EDGE('',*,*,#2441,.F.);
#2456 = CYLINDRICAL_SURFACE('',#2457,1.4);
#2457 = AXIS2_PLACEMENT_3D('',#2458,#2459,#2460);
#2458 = CARTESIAN_POINT('',(-42.5,20.8,3.));
#2459 = DIRECTION('',(0.,0.,1.));
#2460 = DIRECTION('',(1.,0.,0.));
#2461 = ADVANCED_FACE('',(#2462),#2487,.F.);
#2462 = FACE_BOUND('',#2463,.F.);
#2463 = EDGE_LOOP('',(#2464,#2465,#2473,#2481));
#2464 = ORIENTED_EDGE('',*,*,#695,.F.);
#2465 = ORIENTED_EDGE('',*,*,#2466,.T.);
#2466 = EDGE_CURVE('',#696,#2467,#2469,.T.);
#2467 = VERTEX_POINT('',#2468);
#2468 = CARTESIAN_POINT('',(-37.1,18.9,0.));
#2469 = LINE('',#2470,#2471);
#2470 = CARTESIAN_POINT('',(-37.1,18.9,3.));
#2471 = VECTOR('',#2472,1.);
#2472 = DIRECTION('',(-0.,-0.,-1.));
#2473 = ORIENTED_EDGE('',*,*,#2474,.T.);
#2474 = EDGE_CURVE('',#2467,#2475,#2477,.T.);
#2475 = VERTEX_POINT('',#2476);
#2476 = CARTESIAN_POINT('',(-37.1,15.7,0.));
#2477 = LINE('',#2478,#2479);
#2478 = CARTESIAN_POINT('',(-37.1,15.73691588785,0.));
#2479 = VECTOR('',#2480,1.);
#2480 = DIRECTION('',(0.,-1.,0.));
#2481 = ORIENTED_EDGE('',*,*,#2482,.F.);
#2482 = EDGE_CURVE('',#698,#2475,#2483,.T.);
#2483 = LINE('',#2484,#2485);
#2484 = CARTESIAN_POINT('',(-37.1,15.7,3.));
#2485 = VECTOR('',#2486,1.);
#2486 = DIRECTION('',(-0.,-0.,-1.));
#2487 = PLANE('',#2488);
#2488 = AXIS2_PLACEMENT_3D('',#2489,#2490,#2491);
#2489 = CARTESIAN_POINT('',(-37.1,18.9,3.));
#2490 = DIRECTION('',(-1.,0.,0.));
#2491 = DIRECTION('',(0.,-1.,0.));
#2492 = ADVANCED_FACE('',(#2493),#2511,.F.);
#2493 = FACE_BOUND('',#2494,.F.);
#2494 = EDGE_LOOP('',(#2495,#2496,#2504,#2510));
#2495 = ORIENTED_EDGE('',*,*,#705,.F.);
#2496 = ORIENTED_EDGE('',*,*,#2497,.T.);
#2497 = EDGE_CURVE('',#706,#2498,#2500,.T.);
#2498 = VERTEX_POINT('',#2499);
#2499 = CARTESIAN_POINT('',(-26.9,18.9,0.));
#2500 = LINE('',#2501,#2502);
#2501 = CARTESIAN_POINT('',(-26.9,18.9,3.));
#2502 = VECTOR('',#2503,1.);
#2503 = DIRECTION('',(-0.,-0.,-1.));
#2504 = ORIENTED_EDGE('',*,*,#2505,.T.);
#2505 = EDGE_CURVE('',#2498,#2467,#2506,.T.);
#2506 = LINE('',#2507,#2508);
#2507 = CARTESIAN_POINT('',(-13.45,18.9,0.));
#2508 = VECTOR('',#2509,1.);
#2509 = DIRECTION('',(-1.,0.,0.));
#2510 = ORIENTED_EDGE('',*,*,#2466,.F.);
#2511 = PLANE('',#2512);
#2512 = AXIS2_PLACEMENT_3D('',#2513,#2514,#2515);
#2513 = CARTESIAN_POINT('',(-26.9,18.9,3.));
#2514 = DIRECTION('',(0.,1.,0.));
#2515 = DIRECTION('',(-1.,0.,0.));
#2516 = ADVANCED_FACE('',(#2517),#2535,.F.);
#2517 = FACE_BOUND('',#2518,.F.);
#2518 = EDGE_LOOP('',(#2519,#2520,#2521,#2529));
#2519 = ORIENTED_EDGE('',*,*,#721,.F.);
#2520 = ORIENTED_EDGE('',*,*,#2482,.T.);
#2521 = ORIENTED_EDGE('',*,*,#2522,.T.);
#2522 = EDGE_CURVE('',#2475,#2523,#2525,.T.);
#2523 = VERTEX_POINT('',#2524);
#2524 = CARTESIAN_POINT('',(-26.9,15.7,0.));
#2525 = LINE('',#2526,#2527);
#2526 = CARTESIAN_POINT('',(-18.55,15.7,0.));
#2527 = VECTOR('',#2528,1.);
#2528 = DIRECTION('',(1.,0.,0.));
#2529 = ORIENTED_EDGE('',*,*,#2530,.F.);
#2530 = EDGE_CURVE('',#714,#2523,#2531,.T.);
#2531 = LINE('',#2532,#2533);
#2532 = CARTESIAN_POINT('',(-26.9,15.7,3.));
#2533 = VECTOR('',#2534,1.);
#2534 = DIRECTION('',(-0.,-0.,-1.));
#2535 = PLANE('',#2536);
#2536 = AXIS2_PLACEMENT_3D('',#2537,#2538,#2539);
#2537 = CARTESIAN_POINT('',(-37.1,15.7,3.));
#2538 = DIRECTION('',(0.,-1.,0.));
#2539 = DIRECTION('',(1.,0.,0.));
#2540 = ADVANCED_FACE('',(#2541),#2552,.F.);
#2541 = FACE_BOUND('',#2542,.F.);
#2542 = EDGE_LOOP('',(#2543,#2544,#2545,#2551));
#2543 = ORIENTED_EDGE('',*,*,#713,.F.);
#2544 = ORIENTED_EDGE('',*,*,#2530,.T.);
#2545 = ORIENTED_EDGE('',*,*,#2546,.T.);
#2546 = EDGE_CURVE('',#2523,#2498,#2547,.T.);
#2547 = LINE('',#2548,#2549);
#2548 = CARTESIAN_POINT('',(-26.9,14.13691588785,0.));
#2549 = VECTOR('',#2550,1.);
#2550 = DIRECTION('',(0.,1.,0.));
#2551 = ORIENTED_EDGE('',*,*,#2497,.F.);
#2552 = PLANE('',#2553);
#2553 = AXIS2_PLACEMENT_3D('',#2554,#2555,#2556);
#2554 = CARTESIAN_POINT('',(-26.9,15.7,3.));
#2555 = DIRECTION('',(1.,0.,0.));
#2556 = DIRECTION('',(0.,1.,0.));
#2557 = ADVANCED_FACE('',(#2558),#2583,.F.);
#2558 = FACE_BOUND('',#2559,.F.);
#2559 = EDGE_LOOP('',(#2560,#2561,#2569,#2577));
#2560 = ORIENTED_EDGE('',*,*,#729,.F.);
#2561 = ORIENTED_EDGE('',*,*,#2562,.T.);
#2562 = EDGE_CURVE('',#730,#2563,#2565,.T.);
#2563 = VERTEX_POINT('',#2564);
#2564 = CARTESIAN_POINT('',(-5.1,18.9,0.));
#2565 = LINE('',#2566,#2567);
#2566 = CARTESIAN_POINT('',(-5.1,18.9,3.));
#2567 = VECTOR('',#2568,1.);
#2568 = DIRECTION('',(-0.,-0.,-1.));
#2569 = ORIENTED_EDGE('',*,*,#2570,.T.);
#2570 = EDGE_CURVE('',#2563,#2571,#2573,.T.);
#2571 = VERTEX_POINT('',#2572);
#2572 = CARTESIAN_POINT('',(-5.1,15.7,0.));
#2573 = LINE('',#2574,#2575);
#2574 = CARTESIAN_POINT('',(-5.1,15.73691588785,0.));
#2575 = VECTOR('',#2576,1.);
#2576 = DIRECTION('',(0.,-1.,0.));
#2577 = ORIENTED_EDGE('',*,*,#2578,.F.);
#2578 = EDGE_CURVE('',#732,#2571,#2579,.T.);
#2579 = LINE('',#2580,#2581);
#2580 = CARTESIAN_POINT('',(-5.1,15.7,3.));
#2581 = VECTOR('',#2582,1.);
#2582 = DIRECTION('',(-0.,-0.,-1.));
#2583 = PLANE('',#2584);
#2584 = AXIS2_PLACEMENT_3D('',#2585,#2586,#2587);
#2585 = CARTESIAN_POINT('',(-5.1,18.9,3.));
#2586 = DIRECTION('',(-1.,0.,0.));
#2587 = DIRECTION('',(0.,-1.,0.));
#2588 = ADVANCED_FACE('',(#2589),#2607,.F.);
#2589 = FACE_BOUND('',#2590,.F.);
#2590 = EDGE_LOOP('',(#2591,#2592,#2600,#2606));
#2591 = ORIENTED_EDGE('',*,*,#739,.F.);
#2592 = ORIENTED_EDGE('',*,*,#2593,.T.);
#2593 = EDGE_CURVE('',#740,#2594,#2596,.T.);
#2594 = VERTEX_POINT('',#2595);
#2595 = CARTESIAN_POINT('',(5.1,18.9,0.));
#2596 = LINE('',#2597,#2598);
#2597 = CARTESIAN_POINT('',(5.1,18.9,3.));
#2598 = VECTOR('',#2599,1.);
#2599 = DIRECTION('',(-0.,-0.,-1.));
#2600 = ORIENTED_EDGE('',*,*,#2601,.T.);
#2601 = EDGE_CURVE('',#2594,#2563,#2602,.T.);
#2602 = LINE('',#2603,#2604);
#2603 = CARTESIAN_POINT('',(2.55,18.9,0.));
#2604 = VECTOR('',#2605,1.);
#2605 = DIRECTION('',(-1.,0.,0.));
#2606 = ORIENTED_EDGE('',*,*,#2562,.F.);
#2607 = PLANE('',#2608);
#2608 = AXIS2_PLACEMENT_3D('',#2609,#2610,#2611);
#2609 = CARTESIAN_POINT('',(5.1,18.9,3.));
#2610 = DIRECTION('',(0.,1.,0.));
#2611 = DIRECTION('',(-1.,0.,0.));
#2612 = ADVANCED_FACE('',(#2613),#2631,.F.);
#2613 = FACE_BOUND('',#2614,.F.);
#2614 = EDGE_LOOP('',(#2615,#2616,#2617,#2625));
#2615 = ORIENTED_EDGE('',*,*,#755,.F.);
#2616 = ORIENTED_EDGE('',*,*,#2578,.T.);
#2617 = ORIENTED_EDGE('',*,*,#2618,.T.);
#2618 = EDGE_CURVE('',#2571,#2619,#2621,.T.);
#2619 = VERTEX_POINT('',#2620);
#2620 = CARTESIAN_POINT('',(5.1,15.7,0.));
#2621 = LINE('',#2622,#2623);
#2622 = CARTESIAN_POINT('',(-2.55,15.7,0.));
#2623 = VECTOR('',#2624,1.);
#2624 = DIRECTION('',(1.,0.,0.));
#2625 = ORIENTED_EDGE('',*,*,#2626,.F.);
#2626 = EDGE_CURVE('',#748,#2619,#2627,.T.);
#2627 = LINE('',#2628,#2629);
#2628 = CARTESIAN_POINT('',(5.1,15.7,3.));
#2629 = VECTOR('',#2630,1.);
#2630 = DIRECTION('',(-0.,-0.,-1.));
#2631 = PLANE('',#2632);
#2632 = AXIS2_PLACEMENT_3D('',#2633,#2634,#2635);
#2633 = CARTESIAN_POINT('',(-5.1,15.7,3.));
#2634 = DIRECTION('',(0.,-1.,0.));
#2635 = DIRECTION('',(1.,0.,0.));
#2636 = ADVANCED_FACE('',(#2637),#2648,.F.);
#2637 = FACE_BOUND('',#2638,.F.);
#2638 = EDGE_LOOP('',(#2639,#2640,#2641,#2647));
#2639 = ORIENTED_EDGE('',*,*,#747,.F.);
#2640 = ORIENTED_EDGE('',*,*,#2626,.T.);
#2641 = ORIENTED_EDGE('',*,*,#2642,.T.);
#2642 = EDGE_CURVE('',#2619,#2594,#2643,.T.);
#2643 = LINE('',#2644,#2645);
#2644 = CARTESIAN_POINT('',(5.1,14.13691588785,0.));
#2645 = VECTOR('',#2646,1.);
#2646 = DIRECTION('',(0.,1.,0.));
#2647 = ORIENTED_EDGE('',*,*,#2593,.F.);
#2648 = PLANE('',#2649);
#2649 = AXIS2_PLACEMENT_3D('',#2650,#2651,#2652);
#2650 = CARTESIAN_POINT('',(5.1,15.7,3.));
#2651 = DIRECTION('',(1.,0.,0.));
#2652 = DIRECTION('',(0.,1.,0.));
#2653 = ADVANCED_FACE('',(#2654),#2673,.F.);
#2654 = FACE_BOUND('',#2655,.F.);
#2655 = EDGE_LOOP('',(#2656,#2657,#2665,#2672));
#2656 = ORIENTED_EDGE('',*,*,#763,.F.);
#2657 = ORIENTED_EDGE('',*,*,#2658,.T.);
#2658 = EDGE_CURVE('',#764,#2659,#2661,.T.);
#2659 = VERTEX_POINT('',#2660);
#2660 = CARTESIAN_POINT('',(-41.1,44.2,0.));
#2661 = LINE('',#2662,#2663);
#2662 = CARTESIAN_POINT('',(-41.1,44.2,3.));
#2663 = VECTOR('',#2664,1.);
#2664 = DIRECTION('',(-0.,-0.,-1.));
#2665 = ORIENTED_EDGE('',*,*,#2666,.T.);
#2666 = EDGE_CURVE('',#2659,#2659,#2667,.T.);
#2667 = CIRCLE('',#2668,1.4);
#2668 = AXIS2_PLACEMENT_3D('',#2669,#2670,#2671);
#2669 = CARTESIAN_POINT('',(-42.5,44.2,0.));
#2670 = DIRECTION('',(0.,0.,1.));
#2671 = DIRECTION('',(1.,0.,0.));
#2672 = ORIENTED_EDGE('',*,*,#2658,.F.);
#2673 = CYLINDRICAL_SURFACE('',#2674,1.4);
#2674 = AXIS2_PLACEMENT_3D('',#2675,#2676,#2677);
#2675 = CARTESIAN_POINT('',(-42.5,44.2,3.));
#2676 = DIRECTION('',(0.,0.,1.));
#2677 = DIRECTION('',(1.,0.,0.));
#2678 = ADVANCED_FACE('',(#2679),#2698,.F.);
#2679 = FACE_BOUND('',#2680,.F.);
#2680 = EDGE_LOOP('',(#2681,#2682,#2690,#2697));
#2681 = ORIENTED_EDGE('',*,*,#774,.F.);
#2682 = ORIENTED_EDGE('',*,*,#2683,.T.);
#2683 = EDGE_CURVE('',#775,#2684,#2686,.T.);
#2684 = VERTEX_POINT('',#2685);
#2685 = CARTESIAN_POINT('',(-40.5,53.2,0.));
#2686 = LINE('',#2687,#2688);
#2687 = CARTESIAN_POINT('',(-40.5,53.2,3.));
#2688 = VECTOR('',#2689,1.);
#2689 = DIRECTION('',(-0.,-0.,-1.));
#2690 = ORIENTED_EDGE('',*,*,#2691,.T.);
#2691 = EDGE_CURVE('',#2684,#2684,#2692,.T.);
#2692 = CIRCLE('',#2693,2.);
#2693 = AXIS2_PLACEMENT_3D('',#2694,#2695,#2696);
#2694 = CARTESIAN_POINT('',(-42.5,53.2,0.));
#2695 = DIRECTION('',(0.,0.,1.));
#2696 = DIRECTION('',(1.,0.,0.));
#2697 = ORIENTED_EDGE('',*,*,#2683,.F.);
#2698 = CYLINDRICAL_SURFACE('',#2699,2.);
#2699 = AXIS2_PLACEMENT_3D('',#2700,#2701,#2702);
#2700 = CARTESIAN_POINT('',(-42.5,53.2,3.));
#2701 = DIRECTION('',(0.,0.,1.));
#2702 = DIRECTION('',(1.,0.,0.));
#2703 = ADVANCED_FACE('',(#2704),#2729,.F.);
#2704 = FACE_BOUND('',#2705,.F.);
#2705 = EDGE_LOOP('',(#2706,#2707,#2715,#2723));
#2706 = ORIENTED_EDGE('',*,*,#785,.F.);
#2707 = ORIENTED_EDGE('',*,*,#2708,.T.);
#2708 = EDGE_CURVE('',#786,#2709,#2711,.T.);
#2709 = VERTEX_POINT('',#2710);
#2710 = CARTESIAN_POINT('',(26.9,18.9,0.));
#2711 = LINE('',#2712,#2713);
#2712 = CARTESIAN_POINT('',(26.9,18.9,3.));
#2713 = VECTOR('',#2714,1.);
#2714 = DIRECTION('',(-0.,-0.,-1.));
#2715 = ORIENTED_EDGE('',*,*,#2716,.T.);
#2716 = EDGE_CURVE('',#2709,#2717,#2719,.T.);
#2717 = VERTEX_POINT('',#2718);
#2718 = CARTESIAN_POINT('',(26.9,15.7,0.));
#2719 = LINE('',#2720,#2721);
#2720 = CARTESIAN_POINT('',(26.9,15.73691588785,0.));
#2721 = VECTOR('',#2722,1.);
#2722 = DIRECTION('',(0.,-1.,0.));
#2723 = ORIENTED_EDGE('',*,*,#2724,.F.);
#2724 = EDGE_CURVE('',#788,#2717,#2725,.T.);
#2725 = LINE('',#2726,#2727);
#2726 = CARTESIAN_POINT('',(26.9,15.7,3.));
#2727 = VECTOR('',#2728,1.);
#2728 = DIRECTION('',(-0.,-0.,-1.));
#2729 = PLANE('',#2730);
#2730 = AXIS2_PLACEMENT_3D('',#2731,#2732,#2733);
#2731 = CARTESIAN_POINT('',(26.9,18.9,3.));
#2732 = DIRECTION('',(-1.,0.,0.));
#2733 = DIRECTION('',(0.,-1.,0.));
#2734 = ADVANCED_FACE('',(#2735),#2753,.F.);
#2735 = FACE_BOUND('',#2736,.F.);
#2736 = EDGE_LOOP('',(#2737,#2738,#2746,#2752));
#2737 = ORIENTED_EDGE('',*,*,#795,.F.);
#2738 = ORIENTED_EDGE('',*,*,#2739,.T.);
#2739 = EDGE_CURVE('',#796,#2740,#2742,.T.);
#2740 = VERTEX_POINT('',#2741);
#2741 = CARTESIAN_POINT('',(37.1,18.9,0.));
#2742 = LINE('',#2743,#2744);
#2743 = CARTESIAN_POINT('',(37.1,18.9,3.));
#2744 = VECTOR('',#2745,1.);
#2745 = DIRECTION('',(-0.,-0.,-1.));
#2746 = ORIENTED_EDGE('',*,*,#2747,.T.);
#2747 = EDGE_CURVE('',#2740,#2709,#2748,.T.);
#2748 = LINE('',#2749,#2750);
#2749 = CARTESIAN_POINT('',(18.55,18.9,0.));
#2750 = VECTOR('',#2751,1.);
#2751 = DIRECTION('',(-1.,0.,0.));
#2752 = ORIENTED_EDGE('',*,*,#2708,.F.);
#2753 = PLANE('',#2754);
#2754 = AXIS2_PLACEMENT_3D('',#2755,#2756,#2757);
#2755 = CARTESIAN_POINT('',(37.1,18.9,3.));
#2756 = DIRECTION('',(0.,1.,0.));
#2757 = DIRECTION('',(-1.,0.,0.));
#2758 = ADVANCED_FACE('',(#2759),#2777,.F.);
#2759 = FACE_BOUND('',#2760,.F.);
#2760 = EDGE_LOOP('',(#2761,#2762,#2763,#2771));
#2761 = ORIENTED_EDGE('',*,*,#811,.F.);
#2762 = ORIENTED_EDGE('',*,*,#2724,.T.);
#2763 = ORIENTED_EDGE('',*,*,#2764,.T.);
#2764 = EDGE_CURVE('',#2717,#2765,#2767,.T.);
#2765 = VERTEX_POINT('',#2766);
#2766 = CARTESIAN_POINT('',(37.1,15.7,0.));
#2767 = LINE('',#2768,#2769);
#2768 = CARTESIAN_POINT('',(13.45,15.7,0.));
#2769 = VECTOR('',#2770,1.);
#2770 = DIRECTION('',(1.,0.,0.));
#2771 = ORIENTED_EDGE('',*,*,#2772,.F.);
#2772 = EDGE_CURVE('',#804,#2765,#2773,.T.);
#2773 = LINE('',#2774,#2775);
#2774 = CARTESIAN_POINT('',(37.1,15.7,3.));
#2775 = VECTOR('',#2776,1.);
#2776 = DIRECTION('',(-0.,-0.,-1.));
#2777 = PLANE('',#2778);
#2778 = AXIS2_PLACEMENT_3D('',#2779,#2780,#2781);
#2779 = CARTESIAN_POINT('',(26.9,15.7,3.));
#2780 = DIRECTION('',(0.,-1.,0.));
#2781 = DIRECTION('',(1.,0.,0.));
#2782 = ADVANCED_FACE('',(#2783),#2794,.F.);
#2783 = FACE_BOUND('',#2784,.F.);
#2784 = EDGE_LOOP('',(#2785,#2786,#2787,#2793));
#2785 = ORIENTED_EDGE('',*,*,#803,.F.);
#2786 = ORIENTED_EDGE('',*,*,#2772,.T.);
#2787 = ORIENTED_EDGE('',*,*,#2788,.T.);
#2788 = EDGE_CURVE('',#2765,#2740,#2789,.T.);
#2789 = LINE('',#2790,#2791);
#2790 = CARTESIAN_POINT('',(37.1,14.13691588785,0.));
#2791 = VECTOR('',#2792,1.);
#2792 = DIRECTION('',(0.,1.,0.));
#2793 = ORIENTED_EDGE('',*,*,#2739,.F.);
#2794 = PLANE('',#2795);
#2795 = AXIS2_PLACEMENT_3D('',#2796,#2797,#2798);
#2796 = CARTESIAN_POINT('',(37.1,15.7,3.));
#2797 = DIRECTION('',(1.,0.,0.));
#2798 = DIRECTION('',(0.,1.,0.));
#2799 = ADVANCED_FACE('',(#2800),#2819,.F.);
#2800 = FACE_BOUND('',#2801,.F.);
#2801 = EDGE_LOOP('',(#2802,#2803,#2811,#2818));
#2802 = ORIENTED_EDGE('',*,*,#819,.F.);
#2803 = ORIENTED_EDGE('',*,*,#2804,.T.);
#2804 = EDGE_CURVE('',#820,#2805,#2807,.T.);
#2805 = VERTEX_POINT('',#2806);
#2806 = CARTESIAN_POINT('',(43.9,20.8,0.));
#2807 = LINE('',#2808,#2809);
#2808 = CARTESIAN_POINT('',(43.9,20.8,3.));
#2809 = VECTOR('',#2810,1.);
#2810 = DIRECTION('',(-0.,-0.,-1.));
#2811 = ORIENTED_EDGE('',*,*,#2812,.T.);
#2812 = EDGE_CURVE('',#2805,#2805,#2813,.T.);
#2813 = CIRCLE('',#2814,1.4);
#2814 = AXIS2_PLACEMENT_3D('',#2815,#2816,#2817);
#2815 = CARTESIAN_POINT('',(42.5,20.8,0.));
#2816 = DIRECTION('',(0.,0.,1.));
#2817 = DIRECTION('',(1.,0.,0.));
#2818 = ORIENTED_EDGE('',*,*,#2804,.F.);
#2819 = CYLINDRICAL_SURFACE('',#2820,1.4);
#2820 = AXIS2_PLACEMENT_3D('',#2821,#2822,#2823);
#2821 = CARTESIAN_POINT('',(42.5,20.8,3.));
#2822 = DIRECTION('',(0.,0.,1.));
#2823 = DIRECTION('',(1.,0.,0.));
#2824 = ADVANCED_FACE('',(#2825),#2844,.F.);
#2825 = FACE_BOUND('',#2826,.F.);
#2826 = EDGE_LOOP('',(#2827,#2828,#2836,#2843));
#2827 = ORIENTED_EDGE('',*,*,#830,.F.);
#2828 = ORIENTED_EDGE('',*,*,#2829,.T.);
#2829 = EDGE_CURVE('',#831,#2830,#2832,.T.);
#2830 = VERTEX_POINT('',#2831);
#2831 = CARTESIAN_POINT('',(43.9,44.2,0.));
#2832 = LINE('',#2833,#2834);
#2833 = CARTESIAN_POINT('',(43.9,44.2,3.));
#2834 = VECTOR('',#2835,1.);
#2835 = DIRECTION('',(-0.,-0.,-1.));
#2836 = ORIENTED_EDGE('',*,*,#2837,.T.);
#2837 = EDGE_CURVE('',#2830,#2830,#2838,.T.);
#2838 = CIRCLE('',#2839,1.4);
#2839 = AXIS2_PLACEMENT_3D('',#2840,#2841,#2842);
#2840 = CARTESIAN_POINT('',(42.5,44.2,0.));
#2841 = DIRECTION('',(0.,0.,1.));
#2842 = DIRECTION('',(1.,0.,0.));
#2843 = ORIENTED_EDGE('',*,*,#2829,.F.);
#2844 = CYLINDRICAL_SURFACE('',#2845,1.4);
#2845 = AXIS2_PLACEMENT_3D('',#2846,#2847,#2848);
#2846 = CARTESIAN_POINT('',(42.5,44.2,3.));
#2847 = DIRECTION('',(0.,0.,1.));
#2848 = DIRECTION('',(1.,0.,0.));
#2849 = ADVANCED_FACE('',(#2850),#2869,.F.);
#2850 = FACE_BOUND('',#2851,.F.);
#2851 = EDGE_LOOP('',(#2852,#2853,#2861,#2868));
#2852 = ORIENTED_EDGE('',*,*,#841,.F.);
#2853 = ORIENTED_EDGE('',*,*,#2854,.T.);
#2854 = EDGE_CURVE('',#842,#2855,#2857,.T.);
#2855 = VERTEX_POINT('',#2856);
#2856 = CARTESIAN_POINT('',(44.5,53.2,0.));
#2857 = LINE('',#2858,#2859);
#2858 = CARTESIAN_POINT('',(44.5,53.2,3.));
#2859 = VECTOR('',#2860,1.);
#2860 = DIRECTION('',(-0.,-0.,-1.));
#2861 = ORIENTED_EDGE('',*,*,#2862,.T.);
#2862 = EDGE_CURVE('',#2855,#2855,#2863,.T.);
#2863 = CIRCLE('',#2864,2.);
#2864 = AXIS2_PLACEMENT_3D('',#2865,#2866,#2867);
#2865 = CARTESIAN_POINT('',(42.5,53.2,0.));
#2866 = DIRECTION('',(0.,0.,1.));
#2867 = DIRECTION('',(1.,0.,0.));
#2868 = ORIENTED_EDGE('',*,*,#2854,.F.);
#2869 = CYLINDRICAL_SURFACE('',#2870,2.);
#2870 = AXIS2_PLACEMENT_3D('',#2871,#2872,#2873);
#2871 = CARTESIAN_POINT('',(42.5,53.2,3.));
#2872 = DIRECTION('',(0.,0.,1.));
#2873 = DIRECTION('',(1.,0.,0.));
#2874 = ADVANCED_FACE('',(#2875),#2886,.F.);
#2875 = FACE_BOUND('',#2876,.F.);
#2876 = EDGE_LOOP('',(#2877,#2878,#2879,#2880));
#2877 = ORIENTED_EDGE('',*,*,#1056,.F.);
#2878 = ORIENTED_EDGE('',*,*,#1008,.F.);
#2879 = ORIENTED_EDGE('',*,*,#966,.T.);
#2880 = ORIENTED_EDGE('',*,*,#2881,.T.);
#2881 = EDGE_CURVE('',#969,#1057,#2882,.T.);
#2882 = LINE('',#2883,#2884);
#2883 = CARTESIAN_POINT('',(-17.75,-24.8,0.));
#2884 = VECTOR('',#2885,1.);
#2885 = DIRECTION('',(-1.,0.,0.));
#2886 = PLANE('',#2887);
#2887 = AXIS2_PLACEMENT_3D('',#2888,#2889,#2890);
#2888 = CARTESIAN_POINT('',(-35.5,-24.8,3.));
#2889 = DIRECTION('',(0.,1.,0.));
#2890 = DIRECTION('',(-1.,0.,0.));
#2891 = ADVANCED_FACE('',(#2892,#2923,#2929,#2932,#2937,#2942,#2948,
    #2951,#2957,#2962,#2967,#2972,#2975,#2981,#2984,#2987,#2993,#2999,
    #3002,#3005),#3008,.F.);
#2892 = FACE_BOUND('',#2893,.F.);
#2893 = EDGE_LOOP('',(#2894,#2895,#2896,#2897,#2898,#2899,#2900,#2901,
    #2902,#2903,#2904,#2905,#2906,#2907,#2908,#2909,#2910,#2911,#2912,
    #2913,#2914,#2915,#2921,#2922));
#2894 = ORIENTED_EDGE('',*,*,#1522,.F.);
#2895 = ORIENTED_EDGE('',*,*,#1570,.T.);
#2896 = ORIENTED_EDGE('',*,*,#1546,.F.);
#2897 = ORIENTED_EDGE('',*,*,#1497,.T.);
#2898 = ORIENTED_EDGE('',*,*,#1449,.F.);
#2899 = ORIENTED_EDGE('',*,*,#1435,.F.);
#2900 = ORIENTED_EDGE('',*,*,#1368,.F.);
#2901 = ORIENTED_EDGE('',*,*,#1318,.T.);
#2902 = ORIENTED_EDGE('',*,*,#1294,.F.);
#2903 = ORIENTED_EDGE('',*,*,#1235,.T.);
#2904 = ORIENTED_EDGE('',*,*,#1187,.F.);
#2905 = ORIENTED_EDGE('',*,*,#1138,.F.);
#2906 = ORIENTED_EDGE('',*,*,#1064,.F.);
#2907 = ORIENTED_EDGE('',*,*,#2881,.F.);
#2908 = ORIENTED_EDGE('',*,*,#993,.F.);
#2909 = ORIENTED_EDGE('',*,*,#1032,.F.);
#2910 = ORIENTED_EDGE('',*,*,#1098,.F.);
#2911 = ORIENTED_EDGE('',*,*,#1114,.F.);
#2912 = ORIENTED_EDGE('',*,*,#1171,.F.);
#2913 = ORIENTED_EDGE('',*,*,#1211,.F.);
#2914 = ORIENTED_EDGE('',*,*,#1270,.F.);
#2915 = ORIENTED_EDGE('',*,*,#2916,.F.);
#2916 = EDGE_CURVE('',#1393,#1263,#2917,.T.);
#2917 = LINE('',#2918,#2919);
#2918 = CARTESIAN_POINT('',(20.25,-24.79999999997,0.));
#2919 = VECTOR('',#2920,1.);
#2920 = DIRECTION('',(-1.,0.,0.));
#2921 = ORIENTED_EDGE('',*,*,#1411,.F.);
#2922 = ORIENTED_EDGE('',*,*,#1473,.F.);
#2923 = FACE_BOUND('',#2924,.F.);
#2924 = EDGE_LOOP('',(#2925,#2926,#2927,#2928));
#2925 = ORIENTED_EDGE('',*,*,#1597,.F.);
#2926 = ORIENTED_EDGE('',*,*,#1628,.F.);
#2927 = ORIENTED_EDGE('',*,*,#1669,.F.);
#2928 = ORIENTED_EDGE('',*,*,#1645,.F.);
#2929 = FACE_BOUND('',#2930,.F.);
#2930 = EDGE_LOOP('',(#2931));
#2931 = ORIENTED_EDGE('',*,*,#1693,.F.);
#2932 = FACE_BOUND('',#2933,.F.);
#2933 = EDGE_LOOP('',(#2934,#2935,#2936));
#2934 = ORIENTED_EDGE('',*,*,#1814,.T.);
#2935 = ORIENTED_EDGE('',*,*,#1862,.T.);
#2936 = ORIENTED_EDGE('',*,*,#1845,.T.);
#2937 = FACE_BOUND('',#2938,.F.);
#2938 = EDGE_LOOP('',(#2939,#2940,#2941));
#2939 = ORIENTED_EDGE('',*,*,#1886,.T.);
#2940 = ORIENTED_EDGE('',*,*,#1934,.T.);
#2941 = ORIENTED_EDGE('',*,*,#1917,.T.);
#2942 = FACE_BOUND('',#2943,.F.);
#2943 = EDGE_LOOP('',(#2944,#2945,#2946,#2947));
#2944 = ORIENTED_EDGE('',*,*,#1718,.F.);
#2945 = ORIENTED_EDGE('',*,*,#1749,.F.);
#2946 = ORIENTED_EDGE('',*,*,#1790,.F.);
#2947 = ORIENTED_EDGE('',*,*,#1766,.F.);
#2948 = FACE_BOUND('',#2949,.F.);
#2949 = EDGE_LOOP('',(#2950));
#2950 = ORIENTED_EDGE('',*,*,#2030,.F.);
#2951 = FACE_BOUND('',#2952,.F.);
#2952 = EDGE_LOOP('',(#2953,#2954,#2955,#2956));
#2953 = ORIENTED_EDGE('',*,*,#2055,.F.);
#2954 = ORIENTED_EDGE('',*,*,#2086,.F.);
#2955 = ORIENTED_EDGE('',*,*,#2127,.F.);
#2956 = ORIENTED_EDGE('',*,*,#2103,.F.);
#2957 = FACE_BOUND('',#2958,.F.);
#2958 = EDGE_LOOP('',(#2959,#2960,#2961));
#2959 = ORIENTED_EDGE('',*,*,#1958,.T.);
#2960 = ORIENTED_EDGE('',*,*,#2006,.T.);
#2961 = ORIENTED_EDGE('',*,*,#1989,.T.);
#2962 = FACE_BOUND('',#2963,.F.);
#2963 = EDGE_LOOP('',(#2964,#2965,#2966));
#2964 = ORIENTED_EDGE('',*,*,#2151,.T.);
#2965 = ORIENTED_EDGE('',*,*,#2199,.T.);
#2966 = ORIENTED_EDGE('',*,*,#2182,.T.);
#2967 = FACE_BOUND('',#2968,.F.);
#2968 = EDGE_LOOP('',(#2969,#2970,#2971));
#2969 = ORIENTED_EDGE('',*,*,#2223,.T.);
#2970 = ORIENTED_EDGE('',*,*,#2271,.T.);
#2971 = ORIENTED_EDGE('',*,*,#2254,.T.);
#2972 = FACE_BOUND('',#2973,.F.);
#2973 = EDGE_LOOP('',(#2974));
#2974 = ORIENTED_EDGE('',*,*,#2449,.F.);
#2975 = FACE_BOUND('',#2976,.F.);
#2976 = EDGE_LOOP('',(#2977,#2978,#2979,#2980));
#2977 = ORIENTED_EDGE('',*,*,#2474,.F.);
#2978 = ORIENTED_EDGE('',*,*,#2505,.F.);
#2979 = ORIENTED_EDGE('',*,*,#2546,.F.);
#2980 = ORIENTED_EDGE('',*,*,#2522,.F.);
#2981 = FACE_BOUND('',#2982,.F.);
#2982 = EDGE_LOOP('',(#2983));
#2983 = ORIENTED_EDGE('',*,*,#2666,.F.);
#2984 = FACE_BOUND('',#2985,.F.);
#2985 = EDGE_LOOP('',(#2986));
#2986 = ORIENTED_EDGE('',*,*,#2691,.F.);
#2987 = FACE_BOUND('',#2988,.F.);
#2988 = EDGE_LOOP('',(#2989,#2990,#2991,#2992));
#2989 = ORIENTED_EDGE('',*,*,#2570,.F.);
#2990 = ORIENTED_EDGE('',*,*,#2601,.F.);
#2991 = ORIENTED_EDGE('',*,*,#2642,.F.);
#2992 = ORIENTED_EDGE('',*,*,#2618,.F.);
#2993 = FACE_BOUND('',#2994,.F.);
#2994 = EDGE_LOOP('',(#2995,#2996,#2997,#2998));
#2995 = ORIENTED_EDGE('',*,*,#2716,.F.);
#2996 = ORIENTED_EDGE('',*,*,#2747,.F.);
#2997 = ORIENTED_EDGE('',*,*,#2788,.F.);
#2998 = ORIENTED_EDGE('',*,*,#2764,.F.);
#2999 = FACE_BOUND('',#3000,.F.);
#3000 = EDGE_LOOP('',(#3001));
#3001 = ORIENTED_EDGE('',*,*,#2812,.F.);
#3002 = FACE_BOUND('',#3003,.F.);
#3003 = EDGE_LOOP('',(#3004));
#3004 = ORIENTED_EDGE('',*,*,#2837,.F.);
#3005 = FACE_BOUND('',#3006,.F.);
#3006 = EDGE_LOOP('',(#3007));
#3007 = ORIENTED_EDGE('',*,*,#2862,.F.);
#3008 = PLANE('',#3009);
#3009 = AXIS2_PLACEMENT_3D('',#3010,#3011,#3012);
#3010 = CARTESIAN_POINT('',(0.,12.573831775701,0.));
#3011 = DIRECTION('',(0.,0.,1.));
#3012 = DIRECTION('',(1.,0.,0.));
#3013 = ADVANCED_FACE('',(#3014),#3020,.F.);
#3014 = FACE_BOUND('',#3015,.F.);
#3015 = EDGE_LOOP('',(#3016,#3017,#3018,#3019));
#3016 = ORIENTED_EDGE('',*,*,#1260,.F.);
#3017 = ORIENTED_EDGE('',*,*,#1352,.F.);
#3018 = ORIENTED_EDGE('',*,*,#1392,.T.);
#3019 = ORIENTED_EDGE('',*,*,#2916,.T.);
#3020 = PLANE('',#3021);
#3021 = AXIS2_PLACEMENT_3D('',#3022,#3023,#3024);
#3022 = CARTESIAN_POINT('',(40.5,-24.79999999997,3.));
#3023 = DIRECTION('',(0.,1.,0.));
#3024 = DIRECTION('',(-1.,0.,0.));
#3025 = ADVANCED_FACE('',(#3026),#3037,.T.);
#3026 = FACE_BOUND('',#3027,.F.);
#3027 = EDGE_LOOP('',(#3028,#3029,#3035,#3036));
#3028 = ORIENTED_EDGE('',*,*,#2388,.T.);
#3029 = ORIENTED_EDGE('',*,*,#3030,.T.);
#3030 = EDGE_CURVE('',#2381,#2295,#3031,.T.);
#3031 = LINE('',#3032,#3033);
#3032 = CARTESIAN_POINT('',(45.000000000028,5.2,10.));
#3033 = VECTOR('',#3034,1.);
#3034 = DIRECTION('',(-1.,0.,0.));
#3035 = ORIENTED_EDGE('',*,*,#2294,.F.);
#3036 = ORIENTED_EDGE('',*,*,#2424,.F.);
#3037 = CYLINDRICAL_SURFACE('',#3038,4.);
#3038 = AXIS2_PLACEMENT_3D('',#3039,#3040,#3041);
#3039 = CARTESIAN_POINT('',(45.000000000028,5.2,6.));
#3040 = DIRECTION('',(-1.,0.,0.));
#3041 = DIRECTION('',(0.,1.,0.));
#3042 = ADVANCED_FACE('',(#3043),#3054,.T.);
#3043 = FACE_BOUND('',#3044,.T.);
#3044 = EDGE_LOOP('',(#3045,#3046,#3052,#3053));
#3045 = ORIENTED_EDGE('',*,*,#2303,.T.);
#3046 = ORIENTED_EDGE('',*,*,#3047,.T.);
#3047 = EDGE_CURVE('',#2304,#2372,#3048,.T.);
#3048 = LINE('',#3049,#3050);
#3049 = CARTESIAN_POINT('',(42.,4.2,10.));
#3050 = VECTOR('',#3051,1.);
#3051 = DIRECTION('',(1.,0.,0.));
#3052 = ORIENTED_EDGE('',*,*,#2380,.T.);
#3053 = ORIENTED_EDGE('',*,*,#3030,.T.);
#3054 = PLANE('',#3055);
#3055 = AXIS2_PLACEMENT_3D('',#3056,#3057,#3058);
#3056 = CARTESIAN_POINT('',(5.855997E-11,4.7,10.));
#3057 = DIRECTION('',(0.,0.,1.));
#3058 = DIRECTION('',(1.,0.,0.));
#3059 = ADVANCED_FACE('',(#3060),#3066,.T.);
#3060 = FACE_BOUND('',#3061,.F.);
#3061 = EDGE_LOOP('',(#3062,#3063,#3064,#3065));
#3062 = ORIENTED_EDGE('',*,*,#2311,.T.);
#3063 = ORIENTED_EDGE('',*,*,#3047,.T.);
#3064 = ORIENTED_EDGE('',*,*,#2371,.F.);
#3065 = ORIENTED_EDGE('',*,*,#2347,.F.);
#3066 = CYLINDRICAL_SURFACE('',#3067,4.);
#3067 = AXIS2_PLACEMENT_3D('',#3068,#3069,#3070);
#3068 = CARTESIAN_POINT('',(42.,4.2,6.));
#3069 = DIRECTION('',(1.,0.,0.));
#3070 = DIRECTION('',(0.,-1.,0.));
#3071 = ADVANCED_FACE('',(#3072),#3083,.F.);
#3072 = FACE_BOUND('',#3073,.F.);
#3073 = EDGE_LOOP('',(#3074,#3075,#3081,#3082));
#3074 = ORIENTED_EDGE('',*,*,#2329,.F.);
#3075 = ORIENTED_EDGE('',*,*,#3076,.T.);
#3076 = EDGE_CURVE('',#2330,#2407,#3077,.T.);
#3077 = LINE('',#3078,#3079);
#3078 = CARTESIAN_POINT('',(-45.,2.7,6.));
#3079 = VECTOR('',#3080,1.);
#3080 = DIRECTION('',(1.,0.,0.));
#3081 = ORIENTED_EDGE('',*,*,#2406,.T.);
#3082 = ORIENTED_EDGE('',*,*,#3076,.F.);
#3083 = CYLINDRICAL_SURFACE('',#3084,2.);
#3084 = AXIS2_PLACEMENT_3D('',#3085,#3086,#3087);
#3085 = CARTESIAN_POINT('',(-45.,4.7,6.));
#3086 = DIRECTION('',(-1.,0.,0.));
#3087 = DIRECTION('',(0.,-1.,0.));
#3088 = ( GEOMETRIC_REPRESENTATION_CONTEXT(3) 
GLOBAL_UNCERTAINTY_ASSIGNED_CONTEXT((#3092)) 
GLOBAL_UNIT_ASSIGNED_CONTEXT((#3089,#3090,#3091)) REPRESENTATION_CONTEXT
('Context #1','3D Context with UNIT and UNCERTAINTY') );
#3089 = ( LENGTH_UNIT() NAMED_UNIT(*) SI_UNIT(.MILLI.,.METRE.) );
#3090 = ( NAMED_UNIT(*) PLANE_ANGLE_UNIT() SI_UNIT($,.RADIAN.) );
#3091 = ( NAMED_UNIT(*) SI_UNIT($,.STERADIAN.) SOLID_ANGLE_UNIT() );
#3092 = UNCERTAINTY_MEASURE_WITH_UNIT(LENGTH_MEASURE(2.E-05),#3089,
  'distance_accuracy_value','confusion accuracy');
#3093 = PRODUCT_RELATED_PRODUCT_CATEGORY('part',$,(#7));
#3094 = MECHANICAL_DESIGN_GEOMETRIC_PRESENTATION_REPRESENTATION('',(
    #3095),#3088);
#3095 = STYLED_ITEM('color',(#3096),#15);
#3096 = PRESENTATION_STYLE_ASSIGNMENT((#3097,#3103));
#3097 = SURFACE_STYLE_USAGE(.BOTH.,#3098);
#3098 = SURFACE_SIDE_STYLE('',(#3099));
#3099 = SURFACE_STYLE_FILL_AREA(#3100);
#3100 = FILL_AREA_STYLE('',(#3101));
#3101 = FILL_AREA_STYLE_COLOUR('',#3102);
#3102 = COLOUR_RGB('',0.447058818107,0.474509808674,0.501960817233);
#3103 = CURVE_STYLE('',#3104,POSITIVE_LENGTH_MEASURE(0.1),#3105);
#3104 = DRAUGHTING_PRE_DEFINED_CURVE_FONT('continuous');
#3105 = COLOUR_RGB('',9.803921802644E-02,9.803921802644E-02,
  9.803921802644E-02);
ENDSEC;
END-ISO-10303-21;
