ISO-10303-21;
HEADER;
FILE_DESCRIPTION(('FreeCAD Model'),'2;1');
FILE_NAME('Open CASCADE Shape Model','2026-02-22T22:44:54',(''),(''),
  'Open CASCADE STEP processor 7.8','FreeCAD','Unknown');
FILE_SCHEMA(('AUTOMOTIVE_DESIGN { 1 0 10303 214 1 1 1 1 }'));
ENDSEC;
DATA;
#1 = APPLICATION_PROTOCOL_DEFINITION('international standard',
  'automotive_design',2000,#2);
#2 = APPLICATION_CONTEXT(
  'core data for automotive mechanical design processes');
#3 = SHAPE_DEFINITION_REPRESENTATION(#4,#10);
#4 = PRODUCT_DEFINITION_SHAPE('','',#5);
#5 = PRODUCT_DEFINITION('design','',#6,#9);
#6 = PRODUCT_DEFINITION_FORMATION('','',#7);
#7 = PRODUCT('Body','Body','',(#8));
#8 = PRODUCT_CONTEXT('',#2,'mechanical');
#9 = PRODUCT_DEFINITION_CONTEXT('part definition',#2,'design');
#10 = ADVANCED_BREP_SHAPE_REPRESENTATION('',(#11,#15),#3362);
#11 = AXIS2_PLACEMENT_3D('',#12,#13,#14);
#12 = CARTESIAN_POINT('',(0.,0.,0.));
#13 = DIRECTION('',(0.,0.,1.));
#14 = DIRECTION('',(1.,0.,-0.));
#15 = MANIFOLD_SOLID_BREP('',#16);
#16 = CLOSED_SHELL('',(#17,#86,#117,#142,#736,#760,#784,#802,#827,#844,
    #886,#910,#961,#985,#1009,#1033,#1057,#1081,#1105,#1129,#1153,#1177,
    #1201,#1225,#1276,#1300,#1335,#1416,#1440,#1475,#1492,#1527,#1551,
    #1593,#1617,#1641,#1665,#1689,#1713,#1737,#1761,#1785,#1809,#1833,
    #1857,#1908,#1932,#1967,#2032,#2056,#2091,#2108,#2133,#2164,#2188,
    #2205,#2230,#2261,#2285,#2302,#2362,#2386,#2410,#2456,#2487,#2511,
    #2528,#2553,#2584,#2608,#2625,#2650,#2710,#2734,#2758,#2804,#2816,
    #2833,#2911,#2923,#2940,#2952,#2964,#2981,#2998,#3010,#3027,#3039,
    #3056,#3076,#3096,#3113,#3130,#3142,#3159,#3179,#3199,#3216,#3233,
    #3245,#3262,#3278,#3294,#3319,#3344,#3353));
#17 = ADVANCED_FACE('',(#18,#70),#81,.F.);
#18 = FACE_BOUND('',#19,.F.);
#19 = EDGE_LOOP('',(#20,#30,#39,#47,#56,#64));
#20 = ORIENTED_EDGE('',*,*,#21,.T.);
#21 = EDGE_CURVE('',#22,#24,#26,.T.);
#22 = VERTEX_POINT('',#23);
#23 = CARTESIAN_POINT('',(-44.,-6.000000000002,3.));
#24 = VERTEX_POINT('',#25);
#25 = CARTESIAN_POINT('',(-44.,-6.000000000002,7.));
#26 = LINE('',#27,#28);
#27 = CARTESIAN_POINT('',(-44.,-6.000000000002,3.));
#28 = VECTOR('',#29,1.);
#29 = DIRECTION('',(0.,0.,1.));
#30 = ORIENTED_EDGE('',*,*,#31,.T.);
#31 = EDGE_CURVE('',#24,#32,#34,.T.);
#32 = VERTEX_POINT('',#33);
#33 = CARTESIAN_POINT('',(-44.,-10.,11.));
#34 = CIRCLE('',#35,4.);
#35 = AXIS2_PLACEMENT_3D('',#36,#37,#38);
#36 = CARTESIAN_POINT('',(-44.,-10.,7.));
#37 = DIRECTION('',(1.,-0.,0.));
#38 = DIRECTION('',(0.,0.,-1.));
#39 = ORIENTED_EDGE('',*,*,#40,.T.);
#40 = EDGE_CURVE('',#32,#41,#43,.T.);
#41 = VERTEX_POINT('',#42);
#42 = CARTESIAN_POINT('',(-44.,-11.99999999999,11.));
#43 = LINE('',#44,#45);
#44 = CARTESIAN_POINT('',(-44.,-6.000000000002,11.));
#45 = VECTOR('',#46,1.);
#46 = DIRECTION('',(0.,-1.,0.));
#47 = ORIENTED_EDGE('',*,*,#48,.F.);
#48 = EDGE_CURVE('',#49,#41,#51,.T.);
#49 = VERTEX_POINT('',#50);
#50 = CARTESIAN_POINT('',(-44.,-15.99999999999,7.));
#51 = CIRCLE('',#52,4.);
#52 = AXIS2_PLACEMENT_3D('',#53,#54,#55);
#53 = CARTESIAN_POINT('',(-44.,-11.99999999999,7.));
#54 = DIRECTION('',(-1.,0.,0.));
#55 = DIRECTION('',(0.,0.,1.));
#56 = ORIENTED_EDGE('',*,*,#57,.F.);
#57 = EDGE_CURVE('',#58,#49,#60,.T.);
#58 = VERTEX_POINT('',#59);
#59 = CARTESIAN_POINT('',(-44.,-15.99999999999,3.));
#60 = LINE('',#61,#62);
#61 = CARTESIAN_POINT('',(-44.,-15.99999999999,3.));
#62 = VECTOR('',#63,1.);
#63 = DIRECTION('',(0.,0.,1.));
#64 = ORIENTED_EDGE('',*,*,#65,.F.);
#65 = EDGE_CURVE('',#22,#58,#66,.T.);
#66 = LINE('',#67,#68);
#67 = CARTESIAN_POINT('',(-44.,-6.000000000002,3.));
#68 = VECTOR('',#69,1.);
#69 = DIRECTION('',(0.,-1.,0.));
#70 = FACE_BOUND('',#71,.F.);
#71 = EDGE_LOOP('',(#72));
#72 = ORIENTED_EDGE('',*,*,#73,.T.);
#73 = EDGE_CURVE('',#74,#74,#76,.T.);
#74 = VERTEX_POINT('',#75);
#75 = CARTESIAN_POINT('',(-44.,-12.99999999999,7.));
#76 = CIRCLE('',#77,2.);
#77 = AXIS2_PLACEMENT_3D('',#78,#79,#80);
#78 = CARTESIAN_POINT('',(-44.,-10.99999999999,7.));
#79 = DIRECTION('',(-1.,0.,0.));
#80 = DIRECTION('',(0.,-1.,0.));
#81 = PLANE('',#82);
#82 = AXIS2_PLACEMENT_3D('',#83,#84,#85);
#83 = CARTESIAN_POINT('',(-44.,-6.000000000002,3.));
#84 = DIRECTION('',(1.,0.,0.));
#85 = DIRECTION('',(0.,-1.,0.));
#86 = ADVANCED_FACE('',(#87),#112,.F.);
#87 = FACE_BOUND('',#88,.F.);
#88 = EDGE_LOOP('',(#89,#99,#105,#106));
#89 = ORIENTED_EDGE('',*,*,#90,.T.);
#90 = EDGE_CURVE('',#91,#93,#95,.T.);
#91 = VERTEX_POINT('',#92);
#92 = CARTESIAN_POINT('',(-41.,-6.000000000002,3.));
#93 = VERTEX_POINT('',#94);
#94 = CARTESIAN_POINT('',(-41.,-6.000000000002,7.));
#95 = LINE('',#96,#97);
#96 = CARTESIAN_POINT('',(-41.,-6.000000000002,3.));
#97 = VECTOR('',#98,1.);
#98 = DIRECTION('',(0.,0.,1.));
#99 = ORIENTED_EDGE('',*,*,#100,.T.);
#100 = EDGE_CURVE('',#93,#24,#101,.T.);
#101 = LINE('',#102,#103);
#102 = CARTESIAN_POINT('',(-41.,-6.000000000002,7.));
#103 = VECTOR('',#104,1.);
#104 = DIRECTION('',(-1.,0.,0.));
#105 = ORIENTED_EDGE('',*,*,#21,.F.);
#106 = ORIENTED_EDGE('',*,*,#107,.F.);
#107 = EDGE_CURVE('',#91,#22,#108,.T.);
#108 = LINE('',#109,#110);
#109 = CARTESIAN_POINT('',(-41.,-6.000000000002,3.));
#110 = VECTOR('',#111,1.);
#111 = DIRECTION('',(-1.,0.,0.));
#112 = PLANE('',#113);
#113 = AXIS2_PLACEMENT_3D('',#114,#115,#116);
#114 = CARTESIAN_POINT('',(-41.,-6.000000000002,3.));
#115 = DIRECTION('',(0.,-1.,0.));
#116 = DIRECTION('',(-1.,0.,0.));
#117 = ADVANCED_FACE('',(#118),#137,.T.);
#118 = FACE_BOUND('',#119,.F.);
#119 = EDGE_LOOP('',(#120,#129,#135,#136));
#120 = ORIENTED_EDGE('',*,*,#121,.T.);
#121 = EDGE_CURVE('',#93,#122,#124,.T.);
#122 = VERTEX_POINT('',#123);
#123 = CARTESIAN_POINT('',(-41.,-10.,11.));
#124 = CIRCLE('',#125,4.);
#125 = AXIS2_PLACEMENT_3D('',#126,#127,#128);
#126 = CARTESIAN_POINT('',(-41.,-10.,7.));
#127 = DIRECTION('',(1.,-0.,0.));
#128 = DIRECTION('',(0.,0.,-1.));
#129 = ORIENTED_EDGE('',*,*,#130,.T.);
#130 = EDGE_CURVE('',#122,#32,#131,.T.);
#131 = LINE('',#132,#133);
#132 = CARTESIAN_POINT('',(-41.,-10.,11.));
#133 = VECTOR('',#134,1.);
#134 = DIRECTION('',(-1.,0.,0.));
#135 = ORIENTED_EDGE('',*,*,#31,.F.);
#136 = ORIENTED_EDGE('',*,*,#100,.F.);
#137 = CYLINDRICAL_SURFACE('',#138,4.);
#138 = AXIS2_PLACEMENT_3D('',#139,#140,#141);
#139 = CARTESIAN_POINT('',(-41.,-10.,7.));
#140 = DIRECTION('',(-1.,0.,0.));
#141 = DIRECTION('',(0.,1.,0.));
#142 = ADVANCED_FACE('',(#143,#497,#508,#526,#552,#563,#589,#623,#649,
    #660,#686,#697),#731,.T.);
#143 = FACE_BOUND('',#144,.T.);
#144 = EDGE_LOOP('',(#145,#155,#163,#171,#179,#187,#195,#203,#211,#219,
    #227,#235,#243,#251,#259,#267,#275,#283,#291,#299,#307,#315,#323,
    #331,#339,#347,#355,#363,#371,#379,#387,#395,#403,#411,#419,#427,
    #435,#443,#451,#459,#467,#475,#483,#491));
#145 = ORIENTED_EDGE('',*,*,#146,.F.);
#146 = EDGE_CURVE('',#147,#149,#151,.T.);
#147 = VERTEX_POINT('',#148);
#148 = CARTESIAN_POINT('',(-47.,23.,3.));
#149 = VERTEX_POINT('',#150);
#150 = CARTESIAN_POINT('',(-38.,23.,3.));
#151 = LINE('',#152,#153);
#152 = CARTESIAN_POINT('',(-47.,23.,3.));
#153 = VECTOR('',#154,1.);
#154 = DIRECTION('',(1.,0.,0.));
#155 = ORIENTED_EDGE('',*,*,#156,.T.);
#156 = EDGE_CURVE('',#147,#157,#159,.T.);
#157 = VERTEX_POINT('',#158);
#158 = CARTESIAN_POINT('',(-47.,4.,3.));
#159 = LINE('',#160,#161);
#160 = CARTESIAN_POINT('',(-47.,0.,3.));
#161 = VECTOR('',#162,1.);
#162 = DIRECTION('',(-0.,-1.,-0.));
#163 = ORIENTED_EDGE('',*,*,#164,.F.);
#164 = EDGE_CURVE('',#165,#157,#167,.T.);
#165 = VERTEX_POINT('',#166);
#166 = CARTESIAN_POINT('',(-44.,4.,3.));
#167 = LINE('',#168,#169);
#168 = CARTESIAN_POINT('',(-44.,4.,3.));
#169 = VECTOR('',#170,1.);
#170 = DIRECTION('',(-1.,0.,0.));
#171 = ORIENTED_EDGE('',*,*,#172,.F.);
#172 = EDGE_CURVE('',#173,#165,#175,.T.);
#173 = VERTEX_POINT('',#174);
#174 = CARTESIAN_POINT('',(-44.,-4.,3.));
#175 = LINE('',#176,#177);
#176 = CARTESIAN_POINT('',(-44.,-4.,3.));
#177 = VECTOR('',#178,1.);
#178 = DIRECTION('',(0.,1.,0.));
#179 = ORIENTED_EDGE('',*,*,#180,.F.);
#180 = EDGE_CURVE('',#181,#173,#183,.T.);
#181 = VERTEX_POINT('',#182);
#182 = CARTESIAN_POINT('',(-47.,-4.,3.));
#183 = LINE('',#184,#185);
#184 = CARTESIAN_POINT('',(-47.,-4.,3.));
#185 = VECTOR('',#186,1.);
#186 = DIRECTION('',(1.,0.,0.));
#187 = ORIENTED_EDGE('',*,*,#188,.T.);
#188 = EDGE_CURVE('',#181,#189,#191,.T.);
#189 = VERTEX_POINT('',#190);
#190 = CARTESIAN_POINT('',(-47.,-23.,3.));
#191 = LINE('',#192,#193);
#192 = CARTESIAN_POINT('',(-47.,0.,3.));
#193 = VECTOR('',#194,1.);
#194 = DIRECTION('',(-0.,-1.,-0.));
#195 = ORIENTED_EDGE('',*,*,#196,.F.);
#196 = EDGE_CURVE('',#197,#189,#199,.T.);
#197 = VERTEX_POINT('',#198);
#198 = CARTESIAN_POINT('',(-38.,-23.,3.));
#199 = LINE('',#200,#201);
#200 = CARTESIAN_POINT('',(-38.,-23.,3.));
#201 = VECTOR('',#202,1.);
#202 = DIRECTION('',(-1.,0.,0.));
#203 = ORIENTED_EDGE('',*,*,#204,.F.);
#204 = EDGE_CURVE('',#205,#197,#207,.T.);
#205 = VERTEX_POINT('',#206);
#206 = CARTESIAN_POINT('',(-38.,-29.,3.));
#207 = LINE('',#208,#209);
#208 = CARTESIAN_POINT('',(-38.,-29.,3.));
#209 = VECTOR('',#210,1.);
#210 = DIRECTION('',(0.,1.,0.));
#211 = ORIENTED_EDGE('',*,*,#212,.T.);
#212 = EDGE_CURVE('',#205,#213,#215,.T.);
#213 = VERTEX_POINT('',#214);
#214 = CARTESIAN_POINT('',(-37.,-29.,3.));
#215 = LINE('',#216,#217);
#216 = CARTESIAN_POINT('',(-47.,-29.,3.));
#217 = VECTOR('',#218,1.);
#218 = DIRECTION('',(1.,0.,0.));
#219 = ORIENTED_EDGE('',*,*,#220,.T.);
#220 = EDGE_CURVE('',#213,#221,#223,.T.);
#221 = VERTEX_POINT('',#222);
#222 = CARTESIAN_POINT('',(-37.,-32.,3.));
#223 = LINE('',#224,#225);
#224 = CARTESIAN_POINT('',(-37.,-29.,3.));
#225 = VECTOR('',#226,1.);
#226 = DIRECTION('',(-0.,-1.,-0.));
#227 = ORIENTED_EDGE('',*,*,#228,.T.);
#228 = EDGE_CURVE('',#221,#229,#231,.T.);
#229 = VERTEX_POINT('',#230);
#230 = CARTESIAN_POINT('',(-27.,-32.,3.));
#231 = LINE('',#232,#233);
#232 = CARTESIAN_POINT('',(-37.,-32.,3.));
#233 = VECTOR('',#234,1.);
#234 = DIRECTION('',(1.,0.,0.));
#235 = ORIENTED_EDGE('',*,*,#236,.T.);
#236 = EDGE_CURVE('',#229,#237,#239,.T.);
#237 = VERTEX_POINT('',#238);
#238 = CARTESIAN_POINT('',(-27.,-29.,3.));
#239 = LINE('',#240,#241);
#240 = CARTESIAN_POINT('',(-27.,-32.,3.));
#241 = VECTOR('',#242,1.);
#242 = DIRECTION('',(0.,1.,0.));
#243 = ORIENTED_EDGE('',*,*,#244,.T.);
#244 = EDGE_CURVE('',#237,#245,#247,.T.);
#245 = VERTEX_POINT('',#246);
#246 = CARTESIAN_POINT('',(-5.,-29.,3.));
#247 = LINE('',#248,#249);
#248 = CARTESIAN_POINT('',(-27.,-29.,3.));
#249 = VECTOR('',#250,1.);
#250 = DIRECTION('',(1.,0.,0.));
#251 = ORIENTED_EDGE('',*,*,#252,.T.);
#252 = EDGE_CURVE('',#245,#253,#255,.T.);
#253 = VERTEX_POINT('',#254);
#254 = CARTESIAN_POINT('',(-5.,-32.,3.));
#255 = LINE('',#256,#257);
#256 = CARTESIAN_POINT('',(-5.,-29.,3.));
#257 = VECTOR('',#258,1.);
#258 = DIRECTION('',(-0.,-1.,-0.));
#259 = ORIENTED_EDGE('',*,*,#260,.T.);
#260 = EDGE_CURVE('',#253,#261,#263,.T.);
#261 = VERTEX_POINT('',#262);
#262 = CARTESIAN_POINT('',(5.,-32.,3.));
#263 = LINE('',#264,#265);
#264 = CARTESIAN_POINT('',(-5.,-32.,3.));
#265 = VECTOR('',#266,1.);
#266 = DIRECTION('',(1.,0.,0.));
#267 = ORIENTED_EDGE('',*,*,#268,.T.);
#268 = EDGE_CURVE('',#261,#269,#271,.T.);
#269 = VERTEX_POINT('',#270);
#270 = CARTESIAN_POINT('',(5.,-29.,3.));
#271 = LINE('',#272,#273);
#272 = CARTESIAN_POINT('',(5.,-32.,3.));
#273 = VECTOR('',#274,1.);
#274 = DIRECTION('',(0.,1.,0.));
#275 = ORIENTED_EDGE('',*,*,#276,.T.);
#276 = EDGE_CURVE('',#269,#277,#279,.T.);
#277 = VERTEX_POINT('',#278);
#278 = CARTESIAN_POINT('',(27.,-29.,3.));
#279 = LINE('',#280,#281);
#280 = CARTESIAN_POINT('',(5.,-29.,3.));
#281 = VECTOR('',#282,1.);
#282 = DIRECTION('',(1.,0.,0.));
#283 = ORIENTED_EDGE('',*,*,#284,.T.);
#284 = EDGE_CURVE('',#277,#285,#287,.T.);
#285 = VERTEX_POINT('',#286);
#286 = CARTESIAN_POINT('',(27.,-32.,3.));
#287 = LINE('',#288,#289);
#288 = CARTESIAN_POINT('',(27.,-29.,3.));
#289 = VECTOR('',#290,1.);
#290 = DIRECTION('',(-0.,-1.,-0.));
#291 = ORIENTED_EDGE('',*,*,#292,.T.);
#292 = EDGE_CURVE('',#285,#293,#295,.T.);
#293 = VERTEX_POINT('',#294);
#294 = CARTESIAN_POINT('',(37.,-32.,3.));
#295 = LINE('',#296,#297);
#296 = CARTESIAN_POINT('',(27.,-32.,3.));
#297 = VECTOR('',#298,1.);
#298 = DIRECTION('',(1.,0.,0.));
#299 = ORIENTED_EDGE('',*,*,#300,.T.);
#300 = EDGE_CURVE('',#293,#301,#303,.T.);
#301 = VERTEX_POINT('',#302);
#302 = CARTESIAN_POINT('',(37.,-29.,3.));
#303 = LINE('',#304,#305);
#304 = CARTESIAN_POINT('',(37.,-32.,3.));
#305 = VECTOR('',#306,1.);
#306 = DIRECTION('',(0.,1.,0.));
#307 = ORIENTED_EDGE('',*,*,#308,.T.);
#308 = EDGE_CURVE('',#301,#309,#311,.T.);
#309 = VERTEX_POINT('',#310);
#310 = CARTESIAN_POINT('',(38.,-29.,3.));
#311 = LINE('',#312,#313);
#312 = CARTESIAN_POINT('',(37.,-29.,3.));
#313 = VECTOR('',#314,1.);
#314 = DIRECTION('',(1.,0.,0.));
#315 = ORIENTED_EDGE('',*,*,#316,.F.);
#316 = EDGE_CURVE('',#317,#309,#319,.T.);
#317 = VERTEX_POINT('',#318);
#318 = CARTESIAN_POINT('',(38.,-23.,3.));
#319 = LINE('',#320,#321);
#320 = CARTESIAN_POINT('',(38.,-23.,3.));
#321 = VECTOR('',#322,1.);
#322 = DIRECTION('',(0.,-1.,0.));
#323 = ORIENTED_EDGE('',*,*,#324,.F.);
#324 = EDGE_CURVE('',#325,#317,#327,.T.);
#325 = VERTEX_POINT('',#326);
#326 = CARTESIAN_POINT('',(47.,-23.,3.));
#327 = LINE('',#328,#329);
#328 = CARTESIAN_POINT('',(47.,-23.,3.));
#329 = VECTOR('',#330,1.);
#330 = DIRECTION('',(-1.,0.,0.));
#331 = ORIENTED_EDGE('',*,*,#332,.T.);
#332 = EDGE_CURVE('',#325,#333,#335,.T.);
#333 = VERTEX_POINT('',#334);
#334 = CARTESIAN_POINT('',(47.,-4.000000000008,3.));
#335 = LINE('',#336,#337);
#336 = CARTESIAN_POINT('',(47.,-29.,3.));
#337 = VECTOR('',#338,1.);
#338 = DIRECTION('',(0.,1.,0.));
#339 = ORIENTED_EDGE('',*,*,#340,.F.);
#340 = EDGE_CURVE('',#341,#333,#343,.T.);
#341 = VERTEX_POINT('',#342);
#342 = CARTESIAN_POINT('',(44.,-4.000000000008,3.));
#343 = LINE('',#344,#345);
#344 = CARTESIAN_POINT('',(44.,-4.000000000008,3.));
#345 = VECTOR('',#346,1.);
#346 = DIRECTION('',(1.,0.,0.));
#347 = ORIENTED_EDGE('',*,*,#348,.F.);
#348 = EDGE_CURVE('',#349,#341,#351,.T.);
#349 = VERTEX_POINT('',#350);
#350 = CARTESIAN_POINT('',(44.,4.000000000008,3.));
#351 = LINE('',#352,#353);
#352 = CARTESIAN_POINT('',(44.,4.000000000008,3.));
#353 = VECTOR('',#354,1.);
#354 = DIRECTION('',(0.,-1.,0.));
#355 = ORIENTED_EDGE('',*,*,#356,.F.);
#356 = EDGE_CURVE('',#357,#349,#359,.T.);
#357 = VERTEX_POINT('',#358);
#358 = CARTESIAN_POINT('',(47.,4.000000000008,3.));
#359 = LINE('',#360,#361);
#360 = CARTESIAN_POINT('',(47.,4.000000000008,3.));
#361 = VECTOR('',#362,1.);
#362 = DIRECTION('',(-1.,0.,0.));
#363 = ORIENTED_EDGE('',*,*,#364,.T.);
#364 = EDGE_CURVE('',#357,#365,#367,.T.);
#365 = VERTEX_POINT('',#366);
#366 = CARTESIAN_POINT('',(47.,23.,3.));
#367 = LINE('',#368,#369);
#368 = CARTESIAN_POINT('',(47.,-29.,3.));
#369 = VECTOR('',#370,1.);
#370 = DIRECTION('',(0.,1.,0.));
#371 = ORIENTED_EDGE('',*,*,#372,.F.);
#372 = EDGE_CURVE('',#373,#365,#375,.T.);
#373 = VERTEX_POINT('',#374);
#374 = CARTESIAN_POINT('',(38.,23.,3.));
#375 = LINE('',#376,#377);
#376 = CARTESIAN_POINT('',(38.,23.,3.));
#377 = VECTOR('',#378,1.);
#378 = DIRECTION('',(1.,0.,0.));
#379 = ORIENTED_EDGE('',*,*,#380,.F.);
#380 = EDGE_CURVE('',#381,#373,#383,.T.);
#381 = VERTEX_POINT('',#382);
#382 = CARTESIAN_POINT('',(38.,29.,3.));
#383 = LINE('',#384,#385);
#384 = CARTESIAN_POINT('',(38.,29.,3.));
#385 = VECTOR('',#386,1.);
#386 = DIRECTION('',(0.,-1.,0.));
#387 = ORIENTED_EDGE('',*,*,#388,.F.);
#388 = EDGE_CURVE('',#389,#381,#391,.T.);
#389 = VERTEX_POINT('',#390);
#390 = CARTESIAN_POINT('',(37.,29.,3.));
#391 = LINE('',#392,#393);
#392 = CARTESIAN_POINT('',(37.,29.,3.));
#393 = VECTOR('',#394,1.);
#394 = DIRECTION('',(1.,0.,0.));
#395 = ORIENTED_EDGE('',*,*,#396,.F.);
#396 = EDGE_CURVE('',#397,#389,#399,.T.);
#397 = VERTEX_POINT('',#398);
#398 = CARTESIAN_POINT('',(37.,32.,3.));
#399 = LINE('',#400,#401);
#400 = CARTESIAN_POINT('',(37.,32.,3.));
#401 = VECTOR('',#402,1.);
#402 = DIRECTION('',(0.,-1.,0.));
#403 = ORIENTED_EDGE('',*,*,#404,.F.);
#404 = EDGE_CURVE('',#405,#397,#407,.T.);
#405 = VERTEX_POINT('',#406);
#406 = CARTESIAN_POINT('',(27.,32.,3.));
#407 = LINE('',#408,#409);
#408 = CARTESIAN_POINT('',(27.,32.,3.));
#409 = VECTOR('',#410,1.);
#410 = DIRECTION('',(1.,0.,0.));
#411 = ORIENTED_EDGE('',*,*,#412,.F.);
#412 = EDGE_CURVE('',#413,#405,#415,.T.);
#413 = VERTEX_POINT('',#414);
#414 = CARTESIAN_POINT('',(27.,29.,3.));
#415 = LINE('',#416,#417);
#416 = CARTESIAN_POINT('',(27.,29.,3.));
#417 = VECTOR('',#418,1.);
#418 = DIRECTION('',(0.,1.,0.));
#419 = ORIENTED_EDGE('',*,*,#420,.F.);
#420 = EDGE_CURVE('',#421,#413,#423,.T.);
#421 = VERTEX_POINT('',#422);
#422 = CARTESIAN_POINT('',(5.,29.,3.));
#423 = LINE('',#424,#425);
#424 = CARTESIAN_POINT('',(5.,29.,3.));
#425 = VECTOR('',#426,1.);
#426 = DIRECTION('',(1.,0.,0.));
#427 = ORIENTED_EDGE('',*,*,#428,.F.);
#428 = EDGE_CURVE('',#429,#421,#431,.T.);
#429 = VERTEX_POINT('',#430);
#430 = CARTESIAN_POINT('',(5.,32.,3.));
#431 = LINE('',#432,#433);
#432 = CARTESIAN_POINT('',(5.,32.,3.));
#433 = VECTOR('',#434,1.);
#434 = DIRECTION('',(0.,-1.,0.));
#435 = ORIENTED_EDGE('',*,*,#436,.F.);
#436 = EDGE_CURVE('',#437,#429,#439,.T.);
#437 = VERTEX_POINT('',#438);
#438 = CARTESIAN_POINT('',(-5.,32.,3.));
#439 = LINE('',#440,#441);
#440 = CARTESIAN_POINT('',(-5.,32.,3.));
#441 = VECTOR('',#442,1.);
#442 = DIRECTION('',(1.,0.,0.));
#443 = ORIENTED_EDGE('',*,*,#444,.F.);
#444 = EDGE_CURVE('',#445,#437,#447,.T.);
#445 = VERTEX_POINT('',#446);
#446 = CARTESIAN_POINT('',(-5.,29.,3.));
#447 = LINE('',#448,#449);
#448 = CARTESIAN_POINT('',(-5.,29.,3.));
#449 = VECTOR('',#450,1.);
#450 = DIRECTION('',(0.,1.,0.));
#451 = ORIENTED_EDGE('',*,*,#452,.F.);
#452 = EDGE_CURVE('',#453,#445,#455,.T.);
#453 = VERTEX_POINT('',#454);
#454 = CARTESIAN_POINT('',(-27.,29.,3.));
#455 = LINE('',#456,#457);
#456 = CARTESIAN_POINT('',(-27.,29.,3.));
#457 = VECTOR('',#458,1.);
#458 = DIRECTION('',(1.,0.,0.));
#459 = ORIENTED_EDGE('',*,*,#460,.F.);
#460 = EDGE_CURVE('',#461,#453,#463,.T.);
#461 = VERTEX_POINT('',#462);
#462 = CARTESIAN_POINT('',(-27.,32.,3.));
#463 = LINE('',#464,#465);
#464 = CARTESIAN_POINT('',(-27.,32.,3.));
#465 = VECTOR('',#466,1.);
#466 = DIRECTION('',(0.,-1.,0.));
#467 = ORIENTED_EDGE('',*,*,#468,.F.);
#468 = EDGE_CURVE('',#469,#461,#471,.T.);
#469 = VERTEX_POINT('',#470);
#470 = CARTESIAN_POINT('',(-37.,32.,3.));
#471 = LINE('',#472,#473);
#472 = CARTESIAN_POINT('',(-37.,32.,3.));
#473 = VECTOR('',#474,1.);
#474 = DIRECTION('',(1.,0.,0.));
#475 = ORIENTED_EDGE('',*,*,#476,.F.);
#476 = EDGE_CURVE('',#477,#469,#479,.T.);
#477 = VERTEX_POINT('',#478);
#478 = CARTESIAN_POINT('',(-37.,29.,3.));
#479 = LINE('',#480,#481);
#480 = CARTESIAN_POINT('',(-37.,29.,3.));
#481 = VECTOR('',#482,1.);
#482 = DIRECTION('',(0.,1.,0.));
#483 = ORIENTED_EDGE('',*,*,#484,.F.);
#484 = EDGE_CURVE('',#485,#477,#487,.T.);
#485 = VERTEX_POINT('',#486);
#486 = CARTESIAN_POINT('',(-38.,29.,3.));
#487 = LINE('',#488,#489);
#488 = CARTESIAN_POINT('',(-47.,29.,3.));
#489 = VECTOR('',#490,1.);
#490 = DIRECTION('',(1.,0.,0.));
#491 = ORIENTED_EDGE('',*,*,#492,.F.);
#492 = EDGE_CURVE('',#149,#485,#493,.T.);
#493 = LINE('',#494,#495);
#494 = CARTESIAN_POINT('',(-38.,23.,3.));
#495 = VECTOR('',#496,1.);
#496 = DIRECTION('',(0.,1.,0.));
#497 = FACE_BOUND('',#498,.T.);
#498 = EDGE_LOOP('',(#499));
#499 = ORIENTED_EDGE('',*,*,#500,.F.);
#500 = EDGE_CURVE('',#501,#501,#503,.T.);
#501 = VERTEX_POINT('',#502);
#502 = CARTESIAN_POINT('',(-15.25,-24.,3.));
#503 = CIRCLE('',#504,2.75);
#504 = AXIS2_PLACEMENT_3D('',#505,#506,#507);
#505 = CARTESIAN_POINT('',(-18.,-24.,3.));
#506 = DIRECTION('',(0.,0.,1.));
#507 = DIRECTION('',(1.,0.,0.));
#508 = FACE_BOUND('',#509,.T.);
#509 = EDGE_LOOP('',(#510,#511,#512,#520));
#510 = ORIENTED_EDGE('',*,*,#65,.F.);
#511 = ORIENTED_EDGE('',*,*,#107,.F.);
#512 = ORIENTED_EDGE('',*,*,#513,.F.);
#513 = EDGE_CURVE('',#514,#91,#516,.T.);
#514 = VERTEX_POINT('',#515);
#515 = CARTESIAN_POINT('',(-41.,-15.99999999999,3.));
#516 = LINE('',#517,#518);
#517 = CARTESIAN_POINT('',(-41.,-15.99999999999,3.));
#518 = VECTOR('',#519,1.);
#519 = DIRECTION('',(0.,1.,0.));
#520 = ORIENTED_EDGE('',*,*,#521,.F.);
#521 = EDGE_CURVE('',#58,#514,#522,.T.);
#522 = LINE('',#523,#524);
#523 = CARTESIAN_POINT('',(-44.,-15.99999999999,3.));
#524 = VECTOR('',#525,1.);
#525 = DIRECTION('',(1.,0.,0.));
#526 = FACE_BOUND('',#527,.T.);
#527 = EDGE_LOOP('',(#528,#538,#546));
#528 = ORIENTED_EDGE('',*,*,#529,.F.);
#529 = EDGE_CURVE('',#530,#532,#534,.T.);
#530 = VERTEX_POINT('',#531);
#531 = CARTESIAN_POINT('',(-33.,18.5,3.));
#532 = VERTEX_POINT('',#533);
#533 = CARTESIAN_POINT('',(-7.,-18.5,3.));
#534 = LINE('',#535,#536);
#535 = CARTESIAN_POINT('',(-33.,18.5,3.));
#536 = VECTOR('',#537,1.);
#537 = DIRECTION('',(0.574945516713,-0.818191696861,0.));
#538 = ORIENTED_EDGE('',*,*,#539,.F.);
#539 = EDGE_CURVE('',#540,#530,#542,.T.);
#540 = VERTEX_POINT('',#541);
#541 = CARTESIAN_POINT('',(-7.,18.5,3.));
#542 = LINE('',#543,#544);
#543 = CARTESIAN_POINT('',(-7.,18.5,3.));
#544 = VECTOR('',#545,1.);
#545 = DIRECTION('',(-1.,0.,0.));
#546 = ORIENTED_EDGE('',*,*,#547,.F.);
#547 = EDGE_CURVE('',#532,#540,#548,.T.);
#548 = LINE('',#549,#550);
#549 = CARTESIAN_POINT('',(-7.,-18.5,3.));
#550 = VECTOR('',#551,1.);
#551 = DIRECTION('',(0.,1.,0.));
#552 = FACE_BOUND('',#553,.T.);
#553 = EDGE_LOOP('',(#554));
#554 = ORIENTED_EDGE('',*,*,#555,.F.);
#555 = EDGE_CURVE('',#556,#556,#558,.T.);
#556 = VERTEX_POINT('',#557);
#557 = CARTESIAN_POINT('',(36.25,-19.5,3.));
#558 = CIRCLE('',#559,2.);
#559 = AXIS2_PLACEMENT_3D('',#560,#561,#562);
#560 = CARTESIAN_POINT('',(34.25,-19.5,3.));
#561 = DIRECTION('',(0.,0.,1.));
#562 = DIRECTION('',(1.,0.,0.));
#563 = FACE_BOUND('',#564,.T.);
#564 = EDGE_LOOP('',(#565,#575,#583));
#565 = ORIENTED_EDGE('',*,*,#566,.T.);
#566 = EDGE_CURVE('',#567,#569,#571,.T.);
#567 = VERTEX_POINT('',#568);
#568 = CARTESIAN_POINT('',(23.999999999979,18.5,3.));
#569 = VERTEX_POINT('',#570);
#570 = CARTESIAN_POINT('',(-2.000000000011,-18.5,3.));
#571 = LINE('',#572,#573);
#572 = CARTESIAN_POINT('',(23.999999999979,18.5,3.));
#573 = VECTOR('',#574,1.);
#574 = DIRECTION('',(-0.574945516713,-0.818191696861,0.));
#575 = ORIENTED_EDGE('',*,*,#576,.T.);
#576 = EDGE_CURVE('',#569,#577,#579,.T.);
#577 = VERTEX_POINT('',#578);
#578 = CARTESIAN_POINT('',(-2.000000000011,18.5,3.));
#579 = LINE('',#580,#581);
#580 = CARTESIAN_POINT('',(-2.000000000011,-18.5,3.));
#581 = VECTOR('',#582,1.);
#582 = DIRECTION('',(0.,1.,0.));
#583 = ORIENTED_EDGE('',*,*,#584,.T.);
#584 = EDGE_CURVE('',#577,#567,#585,.T.);
#585 = LINE('',#586,#587);
#586 = CARTESIAN_POINT('',(-2.000000000011,18.5,3.));
#587 = VECTOR('',#588,1.);
#588 = DIRECTION('',(1.,0.,0.));
#589 = FACE_BOUND('',#590,.T.);
#590 = EDGE_LOOP('',(#591,#601,#609,#617));
#591 = ORIENTED_EDGE('',*,*,#592,.F.);
#592 = EDGE_CURVE('',#593,#595,#597,.T.);
#593 = VERTEX_POINT('',#594);
#594 = CARTESIAN_POINT('',(41.,-6.,3.));
#595 = VERTEX_POINT('',#596);
#596 = CARTESIAN_POINT('',(41.,-15.99999999999,3.));
#597 = LINE('',#598,#599);
#598 = CARTESIAN_POINT('',(41.,-6.,3.));
#599 = VECTOR('',#600,1.);
#600 = DIRECTION('',(0.,-1.,0.));
#601 = ORIENTED_EDGE('',*,*,#602,.F.);
#602 = EDGE_CURVE('',#603,#593,#605,.T.);
#603 = VERTEX_POINT('',#604);
#604 = CARTESIAN_POINT('',(44.,-6.,3.));
#605 = LINE('',#606,#607);
#606 = CARTESIAN_POINT('',(44.,-6.,3.));
#607 = VECTOR('',#608,1.);
#608 = DIRECTION('',(-1.,0.,0.));
#609 = ORIENTED_EDGE('',*,*,#610,.F.);
#610 = EDGE_CURVE('',#611,#603,#613,.T.);
#611 = VERTEX_POINT('',#612);
#612 = CARTESIAN_POINT('',(44.,-15.99999999999,3.));
#613 = LINE('',#614,#615);
#614 = CARTESIAN_POINT('',(44.,-15.99999999999,3.));
#615 = VECTOR('',#616,1.);
#616 = DIRECTION('',(0.,1.,0.));
#617 = ORIENTED_EDGE('',*,*,#618,.F.);
#618 = EDGE_CURVE('',#595,#611,#619,.T.);
#619 = LINE('',#620,#621);
#620 = CARTESIAN_POINT('',(41.,-15.99999999999,3.));
#621 = VECTOR('',#622,1.);
#622 = DIRECTION('',(1.,0.,0.));
#623 = FACE_BOUND('',#624,.T.);
#624 = EDGE_LOOP('',(#625,#635,#643));
#625 = ORIENTED_EDGE('',*,*,#626,.F.);
#626 = EDGE_CURVE('',#627,#629,#631,.T.);
#627 = VERTEX_POINT('',#628);
#628 = CARTESIAN_POINT('',(-38.,18.5,3.));
#629 = VERTEX_POINT('',#630);
#630 = CARTESIAN_POINT('',(-38.,-18.5,3.));
#631 = LINE('',#632,#633);
#632 = CARTESIAN_POINT('',(-38.,18.5,3.));
#633 = VECTOR('',#634,1.);
#634 = DIRECTION('',(0.,-1.,0.));
#635 = ORIENTED_EDGE('',*,*,#636,.F.);
#636 = EDGE_CURVE('',#637,#627,#639,.T.);
#637 = VERTEX_POINT('',#638);
#638 = CARTESIAN_POINT('',(-12.,-18.5,3.));
#639 = LINE('',#640,#641);
#640 = CARTESIAN_POINT('',(-12.,-18.5,3.));
#641 = VECTOR('',#642,1.);
#642 = DIRECTION('',(-0.574945516713,0.818191696861,0.));
#643 = ORIENTED_EDGE('',*,*,#644,.F.);
#644 = EDGE_CURVE('',#629,#637,#645,.T.);
#645 = LINE('',#646,#647);
#646 = CARTESIAN_POINT('',(-38.,-18.5,3.));
#647 = VECTOR('',#648,1.);
#648 = DIRECTION('',(1.,0.,0.));
#649 = FACE_BOUND('',#650,.T.);
#650 = EDGE_LOOP('',(#651));
#651 = ORIENTED_EDGE('',*,*,#652,.F.);
#652 = EDGE_CURVE('',#653,#653,#655,.T.);
#653 = VERTEX_POINT('',#654);
#654 = CARTESIAN_POINT('',(-14.,24.75,3.));
#655 = CIRCLE('',#656,2.);
#656 = AXIS2_PLACEMENT_3D('',#657,#658,#659);
#657 = CARTESIAN_POINT('',(-16.,24.75,3.));
#658 = DIRECTION('',(0.,0.,1.));
#659 = DIRECTION('',(1.,0.,0.));
#660 = FACE_BOUND('',#661,.T.);
#661 = EDGE_LOOP('',(#662,#672,#680));
#662 = ORIENTED_EDGE('',*,*,#663,.T.);
#663 = EDGE_CURVE('',#664,#666,#668,.T.);
#664 = VERTEX_POINT('',#665);
#665 = CARTESIAN_POINT('',(28.999999999958,-18.5,3.));
#666 = VERTEX_POINT('',#667);
#667 = CARTESIAN_POINT('',(2.999999999968,-18.5,3.));
#668 = LINE('',#669,#670);
#669 = CARTESIAN_POINT('',(28.999999999958,-18.5,3.));
#670 = VECTOR('',#671,1.);
#671 = DIRECTION('',(-1.,0.,0.));
#672 = ORIENTED_EDGE('',*,*,#673,.T.);
#673 = EDGE_CURVE('',#666,#674,#676,.T.);
#674 = VERTEX_POINT('',#675);
#675 = CARTESIAN_POINT('',(28.999999999958,18.5,3.));
#676 = LINE('',#677,#678);
#677 = CARTESIAN_POINT('',(2.999999999968,-18.5,3.));
#678 = VECTOR('',#679,1.);
#679 = DIRECTION('',(0.574945516713,0.818191696861,0.));
#680 = ORIENTED_EDGE('',*,*,#681,.T.);
#681 = EDGE_CURVE('',#674,#664,#682,.T.);
#682 = LINE('',#683,#684);
#683 = CARTESIAN_POINT('',(28.999999999958,18.5,3.));
#684 = VECTOR('',#685,1.);
#685 = DIRECTION('',(0.,-1.,0.));
#686 = FACE_BOUND('',#687,.T.);
#687 = EDGE_LOOP('',(#688));
#688 = ORIENTED_EDGE('',*,*,#689,.F.);
#689 = EDGE_CURVE('',#690,#690,#692,.T.);
#690 = VERTEX_POINT('',#691);
#691 = CARTESIAN_POINT('',(37.,8.5,3.));
#692 = CIRCLE('',#693,2.75);
#693 = AXIS2_PLACEMENT_3D('',#694,#695,#696);
#694 = CARTESIAN_POINT('',(34.25,8.5,3.));
#695 = DIRECTION('',(0.,0.,1.));
#696 = DIRECTION('',(1.,0.,0.));
#697 = FACE_BOUND('',#698,.T.);
#698 = EDGE_LOOP('',(#699,#709,#717,#725));
#699 = ORIENTED_EDGE('',*,*,#700,.F.);
#700 = EDGE_CURVE('',#701,#703,#705,.T.);
#701 = VERTEX_POINT('',#702);
#702 = CARTESIAN_POINT('',(41.,16.,3.));
#703 = VERTEX_POINT('',#704);
#704 = CARTESIAN_POINT('',(41.,6.,3.));
#705 = LINE('',#706,#707);
#706 = CARTESIAN_POINT('',(41.,16.,3.));
#707 = VECTOR('',#708,1.);
#708 = DIRECTION('',(0.,-1.,0.));
#709 = ORIENTED_EDGE('',*,*,#710,.F.);
#710 = EDGE_CURVE('',#711,#701,#713,.T.);
#711 = VERTEX_POINT('',#712);
#712 = CARTESIAN_POINT('',(44.,16.,3.));
#713 = LINE('',#714,#715);
#714 = CARTESIAN_POINT('',(44.,16.,3.));
#715 = VECTOR('',#716,1.);
#716 = DIRECTION('',(-1.,0.,0.));
#717 = ORIENTED_EDGE('',*,*,#718,.F.);
#718 = EDGE_CURVE('',#719,#711,#721,.T.);
#719 = VERTEX_POINT('',#720);
#720 = CARTESIAN_POINT('',(44.,6.,3.));
#721 = LINE('',#722,#723);
#722 = CARTESIAN_POINT('',(44.,6.,3.));
#723 = VECTOR('',#724,1.);
#724 = DIRECTION('',(0.,1.,0.));
#725 = ORIENTED_EDGE('',*,*,#726,.F.);
#726 = EDGE_CURVE('',#703,#719,#727,.T.);
#727 = LINE('',#728,#729);
#728 = CARTESIAN_POINT('',(41.,6.,3.));
#729 = VECTOR('',#730,1.);
#730 = DIRECTION('',(1.,0.,0.));
#731 = PLANE('',#732);
#732 = AXIS2_PLACEMENT_3D('',#733,#734,#735);
#733 = CARTESIAN_POINT('',(0.,0.,3.));
#734 = DIRECTION('',(0.,0.,1.));
#735 = DIRECTION('',(1.,0.,0.));
#736 = ADVANCED_FACE('',(#737),#755,.T.);
#737 = FACE_BOUND('',#738,.T.);
#738 = EDGE_LOOP('',(#739,#740,#748,#754));
#739 = ORIENTED_EDGE('',*,*,#40,.T.);
#740 = ORIENTED_EDGE('',*,*,#741,.T.);
#741 = EDGE_CURVE('',#41,#742,#744,.T.);
#742 = VERTEX_POINT('',#743);
#743 = CARTESIAN_POINT('',(-41.,-11.99999999999,11.));
#744 = LINE('',#745,#746);
#745 = CARTESIAN_POINT('',(-44.,-11.99999999999,11.));
#746 = VECTOR('',#747,1.);
#747 = DIRECTION('',(1.,0.,0.));
#748 = ORIENTED_EDGE('',*,*,#749,.T.);
#749 = EDGE_CURVE('',#742,#122,#750,.T.);
#750 = LINE('',#751,#752);
#751 = CARTESIAN_POINT('',(-41.,-15.99999999999,11.));
#752 = VECTOR('',#753,1.);
#753 = DIRECTION('',(0.,1.,0.));
#754 = ORIENTED_EDGE('',*,*,#130,.T.);
#755 = PLANE('',#756);
#756 = AXIS2_PLACEMENT_3D('',#757,#758,#759);
#757 = CARTESIAN_POINT('',(14.166666666672,-3.666666666664,11.));
#758 = DIRECTION('',(0.,0.,1.));
#759 = DIRECTION('',(1.,0.,0.));
#760 = ADVANCED_FACE('',(#761),#779,.F.);
#761 = FACE_BOUND('',#762,.F.);
#762 = EDGE_LOOP('',(#763,#764,#772,#778));
#763 = ORIENTED_EDGE('',*,*,#57,.T.);
#764 = ORIENTED_EDGE('',*,*,#765,.T.);
#765 = EDGE_CURVE('',#49,#766,#768,.T.);
#766 = VERTEX_POINT('',#767);
#767 = CARTESIAN_POINT('',(-41.,-15.99999999999,7.));
#768 = LINE('',#769,#770);
#769 = CARTESIAN_POINT('',(-44.,-15.99999999999,7.));
#770 = VECTOR('',#771,1.);
#771 = DIRECTION('',(1.,0.,0.));
#772 = ORIENTED_EDGE('',*,*,#773,.F.);
#773 = EDGE_CURVE('',#514,#766,#774,.T.);
#774 = LINE('',#775,#776);
#775 = CARTESIAN_POINT('',(-41.,-15.99999999999,3.));
#776 = VECTOR('',#777,1.);
#777 = DIRECTION('',(0.,0.,1.));
#778 = ORIENTED_EDGE('',*,*,#521,.F.);
#779 = PLANE('',#780);
#780 = AXIS2_PLACEMENT_3D('',#781,#782,#783);
#781 = CARTESIAN_POINT('',(-44.,-15.99999999999,3.));
#782 = DIRECTION('',(0.,1.,0.));
#783 = DIRECTION('',(1.,0.,0.));
#784 = ADVANCED_FACE('',(#785),#797,.T.);
#785 = FACE_BOUND('',#786,.F.);
#786 = EDGE_LOOP('',(#787,#788,#789,#796));
#787 = ORIENTED_EDGE('',*,*,#48,.T.);
#788 = ORIENTED_EDGE('',*,*,#741,.T.);
#789 = ORIENTED_EDGE('',*,*,#790,.F.);
#790 = EDGE_CURVE('',#766,#742,#791,.T.);
#791 = CIRCLE('',#792,4.);
#792 = AXIS2_PLACEMENT_3D('',#793,#794,#795);
#793 = CARTESIAN_POINT('',(-41.,-11.99999999999,7.));
#794 = DIRECTION('',(-1.,0.,0.));
#795 = DIRECTION('',(0.,0.,1.));
#796 = ORIENTED_EDGE('',*,*,#765,.F.);
#797 = CYLINDRICAL_SURFACE('',#798,4.);
#798 = AXIS2_PLACEMENT_3D('',#799,#800,#801);
#799 = CARTESIAN_POINT('',(-44.,-11.99999999999,7.));
#800 = DIRECTION('',(1.,0.,0.));
#801 = DIRECTION('',(0.,-1.,0.));
#802 = ADVANCED_FACE('',(#803),#822,.F.);
#803 = FACE_BOUND('',#804,.F.);
#804 = EDGE_LOOP('',(#805,#806,#814,#821));
#805 = ORIENTED_EDGE('',*,*,#73,.F.);
#806 = ORIENTED_EDGE('',*,*,#807,.T.);
#807 = EDGE_CURVE('',#74,#808,#810,.T.);
#808 = VERTEX_POINT('',#809);
#809 = CARTESIAN_POINT('',(-41.,-12.99999999999,7.));
#810 = LINE('',#811,#812);
#811 = CARTESIAN_POINT('',(-44.,-12.99999999999,7.));
#812 = VECTOR('',#813,1.);
#813 = DIRECTION('',(1.,0.,0.));
#814 = ORIENTED_EDGE('',*,*,#815,.T.);
#815 = EDGE_CURVE('',#808,#808,#816,.T.);
#816 = CIRCLE('',#817,2.);
#817 = AXIS2_PLACEMENT_3D('',#818,#819,#820);
#818 = CARTESIAN_POINT('',(-41.,-10.99999999999,7.));
#819 = DIRECTION('',(-1.,0.,0.));
#820 = DIRECTION('',(0.,-1.,0.));
#821 = ORIENTED_EDGE('',*,*,#807,.F.);
#822 = CYLINDRICAL_SURFACE('',#823,2.);
#823 = AXIS2_PLACEMENT_3D('',#824,#825,#826);
#824 = CARTESIAN_POINT('',(-44.,-10.99999999999,7.));
#825 = DIRECTION('',(-1.,0.,0.));
#826 = DIRECTION('',(0.,-1.,0.));
#827 = ADVANCED_FACE('',(#828,#836),#839,.F.);
#828 = FACE_BOUND('',#829,.F.);
#829 = EDGE_LOOP('',(#830,#831,#832,#833,#834,#835));
#830 = ORIENTED_EDGE('',*,*,#773,.T.);
#831 = ORIENTED_EDGE('',*,*,#790,.T.);
#832 = ORIENTED_EDGE('',*,*,#749,.T.);
#833 = ORIENTED_EDGE('',*,*,#121,.F.);
#834 = ORIENTED_EDGE('',*,*,#90,.F.);
#835 = ORIENTED_EDGE('',*,*,#513,.F.);
#836 = FACE_BOUND('',#837,.F.);
#837 = EDGE_LOOP('',(#838));
#838 = ORIENTED_EDGE('',*,*,#815,.F.);
#839 = PLANE('',#840);
#840 = AXIS2_PLACEMENT_3D('',#841,#842,#843);
#841 = CARTESIAN_POINT('',(-41.,-15.99999999999,3.));
#842 = DIRECTION('',(-1.,0.,0.));
#843 = DIRECTION('',(0.,1.,0.));
#844 = ADVANCED_FACE('',(#845,#870),#881,.F.);
#845 = FACE_BOUND('',#846,.F.);
#846 = EDGE_LOOP('',(#847,#855,#863,#869));
#847 = ORIENTED_EDGE('',*,*,#848,.T.);
#848 = EDGE_CURVE('',#147,#849,#851,.T.);
#849 = VERTEX_POINT('',#850);
#850 = CARTESIAN_POINT('',(-47.,23.,9.));
#851 = LINE('',#852,#853);
#852 = CARTESIAN_POINT('',(-47.,23.,3.));
#853 = VECTOR('',#854,1.);
#854 = DIRECTION('',(0.,0.,1.));
#855 = ORIENTED_EDGE('',*,*,#856,.T.);
#856 = EDGE_CURVE('',#849,#857,#859,.T.);
#857 = VERTEX_POINT('',#858);
#858 = CARTESIAN_POINT('',(-38.,23.,9.));
#859 = LINE('',#860,#861);
#860 = CARTESIAN_POINT('',(-47.,23.,9.));
#861 = VECTOR('',#862,1.);
#862 = DIRECTION('',(1.,0.,0.));
#863 = ORIENTED_EDGE('',*,*,#864,.F.);
#864 = EDGE_CURVE('',#149,#857,#865,.T.);
#865 = LINE('',#866,#867);
#866 = CARTESIAN_POINT('',(-38.,23.,3.));
#867 = VECTOR('',#868,1.);
#868 = DIRECTION('',(0.,0.,1.));
#869 = ORIENTED_EDGE('',*,*,#146,.F.);
#870 = FACE_BOUND('',#871,.F.);
#871 = EDGE_LOOP('',(#872));
#872 = ORIENTED_EDGE('',*,*,#873,.F.);
#873 = EDGE_CURVE('',#874,#874,#876,.T.);
#874 = VERTEX_POINT('',#875);
#875 = CARTESIAN_POINT('',(-43.9,23.,5.));
#876 = CIRCLE('',#877,1.4);
#877 = AXIS2_PLACEMENT_3D('',#878,#879,#880);
#878 = CARTESIAN_POINT('',(-42.5,23.,5.));
#879 = DIRECTION('',(0.,1.,-0.));
#880 = DIRECTION('',(-1.,0.,0.));
#881 = PLANE('',#882);
#882 = AXIS2_PLACEMENT_3D('',#883,#884,#885);
#883 = CARTESIAN_POINT('',(-47.,23.,3.));
#884 = DIRECTION('',(0.,1.,0.));
#885 = DIRECTION('',(1.,0.,0.));
#886 = ADVANCED_FACE('',(#887),#905,.F.);
#887 = FACE_BOUND('',#888,.F.);
#888 = EDGE_LOOP('',(#889,#890,#898,#904));
#889 = ORIENTED_EDGE('',*,*,#864,.T.);
#890 = ORIENTED_EDGE('',*,*,#891,.T.);
#891 = EDGE_CURVE('',#857,#892,#894,.T.);
#892 = VERTEX_POINT('',#893);
#893 = CARTESIAN_POINT('',(-38.,29.,9.));
#894 = LINE('',#895,#896);
#895 = CARTESIAN_POINT('',(-38.,23.,9.));
#896 = VECTOR('',#897,1.);
#897 = DIRECTION('',(0.,1.,0.));
#898 = ORIENTED_EDGE('',*,*,#899,.F.);
#899 = EDGE_CURVE('',#485,#892,#900,.T.);
#900 = LINE('',#901,#902);
#901 = CARTESIAN_POINT('',(-38.,29.,3.));
#902 = VECTOR('',#903,1.);
#903 = DIRECTION('',(0.,0.,1.));
#904 = ORIENTED_EDGE('',*,*,#492,.F.);
#905 = PLANE('',#906);
#906 = AXIS2_PLACEMENT_3D('',#907,#908,#909);
#907 = CARTESIAN_POINT('',(-38.,23.,3.));
#908 = DIRECTION('',(-1.,0.,0.));
#909 = DIRECTION('',(0.,1.,0.));
#910 = ADVANCED_FACE('',(#911,#945),#956,.T.);
#911 = FACE_BOUND('',#912,.T.);
#912 = EDGE_LOOP('',(#913,#923,#929,#930,#931,#939));
#913 = ORIENTED_EDGE('',*,*,#914,.T.);
#914 = EDGE_CURVE('',#915,#917,#919,.T.);
#915 = VERTEX_POINT('',#916);
#916 = CARTESIAN_POINT('',(-47.,29.,0.));
#917 = VERTEX_POINT('',#918);
#918 = CARTESIAN_POINT('',(-47.,29.,9.));
#919 = LINE('',#920,#921);
#920 = CARTESIAN_POINT('',(-47.,29.,0.));
#921 = VECTOR('',#922,1.);
#922 = DIRECTION('',(0.,0.,1.));
#923 = ORIENTED_EDGE('',*,*,#924,.F.);
#924 = EDGE_CURVE('',#892,#917,#925,.T.);
#925 = LINE('',#926,#927);
#926 = CARTESIAN_POINT('',(-38.,29.,9.));
#927 = VECTOR('',#928,1.);
#928 = DIRECTION('',(-1.,0.,0.));
#929 = ORIENTED_EDGE('',*,*,#899,.F.);
#930 = ORIENTED_EDGE('',*,*,#484,.T.);
#931 = ORIENTED_EDGE('',*,*,#932,.F.);
#932 = EDGE_CURVE('',#933,#477,#935,.T.);
#933 = VERTEX_POINT('',#934);
#934 = CARTESIAN_POINT('',(-37.,29.,0.));
#935 = LINE('',#936,#937);
#936 = CARTESIAN_POINT('',(-37.,29.,0.));
#937 = VECTOR('',#938,1.);
#938 = DIRECTION('',(0.,0.,1.));
#939 = ORIENTED_EDGE('',*,*,#940,.F.);
#940 = EDGE_CURVE('',#915,#933,#941,.T.);
#941 = LINE('',#942,#943);
#942 = CARTESIAN_POINT('',(-47.,29.,0.));
#943 = VECTOR('',#944,1.);
#944 = DIRECTION('',(1.,0.,0.));
#945 = FACE_BOUND('',#946,.T.);
#946 = EDGE_LOOP('',(#947));
#947 = ORIENTED_EDGE('',*,*,#948,.F.);
#948 = EDGE_CURVE('',#949,#949,#951,.T.);
#949 = VERTEX_POINT('',#950);
#950 = CARTESIAN_POINT('',(-43.9,29.,5.));
#951 = CIRCLE('',#952,1.4);
#952 = AXIS2_PLACEMENT_3D('',#953,#954,#955);
#953 = CARTESIAN_POINT('',(-42.5,29.,5.));
#954 = DIRECTION('',(0.,1.,-0.));
#955 = DIRECTION('',(-1.,0.,0.));
#956 = PLANE('',#957);
#957 = AXIS2_PLACEMENT_3D('',#958,#959,#960);
#958 = CARTESIAN_POINT('',(-42.15789473684,29.,4.342105263158));
#959 = DIRECTION('',(0.,1.,0.));
#960 = DIRECTION('',(0.,0.,1.));
#961 = ADVANCED_FACE('',(#962),#980,.T.);
#962 = FACE_BOUND('',#963,.T.);
#963 = EDGE_LOOP('',(#964,#965,#966,#974));
#964 = ORIENTED_EDGE('',*,*,#932,.T.);
#965 = ORIENTED_EDGE('',*,*,#476,.T.);
#966 = ORIENTED_EDGE('',*,*,#967,.F.);
#967 = EDGE_CURVE('',#968,#469,#970,.T.);
#968 = VERTEX_POINT('',#969);
#969 = CARTESIAN_POINT('',(-37.,32.,0.));
#970 = LINE('',#971,#972);
#971 = CARTESIAN_POINT('',(-37.,32.,0.));
#972 = VECTOR('',#973,1.);
#973 = DIRECTION('',(0.,0.,1.));
#974 = ORIENTED_EDGE('',*,*,#975,.F.);
#975 = EDGE_CURVE('',#933,#968,#976,.T.);
#976 = LINE('',#977,#978);
#977 = CARTESIAN_POINT('',(-37.,29.,0.));
#978 = VECTOR('',#979,1.);
#979 = DIRECTION('',(0.,1.,0.));
#980 = PLANE('',#981);
#981 = AXIS2_PLACEMENT_3D('',#982,#983,#984);
#982 = CARTESIAN_POINT('',(-37.,29.,0.));
#983 = DIRECTION('',(-1.,0.,0.));
#984 = DIRECTION('',(0.,1.,0.));
#985 = ADVANCED_FACE('',(#986),#1004,.T.);
#986 = FACE_BOUND('',#987,.T.);
#987 = EDGE_LOOP('',(#988,#989,#990,#998));
#988 = ORIENTED_EDGE('',*,*,#967,.T.);
#989 = ORIENTED_EDGE('',*,*,#468,.T.);
#990 = ORIENTED_EDGE('',*,*,#991,.F.);
#991 = EDGE_CURVE('',#992,#461,#994,.T.);
#992 = VERTEX_POINT('',#993);
#993 = CARTESIAN_POINT('',(-27.,32.,0.));
#994 = LINE('',#995,#996);
#995 = CARTESIAN_POINT('',(-27.,32.,0.));
#996 = VECTOR('',#997,1.);
#997 = DIRECTION('',(0.,0.,1.));
#998 = ORIENTED_EDGE('',*,*,#999,.F.);
#999 = EDGE_CURVE('',#968,#992,#1000,.T.);
#1000 = LINE('',#1001,#1002);
#1001 = CARTESIAN_POINT('',(-37.,32.,0.));
#1002 = VECTOR('',#1003,1.);
#1003 = DIRECTION('',(1.,0.,0.));
#1004 = PLANE('',#1005);
#1005 = AXIS2_PLACEMENT_3D('',#1006,#1007,#1008);
#1006 = CARTESIAN_POINT('',(-37.,32.,0.));
#1007 = DIRECTION('',(0.,1.,0.));
#1008 = DIRECTION('',(1.,0.,0.));
#1009 = ADVANCED_FACE('',(#1010),#1028,.T.);
#1010 = FACE_BOUND('',#1011,.T.);
#1011 = EDGE_LOOP('',(#1012,#1013,#1014,#1022));
#1012 = ORIENTED_EDGE('',*,*,#991,.T.);
#1013 = ORIENTED_EDGE('',*,*,#460,.T.);
#1014 = ORIENTED_EDGE('',*,*,#1015,.F.);
#1015 = EDGE_CURVE('',#1016,#453,#1018,.T.);
#1016 = VERTEX_POINT('',#1017);
#1017 = CARTESIAN_POINT('',(-27.,29.,0.));
#1018 = LINE('',#1019,#1020);
#1019 = CARTESIAN_POINT('',(-27.,29.,0.));
#1020 = VECTOR('',#1021,1.);
#1021 = DIRECTION('',(0.,0.,1.));
#1022 = ORIENTED_EDGE('',*,*,#1023,.F.);
#1023 = EDGE_CURVE('',#992,#1016,#1024,.T.);
#1024 = LINE('',#1025,#1026);
#1025 = CARTESIAN_POINT('',(-27.,32.,0.));
#1026 = VECTOR('',#1027,1.);
#1027 = DIRECTION('',(0.,-1.,0.));
#1028 = PLANE('',#1029);
#1029 = AXIS2_PLACEMENT_3D('',#1030,#1031,#1032);
#1030 = CARTESIAN_POINT('',(-27.,32.,0.));
#1031 = DIRECTION('',(1.,0.,0.));
#1032 = DIRECTION('',(0.,-1.,0.));
#1033 = ADVANCED_FACE('',(#1034),#1052,.T.);
#1034 = FACE_BOUND('',#1035,.T.);
#1035 = EDGE_LOOP('',(#1036,#1037,#1038,#1046));
#1036 = ORIENTED_EDGE('',*,*,#1015,.T.);
#1037 = ORIENTED_EDGE('',*,*,#452,.T.);
#1038 = ORIENTED_EDGE('',*,*,#1039,.F.);
#1039 = EDGE_CURVE('',#1040,#445,#1042,.T.);
#1040 = VERTEX_POINT('',#1041);
#1041 = CARTESIAN_POINT('',(-5.,29.,0.));
#1042 = LINE('',#1043,#1044);
#1043 = CARTESIAN_POINT('',(-5.,29.,0.));
#1044 = VECTOR('',#1045,1.);
#1045 = DIRECTION('',(0.,0.,1.));
#1046 = ORIENTED_EDGE('',*,*,#1047,.F.);
#1047 = EDGE_CURVE('',#1016,#1040,#1048,.T.);
#1048 = LINE('',#1049,#1050);
#1049 = CARTESIAN_POINT('',(-27.,29.,0.));
#1050 = VECTOR('',#1051,1.);
#1051 = DIRECTION('',(1.,0.,0.));
#1052 = PLANE('',#1053);
#1053 = AXIS2_PLACEMENT_3D('',#1054,#1055,#1056);
#1054 = CARTESIAN_POINT('',(-27.,29.,0.));
#1055 = DIRECTION('',(0.,1.,0.));
#1056 = DIRECTION('',(1.,0.,0.));
#1057 = ADVANCED_FACE('',(#1058),#1076,.T.);
#1058 = FACE_BOUND('',#1059,.T.);
#1059 = EDGE_LOOP('',(#1060,#1061,#1062,#1070));
#1060 = ORIENTED_EDGE('',*,*,#1039,.T.);
#1061 = ORIENTED_EDGE('',*,*,#444,.T.);
#1062 = ORIENTED_EDGE('',*,*,#1063,.F.);
#1063 = EDGE_CURVE('',#1064,#437,#1066,.T.);
#1064 = VERTEX_POINT('',#1065);
#1065 = CARTESIAN_POINT('',(-5.,32.,0.));
#1066 = LINE('',#1067,#1068);
#1067 = CARTESIAN_POINT('',(-5.,32.,0.));
#1068 = VECTOR('',#1069,1.);
#1069 = DIRECTION('',(0.,0.,1.));
#1070 = ORIENTED_EDGE('',*,*,#1071,.F.);
#1071 = EDGE_CURVE('',#1040,#1064,#1072,.T.);
#1072 = LINE('',#1073,#1074);
#1073 = CARTESIAN_POINT('',(-5.,29.,0.));
#1074 = VECTOR('',#1075,1.);
#1075 = DIRECTION('',(0.,1.,0.));
#1076 = PLANE('',#1077);
#1077 = AXIS2_PLACEMENT_3D('',#1078,#1079,#1080);
#1078 = CARTESIAN_POINT('',(-5.,29.,0.));
#1079 = DIRECTION('',(-1.,0.,0.));
#1080 = DIRECTION('',(0.,1.,0.));
#1081 = ADVANCED_FACE('',(#1082),#1100,.T.);
#1082 = FACE_BOUND('',#1083,.T.);
#1083 = EDGE_LOOP('',(#1084,#1085,#1086,#1094));
#1084 = ORIENTED_EDGE('',*,*,#1063,.T.);
#1085 = ORIENTED_EDGE('',*,*,#436,.T.);
#1086 = ORIENTED_EDGE('',*,*,#1087,.F.);
#1087 = EDGE_CURVE('',#1088,#429,#1090,.T.);
#1088 = VERTEX_POINT('',#1089);
#1089 = CARTESIAN_POINT('',(5.,32.,0.));
#1090 = LINE('',#1091,#1092);
#1091 = CARTESIAN_POINT('',(5.,32.,0.));
#1092 = VECTOR('',#1093,1.);
#1093 = DIRECTION('',(0.,0.,1.));
#1094 = ORIENTED_EDGE('',*,*,#1095,.F.);
#1095 = EDGE_CURVE('',#1064,#1088,#1096,.T.);
#1096 = LINE('',#1097,#1098);
#1097 = CARTESIAN_POINT('',(-5.,32.,0.));
#1098 = VECTOR('',#1099,1.);
#1099 = DIRECTION('',(1.,0.,0.));
#1100 = PLANE('',#1101);
#1101 = AXIS2_PLACEMENT_3D('',#1102,#1103,#1104);
#1102 = CARTESIAN_POINT('',(-5.,32.,0.));
#1103 = DIRECTION('',(0.,1.,0.));
#1104 = DIRECTION('',(1.,0.,0.));
#1105 = ADVANCED_FACE('',(#1106),#1124,.T.);
#1106 = FACE_BOUND('',#1107,.T.);
#1107 = EDGE_LOOP('',(#1108,#1109,#1110,#1118));
#1108 = ORIENTED_EDGE('',*,*,#1087,.T.);
#1109 = ORIENTED_EDGE('',*,*,#428,.T.);
#1110 = ORIENTED_EDGE('',*,*,#1111,.F.);
#1111 = EDGE_CURVE('',#1112,#421,#1114,.T.);
#1112 = VERTEX_POINT('',#1113);
#1113 = CARTESIAN_POINT('',(5.,29.,0.));
#1114 = LINE('',#1115,#1116);
#1115 = CARTESIAN_POINT('',(5.,29.,0.));
#1116 = VECTOR('',#1117,1.);
#1117 = DIRECTION('',(0.,0.,1.));
#1118 = ORIENTED_EDGE('',*,*,#1119,.F.);
#1119 = EDGE_CURVE('',#1088,#1112,#1120,.T.);
#1120 = LINE('',#1121,#1122);
#1121 = CARTESIAN_POINT('',(5.,32.,0.));
#1122 = VECTOR('',#1123,1.);
#1123 = DIRECTION('',(0.,-1.,0.));
#1124 = PLANE('',#1125);
#1125 = AXIS2_PLACEMENT_3D('',#1126,#1127,#1128);
#1126 = CARTESIAN_POINT('',(5.,32.,0.));
#1127 = DIRECTION('',(1.,0.,0.));
#1128 = DIRECTION('',(0.,-1.,0.));
#1129 = ADVANCED_FACE('',(#1130),#1148,.T.);
#1130 = FACE_BOUND('',#1131,.T.);
#1131 = EDGE_LOOP('',(#1132,#1133,#1134,#1142));
#1132 = ORIENTED_EDGE('',*,*,#1111,.T.);
#1133 = ORIENTED_EDGE('',*,*,#420,.T.);
#1134 = ORIENTED_EDGE('',*,*,#1135,.F.);
#1135 = EDGE_CURVE('',#1136,#413,#1138,.T.);
#1136 = VERTEX_POINT('',#1137);
#1137 = CARTESIAN_POINT('',(27.,29.,0.));
#1138 = LINE('',#1139,#1140);
#1139 = CARTESIAN_POINT('',(27.,29.,0.));
#1140 = VECTOR('',#1141,1.);
#1141 = DIRECTION('',(0.,0.,1.));
#1142 = ORIENTED_EDGE('',*,*,#1143,.F.);
#1143 = EDGE_CURVE('',#1112,#1136,#1144,.T.);
#1144 = LINE('',#1145,#1146);
#1145 = CARTESIAN_POINT('',(5.,29.,0.));
#1146 = VECTOR('',#1147,1.);
#1147 = DIRECTION('',(1.,0.,0.));
#1148 = PLANE('',#1149);
#1149 = AXIS2_PLACEMENT_3D('',#1150,#1151,#1152);
#1150 = CARTESIAN_POINT('',(5.,29.,0.));
#1151 = DIRECTION('',(0.,1.,0.));
#1152 = DIRECTION('',(1.,0.,0.));
#1153 = ADVANCED_FACE('',(#1154),#1172,.T.);
#1154 = FACE_BOUND('',#1155,.T.);
#1155 = EDGE_LOOP('',(#1156,#1157,#1158,#1166));
#1156 = ORIENTED_EDGE('',*,*,#1135,.T.);
#1157 = ORIENTED_EDGE('',*,*,#412,.T.);
#1158 = ORIENTED_EDGE('',*,*,#1159,.F.);
#1159 = EDGE_CURVE('',#1160,#405,#1162,.T.);
#1160 = VERTEX_POINT('',#1161);
#1161 = CARTESIAN_POINT('',(27.,32.,0.));
#1162 = LINE('',#1163,#1164);
#1163 = CARTESIAN_POINT('',(27.,32.,0.));
#1164 = VECTOR('',#1165,1.);
#1165 = DIRECTION('',(0.,0.,1.));
#1166 = ORIENTED_EDGE('',*,*,#1167,.F.);
#1167 = EDGE_CURVE('',#1136,#1160,#1168,.T.);
#1168 = LINE('',#1169,#1170);
#1169 = CARTESIAN_POINT('',(27.,29.,0.));
#1170 = VECTOR('',#1171,1.);
#1171 = DIRECTION('',(0.,1.,0.));
#1172 = PLANE('',#1173);
#1173 = AXIS2_PLACEMENT_3D('',#1174,#1175,#1176);
#1174 = CARTESIAN_POINT('',(27.,29.,0.));
#1175 = DIRECTION('',(-1.,0.,0.));
#1176 = DIRECTION('',(0.,1.,0.));
#1177 = ADVANCED_FACE('',(#1178),#1196,.T.);
#1178 = FACE_BOUND('',#1179,.T.);
#1179 = EDGE_LOOP('',(#1180,#1181,#1182,#1190));
#1180 = ORIENTED_EDGE('',*,*,#1159,.T.);
#1181 = ORIENTED_EDGE('',*,*,#404,.T.);
#1182 = ORIENTED_EDGE('',*,*,#1183,.F.);
#1183 = EDGE_CURVE('',#1184,#397,#1186,.T.);
#1184 = VERTEX_POINT('',#1185);
#1185 = CARTESIAN_POINT('',(37.,32.,0.));
#1186 = LINE('',#1187,#1188);
#1187 = CARTESIAN_POINT('',(37.,32.,0.));
#1188 = VECTOR('',#1189,1.);
#1189 = DIRECTION('',(0.,0.,1.));
#1190 = ORIENTED_EDGE('',*,*,#1191,.F.);
#1191 = EDGE_CURVE('',#1160,#1184,#1192,.T.);
#1192 = LINE('',#1193,#1194);
#1193 = CARTESIAN_POINT('',(27.,32.,0.));
#1194 = VECTOR('',#1195,1.);
#1195 = DIRECTION('',(1.,0.,0.));
#1196 = PLANE('',#1197);
#1197 = AXIS2_PLACEMENT_3D('',#1198,#1199,#1200);
#1198 = CARTESIAN_POINT('',(27.,32.,0.));
#1199 = DIRECTION('',(0.,1.,0.));
#1200 = DIRECTION('',(1.,0.,0.));
#1201 = ADVANCED_FACE('',(#1202),#1220,.T.);
#1202 = FACE_BOUND('',#1203,.T.);
#1203 = EDGE_LOOP('',(#1204,#1205,#1206,#1214));
#1204 = ORIENTED_EDGE('',*,*,#1183,.T.);
#1205 = ORIENTED_EDGE('',*,*,#396,.T.);
#1206 = ORIENTED_EDGE('',*,*,#1207,.F.);
#1207 = EDGE_CURVE('',#1208,#389,#1210,.T.);
#1208 = VERTEX_POINT('',#1209);
#1209 = CARTESIAN_POINT('',(37.,29.,0.));
#1210 = LINE('',#1211,#1212);
#1211 = CARTESIAN_POINT('',(37.,29.,0.));
#1212 = VECTOR('',#1213,1.);
#1213 = DIRECTION('',(0.,0.,1.));
#1214 = ORIENTED_EDGE('',*,*,#1215,.F.);
#1215 = EDGE_CURVE('',#1184,#1208,#1216,.T.);
#1216 = LINE('',#1217,#1218);
#1217 = CARTESIAN_POINT('',(37.,32.,0.));
#1218 = VECTOR('',#1219,1.);
#1219 = DIRECTION('',(0.,-1.,0.));
#1220 = PLANE('',#1221);
#1221 = AXIS2_PLACEMENT_3D('',#1222,#1223,#1224);
#1222 = CARTESIAN_POINT('',(37.,32.,0.));
#1223 = DIRECTION('',(1.,0.,0.));
#1224 = DIRECTION('',(0.,-1.,0.));
#1225 = ADVANCED_FACE('',(#1226,#1260),#1271,.T.);
#1226 = FACE_BOUND('',#1227,.T.);
#1227 = EDGE_LOOP('',(#1228,#1229,#1230,#1238,#1246,#1254));
#1228 = ORIENTED_EDGE('',*,*,#1207,.T.);
#1229 = ORIENTED_EDGE('',*,*,#388,.T.);
#1230 = ORIENTED_EDGE('',*,*,#1231,.T.);
#1231 = EDGE_CURVE('',#381,#1232,#1234,.T.);
#1232 = VERTEX_POINT('',#1233);
#1233 = CARTESIAN_POINT('',(38.,29.,9.));
#1234 = LINE('',#1235,#1236);
#1235 = CARTESIAN_POINT('',(38.,29.,3.));
#1236 = VECTOR('',#1237,1.);
#1237 = DIRECTION('',(0.,0.,1.));
#1238 = ORIENTED_EDGE('',*,*,#1239,.F.);
#1239 = EDGE_CURVE('',#1240,#1232,#1242,.T.);
#1240 = VERTEX_POINT('',#1241);
#1241 = CARTESIAN_POINT('',(47.,29.,9.));
#1242 = LINE('',#1243,#1244);
#1243 = CARTESIAN_POINT('',(47.,29.,9.));
#1244 = VECTOR('',#1245,1.);
#1245 = DIRECTION('',(-1.,0.,0.));
#1246 = ORIENTED_EDGE('',*,*,#1247,.F.);
#1247 = EDGE_CURVE('',#1248,#1240,#1250,.T.);
#1248 = VERTEX_POINT('',#1249);
#1249 = CARTESIAN_POINT('',(47.,29.,0.));
#1250 = LINE('',#1251,#1252);
#1251 = CARTESIAN_POINT('',(47.,29.,3.));
#1252 = VECTOR('',#1253,1.);
#1253 = DIRECTION('',(0.,0.,1.));
#1254 = ORIENTED_EDGE('',*,*,#1255,.F.);
#1255 = EDGE_CURVE('',#1208,#1248,#1256,.T.);
#1256 = LINE('',#1257,#1258);
#1257 = CARTESIAN_POINT('',(37.,29.,0.));
#1258 = VECTOR('',#1259,1.);
#1259 = DIRECTION('',(1.,0.,0.));
#1260 = FACE_BOUND('',#1261,.T.);
#1261 = EDGE_LOOP('',(#1262));
#1262 = ORIENTED_EDGE('',*,*,#1263,.F.);
#1263 = EDGE_CURVE('',#1264,#1264,#1266,.T.);
#1264 = VERTEX_POINT('',#1265);
#1265 = CARTESIAN_POINT('',(41.1,29.,5.));
#1266 = CIRCLE('',#1267,1.4);
#1267 = AXIS2_PLACEMENT_3D('',#1268,#1269,#1270);
#1268 = CARTESIAN_POINT('',(42.5,29.,5.));
#1269 = DIRECTION('',(0.,1.,-0.));
#1270 = DIRECTION('',(-1.,0.,0.));
#1271 = PLANE('',#1272);
#1272 = AXIS2_PLACEMENT_3D('',#1273,#1274,#1275);
#1273 = CARTESIAN_POINT('',(42.157894736842,29.,4.342105263158));
#1274 = DIRECTION('',(0.,1.,0.));
#1275 = DIRECTION('',(0.,0.,1.));
#1276 = ADVANCED_FACE('',(#1277),#1295,.F.);
#1277 = FACE_BOUND('',#1278,.F.);
#1278 = EDGE_LOOP('',(#1279,#1280,#1288,#1294));
#1279 = ORIENTED_EDGE('',*,*,#1231,.T.);
#1280 = ORIENTED_EDGE('',*,*,#1281,.T.);
#1281 = EDGE_CURVE('',#1232,#1282,#1284,.T.);
#1282 = VERTEX_POINT('',#1283);
#1283 = CARTESIAN_POINT('',(38.,23.,9.));
#1284 = LINE('',#1285,#1286);
#1285 = CARTESIAN_POINT('',(38.,29.,9.));
#1286 = VECTOR('',#1287,1.);
#1287 = DIRECTION('',(0.,-1.,0.));
#1288 = ORIENTED_EDGE('',*,*,#1289,.F.);
#1289 = EDGE_CURVE('',#373,#1282,#1290,.T.);
#1290 = LINE('',#1291,#1292);
#1291 = CARTESIAN_POINT('',(38.,23.,3.));
#1292 = VECTOR('',#1293,1.);
#1293 = DIRECTION('',(0.,0.,1.));
#1294 = ORIENTED_EDGE('',*,*,#380,.F.);
#1295 = PLANE('',#1296);
#1296 = AXIS2_PLACEMENT_3D('',#1297,#1298,#1299);
#1297 = CARTESIAN_POINT('',(38.,29.,3.));
#1298 = DIRECTION('',(1.,0.,0.));
#1299 = DIRECTION('',(0.,-1.,0.));
#1300 = ADVANCED_FACE('',(#1301,#1319),#1330,.F.);
#1301 = FACE_BOUND('',#1302,.F.);
#1302 = EDGE_LOOP('',(#1303,#1304,#1312,#1318));
#1303 = ORIENTED_EDGE('',*,*,#1289,.T.);
#1304 = ORIENTED_EDGE('',*,*,#1305,.T.);
#1305 = EDGE_CURVE('',#1282,#1306,#1308,.T.);
#1306 = VERTEX_POINT('',#1307);
#1307 = CARTESIAN_POINT('',(47.,23.,9.));
#1308 = LINE('',#1309,#1310);
#1309 = CARTESIAN_POINT('',(38.,23.,9.));
#1310 = VECTOR('',#1311,1.);
#1311 = DIRECTION('',(1.,0.,0.));
#1312 = ORIENTED_EDGE('',*,*,#1313,.F.);
#1313 = EDGE_CURVE('',#365,#1306,#1314,.T.);
#1314 = LINE('',#1315,#1316);
#1315 = CARTESIAN_POINT('',(47.,23.,3.));
#1316 = VECTOR('',#1317,1.);
#1317 = DIRECTION('',(0.,0.,1.));
#1318 = ORIENTED_EDGE('',*,*,#372,.F.);
#1319 = FACE_BOUND('',#1320,.F.);
#1320 = EDGE_LOOP('',(#1321));
#1321 = ORIENTED_EDGE('',*,*,#1322,.F.);
#1322 = EDGE_CURVE('',#1323,#1323,#1325,.T.);
#1323 = VERTEX_POINT('',#1324);
#1324 = CARTESIAN_POINT('',(41.1,23.,5.));
#1325 = CIRCLE('',#1326,1.4);
#1326 = AXIS2_PLACEMENT_3D('',#1327,#1328,#1329);
#1327 = CARTESIAN_POINT('',(42.5,23.,5.));
#1328 = DIRECTION('',(0.,1.,-0.));
#1329 = DIRECTION('',(-1.,0.,0.));
#1330 = PLANE('',#1331);
#1331 = AXIS2_PLACEMENT_3D('',#1332,#1333,#1334);
#1332 = CARTESIAN_POINT('',(38.,23.,3.));
#1333 = DIRECTION('',(0.,1.,0.));
#1334 = DIRECTION('',(1.,0.,0.));
#1335 = ADVANCED_FACE('',(#1336,#1400),#1411,.T.);
#1336 = FACE_BOUND('',#1337,.T.);
#1337 = EDGE_LOOP('',(#1338,#1339,#1345,#1346,#1347,#1355,#1363,#1369,
    #1370,#1378,#1386,#1394));
#1338 = ORIENTED_EDGE('',*,*,#1247,.T.);
#1339 = ORIENTED_EDGE('',*,*,#1340,.F.);
#1340 = EDGE_CURVE('',#1306,#1240,#1341,.T.);
#1341 = LINE('',#1342,#1343);
#1342 = CARTESIAN_POINT('',(47.,23.,9.));
#1343 = VECTOR('',#1344,1.);
#1344 = DIRECTION('',(0.,1.,0.));
#1345 = ORIENTED_EDGE('',*,*,#1313,.F.);
#1346 = ORIENTED_EDGE('',*,*,#364,.F.);
#1347 = ORIENTED_EDGE('',*,*,#1348,.T.);
#1348 = EDGE_CURVE('',#357,#1349,#1351,.T.);
#1349 = VERTEX_POINT('',#1350);
#1350 = CARTESIAN_POINT('',(47.,4.000000000008,7.));
#1351 = LINE('',#1352,#1353);
#1352 = CARTESIAN_POINT('',(47.,4.000000000008,3.));
#1353 = VECTOR('',#1354,1.);
#1354 = DIRECTION('',(0.,0.,1.));
#1355 = ORIENTED_EDGE('',*,*,#1356,.F.);
#1356 = EDGE_CURVE('',#1357,#1349,#1359,.T.);
#1357 = VERTEX_POINT('',#1358);
#1358 = CARTESIAN_POINT('',(47.,-4.000000000008,7.));
#1359 = LINE('',#1360,#1361);
#1360 = CARTESIAN_POINT('',(47.,-4.000000000008,7.));
#1361 = VECTOR('',#1362,1.);
#1362 = DIRECTION('',(0.,1.,0.));
#1363 = ORIENTED_EDGE('',*,*,#1364,.F.);
#1364 = EDGE_CURVE('',#333,#1357,#1365,.T.);
#1365 = LINE('',#1366,#1367);
#1366 = CARTESIAN_POINT('',(47.,-4.000000000008,3.));
#1367 = VECTOR('',#1368,1.);
#1368 = DIRECTION('',(0.,0.,1.));
#1369 = ORIENTED_EDGE('',*,*,#332,.F.);
#1370 = ORIENTED_EDGE('',*,*,#1371,.T.);
#1371 = EDGE_CURVE('',#325,#1372,#1374,.T.);
#1372 = VERTEX_POINT('',#1373);
#1373 = CARTESIAN_POINT('',(47.,-23.,9.));
#1374 = LINE('',#1375,#1376);
#1375 = CARTESIAN_POINT('',(47.,-23.,3.));
#1376 = VECTOR('',#1377,1.);
#1377 = DIRECTION('',(0.,0.,1.));
#1378 = ORIENTED_EDGE('',*,*,#1379,.F.);
#1379 = EDGE_CURVE('',#1380,#1372,#1382,.T.);
#1380 = VERTEX_POINT('',#1381);
#1381 = CARTESIAN_POINT('',(47.,-29.,9.));
#1382 = LINE('',#1383,#1384);
#1383 = CARTESIAN_POINT('',(47.,-29.,9.));
#1384 = VECTOR('',#1385,1.);
#1385 = DIRECTION('',(0.,1.,0.));
#1386 = ORIENTED_EDGE('',*,*,#1387,.F.);
#1387 = EDGE_CURVE('',#1388,#1380,#1390,.T.);
#1388 = VERTEX_POINT('',#1389);
#1389 = CARTESIAN_POINT('',(47.,-29.,0.));
#1390 = LINE('',#1391,#1392);
#1391 = CARTESIAN_POINT('',(47.,-29.,0.));
#1392 = VECTOR('',#1393,1.);
#1393 = DIRECTION('',(0.,0.,1.));
#1394 = ORIENTED_EDGE('',*,*,#1395,.F.);
#1395 = EDGE_CURVE('',#1248,#1388,#1396,.T.);
#1396 = LINE('',#1397,#1398);
#1397 = CARTESIAN_POINT('',(47.,29.,0.));
#1398 = VECTOR('',#1399,1.);
#1399 = DIRECTION('',(0.,-1.,0.));
#1400 = FACE_BOUND('',#1401,.T.);
#1401 = EDGE_LOOP('',(#1402));
#1402 = ORIENTED_EDGE('',*,*,#1403,.F.);
#1403 = EDGE_CURVE('',#1404,#1404,#1406,.T.);
#1404 = VERTEX_POINT('',#1405);
#1405 = CARTESIAN_POINT('',(47.,1.4,4.5));
#1406 = CIRCLE('',#1407,1.4);
#1407 = AXIS2_PLACEMENT_3D('',#1408,#1409,#1410);
#1408 = CARTESIAN_POINT('',(47.,0.,4.5));
#1409 = DIRECTION('',(1.,0.,0.));
#1410 = DIRECTION('',(0.,1.,0.));
#1411 = PLANE('',#1412);
#1412 = AXIS2_PLACEMENT_3D('',#1413,#1414,#1415);
#1413 = CARTESIAN_POINT('',(47.,0.,3.058441558442));
#1414 = DIRECTION('',(1.,0.,0.));
#1415 = DIRECTION('',(0.,0.,1.));
#1416 = ADVANCED_FACE('',(#1417),#1435,.F.);
#1417 = FACE_BOUND('',#1418,.F.);
#1418 = EDGE_LOOP('',(#1419,#1420,#1428,#1434));
#1419 = ORIENTED_EDGE('',*,*,#1348,.T.);
#1420 = ORIENTED_EDGE('',*,*,#1421,.T.);
#1421 = EDGE_CURVE('',#1349,#1422,#1424,.T.);
#1422 = VERTEX_POINT('',#1423);
#1423 = CARTESIAN_POINT('',(44.,4.000000000008,7.));
#1424 = LINE('',#1425,#1426);
#1425 = CARTESIAN_POINT('',(47.,4.000000000008,7.));
#1426 = VECTOR('',#1427,1.);
#1427 = DIRECTION('',(-1.,0.,0.));
#1428 = ORIENTED_EDGE('',*,*,#1429,.F.);
#1429 = EDGE_CURVE('',#349,#1422,#1430,.T.);
#1430 = LINE('',#1431,#1432);
#1431 = CARTESIAN_POINT('',(44.,4.000000000008,3.));
#1432 = VECTOR('',#1433,1.);
#1433 = DIRECTION('',(0.,0.,1.));
#1434 = ORIENTED_EDGE('',*,*,#356,.F.);
#1435 = PLANE('',#1436);
#1436 = AXIS2_PLACEMENT_3D('',#1437,#1438,#1439);
#1437 = CARTESIAN_POINT('',(47.,4.000000000008,3.));
#1438 = DIRECTION('',(0.,-1.,0.));
#1439 = DIRECTION('',(-1.,0.,0.));
#1440 = ADVANCED_FACE('',(#1441,#1459),#1470,.F.);
#1441 = FACE_BOUND('',#1442,.F.);
#1442 = EDGE_LOOP('',(#1443,#1444,#1452,#1458));
#1443 = ORIENTED_EDGE('',*,*,#1429,.T.);
#1444 = ORIENTED_EDGE('',*,*,#1445,.T.);
#1445 = EDGE_CURVE('',#1422,#1446,#1448,.T.);
#1446 = VERTEX_POINT('',#1447);
#1447 = CARTESIAN_POINT('',(44.,-4.000000000008,7.));
#1448 = LINE('',#1449,#1450);
#1449 = CARTESIAN_POINT('',(44.,4.000000000008,7.));
#1450 = VECTOR('',#1451,1.);
#1451 = DIRECTION('',(0.,-1.,0.));
#1452 = ORIENTED_EDGE('',*,*,#1453,.F.);
#1453 = EDGE_CURVE('',#341,#1446,#1454,.T.);
#1454 = LINE('',#1455,#1456);
#1455 = CARTESIAN_POINT('',(44.,-4.000000000008,3.));
#1456 = VECTOR('',#1457,1.);
#1457 = DIRECTION('',(0.,0.,1.));
#1458 = ORIENTED_EDGE('',*,*,#348,.F.);
#1459 = FACE_BOUND('',#1460,.F.);
#1460 = EDGE_LOOP('',(#1461));
#1461 = ORIENTED_EDGE('',*,*,#1462,.F.);
#1462 = EDGE_CURVE('',#1463,#1463,#1465,.T.);
#1463 = VERTEX_POINT('',#1464);
#1464 = CARTESIAN_POINT('',(44.,1.4,4.5));
#1465 = CIRCLE('',#1466,1.4);
#1466 = AXIS2_PLACEMENT_3D('',#1467,#1468,#1469);
#1467 = CARTESIAN_POINT('',(44.,0.,4.5));
#1468 = DIRECTION('',(1.,0.,0.));
#1469 = DIRECTION('',(-0.,1.,0.));
#1470 = PLANE('',#1471);
#1471 = AXIS2_PLACEMENT_3D('',#1472,#1473,#1474);
#1472 = CARTESIAN_POINT('',(44.,4.000000000008,3.));
#1473 = DIRECTION('',(1.,0.,0.));
#1474 = DIRECTION('',(0.,-1.,0.));
#1475 = ADVANCED_FACE('',(#1476),#1487,.F.);
#1476 = FACE_BOUND('',#1477,.F.);
#1477 = EDGE_LOOP('',(#1478,#1479,#1485,#1486));
#1478 = ORIENTED_EDGE('',*,*,#1453,.T.);
#1479 = ORIENTED_EDGE('',*,*,#1480,.T.);
#1480 = EDGE_CURVE('',#1446,#1357,#1481,.T.);
#1481 = LINE('',#1482,#1483);
#1482 = CARTESIAN_POINT('',(44.,-4.000000000008,7.));
#1483 = VECTOR('',#1484,1.);
#1484 = DIRECTION('',(1.,0.,0.));
#1485 = ORIENTED_EDGE('',*,*,#1364,.F.);
#1486 = ORIENTED_EDGE('',*,*,#340,.F.);
#1487 = PLANE('',#1488);
#1488 = AXIS2_PLACEMENT_3D('',#1489,#1490,#1491);
#1489 = CARTESIAN_POINT('',(44.,-4.000000000008,3.));
#1490 = DIRECTION('',(0.,1.,0.));
#1491 = DIRECTION('',(1.,0.,0.));
#1492 = ADVANCED_FACE('',(#1493,#1511),#1522,.F.);
#1493 = FACE_BOUND('',#1494,.F.);
#1494 = EDGE_LOOP('',(#1495,#1496,#1504,#1510));
#1495 = ORIENTED_EDGE('',*,*,#1371,.T.);
#1496 = ORIENTED_EDGE('',*,*,#1497,.T.);
#1497 = EDGE_CURVE('',#1372,#1498,#1500,.T.);
#1498 = VERTEX_POINT('',#1499);
#1499 = CARTESIAN_POINT('',(38.,-23.,9.));
#1500 = LINE('',#1501,#1502);
#1501 = CARTESIAN_POINT('',(47.,-23.,9.));
#1502 = VECTOR('',#1503,1.);
#1503 = DIRECTION('',(-1.,0.,0.));
#1504 = ORIENTED_EDGE('',*,*,#1505,.F.);
#1505 = EDGE_CURVE('',#317,#1498,#1506,.T.);
#1506 = LINE('',#1507,#1508);
#1507 = CARTESIAN_POINT('',(38.,-23.,3.));
#1508 = VECTOR('',#1509,1.);
#1509 = DIRECTION('',(0.,0.,1.));
#1510 = ORIENTED_EDGE('',*,*,#324,.F.);
#1511 = FACE_BOUND('',#1512,.F.);
#1512 = EDGE_LOOP('',(#1513));
#1513 = ORIENTED_EDGE('',*,*,#1514,.F.);
#1514 = EDGE_CURVE('',#1515,#1515,#1517,.T.);
#1515 = VERTEX_POINT('',#1516);
#1516 = CARTESIAN_POINT('',(43.9,-23.,5.));
#1517 = CIRCLE('',#1518,1.4);
#1518 = AXIS2_PLACEMENT_3D('',#1519,#1520,#1521);
#1519 = CARTESIAN_POINT('',(42.5,-23.,5.));
#1520 = DIRECTION('',(0.,-1.,0.));
#1521 = DIRECTION('',(1.,0.,0.));
#1522 = PLANE('',#1523);
#1523 = AXIS2_PLACEMENT_3D('',#1524,#1525,#1526);
#1524 = CARTESIAN_POINT('',(47.,-23.,3.));
#1525 = DIRECTION('',(0.,-1.,0.));
#1526 = DIRECTION('',(-1.,0.,0.));
#1527 = ADVANCED_FACE('',(#1528),#1546,.F.);
#1528 = FACE_BOUND('',#1529,.F.);
#1529 = EDGE_LOOP('',(#1530,#1531,#1539,#1545));
#1530 = ORIENTED_EDGE('',*,*,#1505,.T.);
#1531 = ORIENTED_EDGE('',*,*,#1532,.T.);
#1532 = EDGE_CURVE('',#1498,#1533,#1535,.T.);
#1533 = VERTEX_POINT('',#1534);
#1534 = CARTESIAN_POINT('',(38.,-29.,9.));
#1535 = LINE('',#1536,#1537);
#1536 = CARTESIAN_POINT('',(38.,-23.,9.));
#1537 = VECTOR('',#1538,1.);
#1538 = DIRECTION('',(0.,-1.,0.));
#1539 = ORIENTED_EDGE('',*,*,#1540,.F.);
#1540 = EDGE_CURVE('',#309,#1533,#1541,.T.);
#1541 = LINE('',#1542,#1543);
#1542 = CARTESIAN_POINT('',(38.,-29.,3.));
#1543 = VECTOR('',#1544,1.);
#1544 = DIRECTION('',(0.,0.,1.));
#1545 = ORIENTED_EDGE('',*,*,#316,.F.);
#1546 = PLANE('',#1547);
#1547 = AXIS2_PLACEMENT_3D('',#1548,#1549,#1550);
#1548 = CARTESIAN_POINT('',(38.,-23.,3.));
#1549 = DIRECTION('',(1.,0.,0.));
#1550 = DIRECTION('',(0.,-1.,0.));
#1551 = ADVANCED_FACE('',(#1552,#1577),#1588,.T.);
#1552 = FACE_BOUND('',#1553,.T.);
#1553 = EDGE_LOOP('',(#1554,#1562,#1568,#1569,#1575,#1576));
#1554 = ORIENTED_EDGE('',*,*,#1555,.F.);
#1555 = EDGE_CURVE('',#1556,#301,#1558,.T.);
#1556 = VERTEX_POINT('',#1557);
#1557 = CARTESIAN_POINT('',(37.,-29.,0.));
#1558 = LINE('',#1559,#1560);
#1559 = CARTESIAN_POINT('',(37.,-29.,0.));
#1560 = VECTOR('',#1561,1.);
#1561 = DIRECTION('',(0.,0.,1.));
#1562 = ORIENTED_EDGE('',*,*,#1563,.T.);
#1563 = EDGE_CURVE('',#1556,#1388,#1564,.T.);
#1564 = LINE('',#1565,#1566);
#1565 = CARTESIAN_POINT('',(37.,-29.,0.));
#1566 = VECTOR('',#1567,1.);
#1567 = DIRECTION('',(1.,0.,0.));
#1568 = ORIENTED_EDGE('',*,*,#1387,.T.);
#1569 = ORIENTED_EDGE('',*,*,#1570,.F.);
#1570 = EDGE_CURVE('',#1533,#1380,#1571,.T.);
#1571 = LINE('',#1572,#1573);
#1572 = CARTESIAN_POINT('',(38.,-29.,9.));
#1573 = VECTOR('',#1574,1.);
#1574 = DIRECTION('',(1.,0.,0.));
#1575 = ORIENTED_EDGE('',*,*,#1540,.F.);
#1576 = ORIENTED_EDGE('',*,*,#308,.F.);
#1577 = FACE_BOUND('',#1578,.T.);
#1578 = EDGE_LOOP('',(#1579));
#1579 = ORIENTED_EDGE('',*,*,#1580,.F.);
#1580 = EDGE_CURVE('',#1581,#1581,#1583,.T.);
#1581 = VERTEX_POINT('',#1582);
#1582 = CARTESIAN_POINT('',(43.9,-29.,5.));
#1583 = CIRCLE('',#1584,1.4);
#1584 = AXIS2_PLACEMENT_3D('',#1585,#1586,#1587);
#1585 = CARTESIAN_POINT('',(42.5,-29.,5.));
#1586 = DIRECTION('',(0.,-1.,0.));
#1587 = DIRECTION('',(1.,0.,0.));
#1588 = PLANE('',#1589);
#1589 = AXIS2_PLACEMENT_3D('',#1590,#1591,#1592);
#1590 = CARTESIAN_POINT('',(42.157894736842,-29.,4.342105263158));
#1591 = DIRECTION('',(-0.,-1.,-0.));
#1592 = DIRECTION('',(0.,0.,-1.));
#1593 = ADVANCED_FACE('',(#1594),#1612,.T.);
#1594 = FACE_BOUND('',#1595,.F.);
#1595 = EDGE_LOOP('',(#1596,#1604,#1605,#1606));
#1596 = ORIENTED_EDGE('',*,*,#1597,.T.);
#1597 = EDGE_CURVE('',#1598,#293,#1600,.T.);
#1598 = VERTEX_POINT('',#1599);
#1599 = CARTESIAN_POINT('',(37.,-32.,0.));
#1600 = LINE('',#1601,#1602);
#1601 = CARTESIAN_POINT('',(37.,-32.,0.));
#1602 = VECTOR('',#1603,1.);
#1603 = DIRECTION('',(0.,0.,1.));
#1604 = ORIENTED_EDGE('',*,*,#300,.T.);
#1605 = ORIENTED_EDGE('',*,*,#1555,.F.);
#1606 = ORIENTED_EDGE('',*,*,#1607,.F.);
#1607 = EDGE_CURVE('',#1598,#1556,#1608,.T.);
#1608 = LINE('',#1609,#1610);
#1609 = CARTESIAN_POINT('',(37.,-32.,0.));
#1610 = VECTOR('',#1611,1.);
#1611 = DIRECTION('',(0.,1.,0.));
#1612 = PLANE('',#1613);
#1613 = AXIS2_PLACEMENT_3D('',#1614,#1615,#1616);
#1614 = CARTESIAN_POINT('',(37.,-32.,0.));
#1615 = DIRECTION('',(1.,0.,0.));
#1616 = DIRECTION('',(0.,-1.,0.));
#1617 = ADVANCED_FACE('',(#1618),#1636,.T.);
#1618 = FACE_BOUND('',#1619,.F.);
#1619 = EDGE_LOOP('',(#1620,#1628,#1629,#1630));
#1620 = ORIENTED_EDGE('',*,*,#1621,.T.);
#1621 = EDGE_CURVE('',#1622,#285,#1624,.T.);
#1622 = VERTEX_POINT('',#1623);
#1623 = CARTESIAN_POINT('',(27.,-32.,0.));
#1624 = LINE('',#1625,#1626);
#1625 = CARTESIAN_POINT('',(27.,-32.,0.));
#1626 = VECTOR('',#1627,1.);
#1627 = DIRECTION('',(0.,0.,1.));
#1628 = ORIENTED_EDGE('',*,*,#292,.T.);
#1629 = ORIENTED_EDGE('',*,*,#1597,.F.);
#1630 = ORIENTED_EDGE('',*,*,#1631,.F.);
#1631 = EDGE_CURVE('',#1622,#1598,#1632,.T.);
#1632 = LINE('',#1633,#1634);
#1633 = CARTESIAN_POINT('',(27.,-32.,0.));
#1634 = VECTOR('',#1635,1.);
#1635 = DIRECTION('',(1.,0.,0.));
#1636 = PLANE('',#1637);
#1637 = AXIS2_PLACEMENT_3D('',#1638,#1639,#1640);
#1638 = CARTESIAN_POINT('',(27.,-32.,0.));
#1639 = DIRECTION('',(-0.,-1.,-0.));
#1640 = DIRECTION('',(-1.,0.,0.));
#1641 = ADVANCED_FACE('',(#1642),#1660,.T.);
#1642 = FACE_BOUND('',#1643,.F.);
#1643 = EDGE_LOOP('',(#1644,#1652,#1653,#1654));
#1644 = ORIENTED_EDGE('',*,*,#1645,.T.);
#1645 = EDGE_CURVE('',#1646,#277,#1648,.T.);
#1646 = VERTEX_POINT('',#1647);
#1647 = CARTESIAN_POINT('',(27.,-29.,0.));
#1648 = LINE('',#1649,#1650);
#1649 = CARTESIAN_POINT('',(27.,-29.,0.));
#1650 = VECTOR('',#1651,1.);
#1651 = DIRECTION('',(0.,0.,1.));
#1652 = ORIENTED_EDGE('',*,*,#284,.T.);
#1653 = ORIENTED_EDGE('',*,*,#1621,.F.);
#1654 = ORIENTED_EDGE('',*,*,#1655,.F.);
#1655 = EDGE_CURVE('',#1646,#1622,#1656,.T.);
#1656 = LINE('',#1657,#1658);
#1657 = CARTESIAN_POINT('',(27.,-29.,0.));
#1658 = VECTOR('',#1659,1.);
#1659 = DIRECTION('',(-0.,-1.,-0.));
#1660 = PLANE('',#1661);
#1661 = AXIS2_PLACEMENT_3D('',#1662,#1663,#1664);
#1662 = CARTESIAN_POINT('',(27.,-29.,0.));
#1663 = DIRECTION('',(-1.,-0.,-0.));
#1664 = DIRECTION('',(0.,1.,0.));
#1665 = ADVANCED_FACE('',(#1666),#1684,.T.);
#1666 = FACE_BOUND('',#1667,.F.);
#1667 = EDGE_LOOP('',(#1668,#1676,#1677,#1678));
#1668 = ORIENTED_EDGE('',*,*,#1669,.T.);
#1669 = EDGE_CURVE('',#1670,#269,#1672,.T.);
#1670 = VERTEX_POINT('',#1671);
#1671 = CARTESIAN_POINT('',(5.,-29.,0.));
#1672 = LINE('',#1673,#1674);
#1673 = CARTESIAN_POINT('',(5.,-29.,0.));
#1674 = VECTOR('',#1675,1.);
#1675 = DIRECTION('',(0.,0.,1.));
#1676 = ORIENTED_EDGE('',*,*,#276,.T.);
#1677 = ORIENTED_EDGE('',*,*,#1645,.F.);
#1678 = ORIENTED_EDGE('',*,*,#1679,.F.);
#1679 = EDGE_CURVE('',#1670,#1646,#1680,.T.);
#1680 = LINE('',#1681,#1682);
#1681 = CARTESIAN_POINT('',(5.,-29.,0.));
#1682 = VECTOR('',#1683,1.);
#1683 = DIRECTION('',(1.,0.,0.));
#1684 = PLANE('',#1685);
#1685 = AXIS2_PLACEMENT_3D('',#1686,#1687,#1688);
#1686 = CARTESIAN_POINT('',(5.,-29.,0.));
#1687 = DIRECTION('',(-0.,-1.,-0.));
#1688 = DIRECTION('',(-1.,0.,0.));
#1689 = ADVANCED_FACE('',(#1690),#1708,.T.);
#1690 = FACE_BOUND('',#1691,.F.);
#1691 = EDGE_LOOP('',(#1692,#1700,#1701,#1702));
#1692 = ORIENTED_EDGE('',*,*,#1693,.T.);
#1693 = EDGE_CURVE('',#1694,#261,#1696,.T.);
#1694 = VERTEX_POINT('',#1695);
#1695 = CARTESIAN_POINT('',(5.,-32.,0.));
#1696 = LINE('',#1697,#1698);
#1697 = CARTESIAN_POINT('',(5.,-32.,0.));
#1698 = VECTOR('',#1699,1.);
#1699 = DIRECTION('',(0.,0.,1.));
#1700 = ORIENTED_EDGE('',*,*,#268,.T.);
#1701 = ORIENTED_EDGE('',*,*,#1669,.F.);
#1702 = ORIENTED_EDGE('',*,*,#1703,.F.);
#1703 = EDGE_CURVE('',#1694,#1670,#1704,.T.);
#1704 = LINE('',#1705,#1706);
#1705 = CARTESIAN_POINT('',(5.,-32.,0.));
#1706 = VECTOR('',#1707,1.);
#1707 = DIRECTION('',(0.,1.,0.));
#1708 = PLANE('',#1709);
#1709 = AXIS2_PLACEMENT_3D('',#1710,#1711,#1712);
#1710 = CARTESIAN_POINT('',(5.,-32.,0.));
#1711 = DIRECTION('',(1.,0.,0.));
#1712 = DIRECTION('',(0.,-1.,0.));
#1713 = ADVANCED_FACE('',(#1714),#1732,.T.);
#1714 = FACE_BOUND('',#1715,.F.);
#1715 = EDGE_LOOP('',(#1716,#1724,#1725,#1726));
#1716 = ORIENTED_EDGE('',*,*,#1717,.T.);
#1717 = EDGE_CURVE('',#1718,#253,#1720,.T.);
#1718 = VERTEX_POINT('',#1719);
#1719 = CARTESIAN_POINT('',(-5.,-32.,0.));
#1720 = LINE('',#1721,#1722);
#1721 = CARTESIAN_POINT('',(-5.,-32.,0.));
#1722 = VECTOR('',#1723,1.);
#1723 = DIRECTION('',(0.,0.,1.));
#1724 = ORIENTED_EDGE('',*,*,#260,.T.);
#1725 = ORIENTED_EDGE('',*,*,#1693,.F.);
#1726 = ORIENTED_EDGE('',*,*,#1727,.F.);
#1727 = EDGE_CURVE('',#1718,#1694,#1728,.T.);
#1728 = LINE('',#1729,#1730);
#1729 = CARTESIAN_POINT('',(-5.,-32.,0.));
#1730 = VECTOR('',#1731,1.);
#1731 = DIRECTION('',(1.,0.,0.));
#1732 = PLANE('',#1733);
#1733 = AXIS2_PLACEMENT_3D('',#1734,#1735,#1736);
#1734 = CARTESIAN_POINT('',(-5.,-32.,0.));
#1735 = DIRECTION('',(-0.,-1.,-0.));
#1736 = DIRECTION('',(-1.,0.,0.));
#1737 = ADVANCED_FACE('',(#1738),#1756,.T.);
#1738 = FACE_BOUND('',#1739,.F.);
#1739 = EDGE_LOOP('',(#1740,#1748,#1749,#1750));
#1740 = ORIENTED_EDGE('',*,*,#1741,.T.);
#1741 = EDGE_CURVE('',#1742,#245,#1744,.T.);
#1742 = VERTEX_POINT('',#1743);
#1743 = CARTESIAN_POINT('',(-5.,-29.,0.));
#1744 = LINE('',#1745,#1746);
#1745 = CARTESIAN_POINT('',(-5.,-29.,0.));
#1746 = VECTOR('',#1747,1.);
#1747 = DIRECTION('',(0.,0.,1.));
#1748 = ORIENTED_EDGE('',*,*,#252,.T.);
#1749 = ORIENTED_EDGE('',*,*,#1717,.F.);
#1750 = ORIENTED_EDGE('',*,*,#1751,.F.);
#1751 = EDGE_CURVE('',#1742,#1718,#1752,.T.);
#1752 = LINE('',#1753,#1754);
#1753 = CARTESIAN_POINT('',(-5.,-29.,0.));
#1754 = VECTOR('',#1755,1.);
#1755 = DIRECTION('',(-0.,-1.,-0.));
#1756 = PLANE('',#1757);
#1757 = AXIS2_PLACEMENT_3D('',#1758,#1759,#1760);
#1758 = CARTESIAN_POINT('',(-5.,-29.,0.));
#1759 = DIRECTION('',(-1.,-0.,-0.));
#1760 = DIRECTION('',(0.,1.,0.));
#1761 = ADVANCED_FACE('',(#1762),#1780,.T.);
#1762 = FACE_BOUND('',#1763,.F.);
#1763 = EDGE_LOOP('',(#1764,#1772,#1773,#1774));
#1764 = ORIENTED_EDGE('',*,*,#1765,.T.);
#1765 = EDGE_CURVE('',#1766,#237,#1768,.T.);
#1766 = VERTEX_POINT('',#1767);
#1767 = CARTESIAN_POINT('',(-27.,-29.,0.));
#1768 = LINE('',#1769,#1770);
#1769 = CARTESIAN_POINT('',(-27.,-29.,0.));
#1770 = VECTOR('',#1771,1.);
#1771 = DIRECTION('',(0.,0.,1.));
#1772 = ORIENTED_EDGE('',*,*,#244,.T.);
#1773 = ORIENTED_EDGE('',*,*,#1741,.F.);
#1774 = ORIENTED_EDGE('',*,*,#1775,.F.);
#1775 = EDGE_CURVE('',#1766,#1742,#1776,.T.);
#1776 = LINE('',#1777,#1778);
#1777 = CARTESIAN_POINT('',(-27.,-29.,0.));
#1778 = VECTOR('',#1779,1.);
#1779 = DIRECTION('',(1.,0.,0.));
#1780 = PLANE('',#1781);
#1781 = AXIS2_PLACEMENT_3D('',#1782,#1783,#1784);
#1782 = CARTESIAN_POINT('',(-27.,-29.,0.));
#1783 = DIRECTION('',(-0.,-1.,-0.));
#1784 = DIRECTION('',(-1.,0.,0.));
#1785 = ADVANCED_FACE('',(#1786),#1804,.T.);
#1786 = FACE_BOUND('',#1787,.F.);
#1787 = EDGE_LOOP('',(#1788,#1796,#1797,#1798));
#1788 = ORIENTED_EDGE('',*,*,#1789,.T.);
#1789 = EDGE_CURVE('',#1790,#229,#1792,.T.);
#1790 = VERTEX_POINT('',#1791);
#1791 = CARTESIAN_POINT('',(-27.,-32.,0.));
#1792 = LINE('',#1793,#1794);
#1793 = CARTESIAN_POINT('',(-27.,-32.,0.));
#1794 = VECTOR('',#1795,1.);
#1795 = DIRECTION('',(0.,0.,1.));
#1796 = ORIENTED_EDGE('',*,*,#236,.T.);
#1797 = ORIENTED_EDGE('',*,*,#1765,.F.);
#1798 = ORIENTED_EDGE('',*,*,#1799,.F.);
#1799 = EDGE_CURVE('',#1790,#1766,#1800,.T.);
#1800 = LINE('',#1801,#1802);
#1801 = CARTESIAN_POINT('',(-27.,-32.,0.));
#1802 = VECTOR('',#1803,1.);
#1803 = DIRECTION('',(0.,1.,0.));
#1804 = PLANE('',#1805);
#1805 = AXIS2_PLACEMENT_3D('',#1806,#1807,#1808);
#1806 = CARTESIAN_POINT('',(-27.,-32.,0.));
#1807 = DIRECTION('',(1.,0.,0.));
#1808 = DIRECTION('',(0.,-1.,0.));
#1809 = ADVANCED_FACE('',(#1810),#1828,.T.);
#1810 = FACE_BOUND('',#1811,.F.);
#1811 = EDGE_LOOP('',(#1812,#1820,#1821,#1822));
#1812 = ORIENTED_EDGE('',*,*,#1813,.T.);
#1813 = EDGE_CURVE('',#1814,#221,#1816,.T.);
#1814 = VERTEX_POINT('',#1815);
#1815 = CARTESIAN_POINT('',(-37.,-32.,0.));
#1816 = LINE('',#1817,#1818);
#1817 = CARTESIAN_POINT('',(-37.,-32.,0.));
#1818 = VECTOR('',#1819,1.);
#1819 = DIRECTION('',(0.,0.,1.));
#1820 = ORIENTED_EDGE('',*,*,#228,.T.);
#1821 = ORIENTED_EDGE('',*,*,#1789,.F.);
#1822 = ORIENTED_EDGE('',*,*,#1823,.F.);
#1823 = EDGE_CURVE('',#1814,#1790,#1824,.T.);
#1824 = LINE('',#1825,#1826);
#1825 = CARTESIAN_POINT('',(-37.,-32.,0.));
#1826 = VECTOR('',#1827,1.);
#1827 = DIRECTION('',(1.,0.,0.));
#1828 = PLANE('',#1829);
#1829 = AXIS2_PLACEMENT_3D('',#1830,#1831,#1832);
#1830 = CARTESIAN_POINT('',(-37.,-32.,0.));
#1831 = DIRECTION('',(-0.,-1.,-0.));
#1832 = DIRECTION('',(-1.,0.,0.));
#1833 = ADVANCED_FACE('',(#1834),#1852,.T.);
#1834 = FACE_BOUND('',#1835,.F.);
#1835 = EDGE_LOOP('',(#1836,#1844,#1845,#1846));
#1836 = ORIENTED_EDGE('',*,*,#1837,.T.);
#1837 = EDGE_CURVE('',#1838,#213,#1840,.T.);
#1838 = VERTEX_POINT('',#1839);
#1839 = CARTESIAN_POINT('',(-37.,-29.,0.));
#1840 = LINE('',#1841,#1842);
#1841 = CARTESIAN_POINT('',(-37.,-29.,0.));
#1842 = VECTOR('',#1843,1.);
#1843 = DIRECTION('',(0.,0.,1.));
#1844 = ORIENTED_EDGE('',*,*,#220,.T.);
#1845 = ORIENTED_EDGE('',*,*,#1813,.F.);
#1846 = ORIENTED_EDGE('',*,*,#1847,.F.);
#1847 = EDGE_CURVE('',#1838,#1814,#1848,.T.);
#1848 = LINE('',#1849,#1850);
#1849 = CARTESIAN_POINT('',(-37.,-29.,0.));
#1850 = VECTOR('',#1851,1.);
#1851 = DIRECTION('',(-0.,-1.,-0.));
#1852 = PLANE('',#1853);
#1853 = AXIS2_PLACEMENT_3D('',#1854,#1855,#1856);
#1854 = CARTESIAN_POINT('',(-37.,-29.,0.));
#1855 = DIRECTION('',(-1.,-0.,-0.));
#1856 = DIRECTION('',(0.,1.,0.));
#1857 = ADVANCED_FACE('',(#1858,#1892),#1903,.T.);
#1858 = FACE_BOUND('',#1859,.T.);
#1859 = EDGE_LOOP('',(#1860,#1870,#1876,#1877,#1878,#1886));
#1860 = ORIENTED_EDGE('',*,*,#1861,.F.);
#1861 = EDGE_CURVE('',#1862,#1864,#1866,.T.);
#1862 = VERTEX_POINT('',#1863);
#1863 = CARTESIAN_POINT('',(-47.,-29.,0.));
#1864 = VERTEX_POINT('',#1865);
#1865 = CARTESIAN_POINT('',(-47.,-29.,9.));
#1866 = LINE('',#1867,#1868);
#1867 = CARTESIAN_POINT('',(-47.,-29.,0.));
#1868 = VECTOR('',#1869,1.);
#1869 = DIRECTION('',(0.,0.,1.));
#1870 = ORIENTED_EDGE('',*,*,#1871,.T.);
#1871 = EDGE_CURVE('',#1862,#1838,#1872,.T.);
#1872 = LINE('',#1873,#1874);
#1873 = CARTESIAN_POINT('',(-47.,-29.,0.));
#1874 = VECTOR('',#1875,1.);
#1875 = DIRECTION('',(1.,0.,0.));
#1876 = ORIENTED_EDGE('',*,*,#1837,.T.);
#1877 = ORIENTED_EDGE('',*,*,#212,.F.);
#1878 = ORIENTED_EDGE('',*,*,#1879,.T.);
#1879 = EDGE_CURVE('',#205,#1880,#1882,.T.);
#1880 = VERTEX_POINT('',#1881);
#1881 = CARTESIAN_POINT('',(-38.,-29.,9.));
#1882 = LINE('',#1883,#1884);
#1883 = CARTESIAN_POINT('',(-38.,-29.,3.));
#1884 = VECTOR('',#1885,1.);
#1885 = DIRECTION('',(0.,0.,1.));
#1886 = ORIENTED_EDGE('',*,*,#1887,.F.);
#1887 = EDGE_CURVE('',#1864,#1880,#1888,.T.);
#1888 = LINE('',#1889,#1890);
#1889 = CARTESIAN_POINT('',(-47.,-29.,9.));
#1890 = VECTOR('',#1891,1.);
#1891 = DIRECTION('',(1.,0.,0.));
#1892 = FACE_BOUND('',#1893,.T.);
#1893 = EDGE_LOOP('',(#1894));
#1894 = ORIENTED_EDGE('',*,*,#1895,.F.);
#1895 = EDGE_CURVE('',#1896,#1896,#1898,.T.);
#1896 = VERTEX_POINT('',#1897);
#1897 = CARTESIAN_POINT('',(-41.1,-29.,5.));
#1898 = CIRCLE('',#1899,1.4);
#1899 = AXIS2_PLACEMENT_3D('',#1900,#1901,#1902);
#1900 = CARTESIAN_POINT('',(-42.5,-29.,5.));
#1901 = DIRECTION('',(0.,-1.,0.));
#1902 = DIRECTION('',(1.,0.,0.));
#1903 = PLANE('',#1904);
#1904 = AXIS2_PLACEMENT_3D('',#1905,#1906,#1907);
#1905 = CARTESIAN_POINT('',(-42.15789473684,-29.,4.342105263158));
#1906 = DIRECTION('',(-0.,-1.,-0.));
#1907 = DIRECTION('',(0.,0.,-1.));
#1908 = ADVANCED_FACE('',(#1909),#1927,.F.);
#1909 = FACE_BOUND('',#1910,.F.);
#1910 = EDGE_LOOP('',(#1911,#1912,#1920,#1926));
#1911 = ORIENTED_EDGE('',*,*,#1879,.T.);
#1912 = ORIENTED_EDGE('',*,*,#1913,.T.);
#1913 = EDGE_CURVE('',#1880,#1914,#1916,.T.);
#1914 = VERTEX_POINT('',#1915);
#1915 = CARTESIAN_POINT('',(-38.,-23.,9.));
#1916 = LINE('',#1917,#1918);
#1917 = CARTESIAN_POINT('',(-38.,-29.,9.));
#1918 = VECTOR('',#1919,1.);
#1919 = DIRECTION('',(0.,1.,0.));
#1920 = ORIENTED_EDGE('',*,*,#1921,.F.);
#1921 = EDGE_CURVE('',#197,#1914,#1922,.T.);
#1922 = LINE('',#1923,#1924);
#1923 = CARTESIAN_POINT('',(-38.,-23.,3.));
#1924 = VECTOR('',#1925,1.);
#1925 = DIRECTION('',(0.,0.,1.));
#1926 = ORIENTED_EDGE('',*,*,#204,.F.);
#1927 = PLANE('',#1928);
#1928 = AXIS2_PLACEMENT_3D('',#1929,#1930,#1931);
#1929 = CARTESIAN_POINT('',(-38.,-29.,3.));
#1930 = DIRECTION('',(-1.,0.,0.));
#1931 = DIRECTION('',(0.,1.,0.));
#1932 = ADVANCED_FACE('',(#1933,#1951),#1962,.F.);
#1933 = FACE_BOUND('',#1934,.F.);
#1934 = EDGE_LOOP('',(#1935,#1936,#1944,#1950));
#1935 = ORIENTED_EDGE('',*,*,#1921,.T.);
#1936 = ORIENTED_EDGE('',*,*,#1937,.T.);
#1937 = EDGE_CURVE('',#1914,#1938,#1940,.T.);
#1938 = VERTEX_POINT('',#1939);
#1939 = CARTESIAN_POINT('',(-47.,-23.,9.));
#1940 = LINE('',#1941,#1942);
#1941 = CARTESIAN_POINT('',(-38.,-23.,9.));
#1942 = VECTOR('',#1943,1.);
#1943 = DIRECTION('',(-1.,0.,0.));
#1944 = ORIENTED_EDGE('',*,*,#1945,.F.);
#1945 = EDGE_CURVE('',#189,#1938,#1946,.T.);
#1946 = LINE('',#1947,#1948);
#1947 = CARTESIAN_POINT('',(-47.,-23.,3.));
#1948 = VECTOR('',#1949,1.);
#1949 = DIRECTION('',(0.,0.,1.));
#1950 = ORIENTED_EDGE('',*,*,#196,.F.);
#1951 = FACE_BOUND('',#1952,.F.);
#1952 = EDGE_LOOP('',(#1953));
#1953 = ORIENTED_EDGE('',*,*,#1954,.F.);
#1954 = EDGE_CURVE('',#1955,#1955,#1957,.T.);
#1955 = VERTEX_POINT('',#1956);
#1956 = CARTESIAN_POINT('',(-41.1,-23.,5.));
#1957 = CIRCLE('',#1958,1.4);
#1958 = AXIS2_PLACEMENT_3D('',#1959,#1960,#1961);
#1959 = CARTESIAN_POINT('',(-42.5,-23.,5.));
#1960 = DIRECTION('',(0.,-1.,0.));
#1961 = DIRECTION('',(1.,0.,0.));
#1962 = PLANE('',#1963);
#1963 = AXIS2_PLACEMENT_3D('',#1964,#1965,#1966);
#1964 = CARTESIAN_POINT('',(-38.,-23.,3.));
#1965 = DIRECTION('',(0.,-1.,0.));
#1966 = DIRECTION('',(-1.,0.,0.));
#1967 = ADVANCED_FACE('',(#1968,#2016),#2027,.T.);
#1968 = FACE_BOUND('',#1969,.T.);
#1969 = EDGE_LOOP('',(#1970,#1971,#1977,#1978,#1984,#1985,#1986,#1994,
    #2002,#2008,#2009,#2010));
#1970 = ORIENTED_EDGE('',*,*,#914,.F.);
#1971 = ORIENTED_EDGE('',*,*,#1972,.F.);
#1972 = EDGE_CURVE('',#1862,#915,#1973,.T.);
#1973 = LINE('',#1974,#1975);
#1974 = CARTESIAN_POINT('',(-47.,0.,0.));
#1975 = VECTOR('',#1976,1.);
#1976 = DIRECTION('',(0.,1.,0.));
#1977 = ORIENTED_EDGE('',*,*,#1861,.T.);
#1978 = ORIENTED_EDGE('',*,*,#1979,.F.);
#1979 = EDGE_CURVE('',#1938,#1864,#1980,.T.);
#1980 = LINE('',#1981,#1982);
#1981 = CARTESIAN_POINT('',(-47.,-23.,9.));
#1982 = VECTOR('',#1983,1.);
#1983 = DIRECTION('',(0.,-1.,0.));
#1984 = ORIENTED_EDGE('',*,*,#1945,.F.);
#1985 = ORIENTED_EDGE('',*,*,#188,.F.);
#1986 = ORIENTED_EDGE('',*,*,#1987,.T.);
#1987 = EDGE_CURVE('',#181,#1988,#1990,.T.);
#1988 = VERTEX_POINT('',#1989);
#1989 = CARTESIAN_POINT('',(-47.,-4.,7.));
#1990 = LINE('',#1991,#1992);
#1991 = CARTESIAN_POINT('',(-47.,-4.,3.));
#1992 = VECTOR('',#1993,1.);
#1993 = DIRECTION('',(0.,0.,1.));
#1994 = ORIENTED_EDGE('',*,*,#1995,.F.);
#1995 = EDGE_CURVE('',#1996,#1988,#1998,.T.);
#1996 = VERTEX_POINT('',#1997);
#1997 = CARTESIAN_POINT('',(-47.,4.,7.));
#1998 = LINE('',#1999,#2000);
#1999 = CARTESIAN_POINT('',(-47.,4.,7.));
#2000 = VECTOR('',#2001,1.);
#2001 = DIRECTION('',(0.,-1.,0.));
#2002 = ORIENTED_EDGE('',*,*,#2003,.F.);
#2003 = EDGE_CURVE('',#157,#1996,#2004,.T.);
#2004 = LINE('',#2005,#2006);
#2005 = CARTESIAN_POINT('',(-47.,4.,3.));
#2006 = VECTOR('',#2007,1.);
#2007 = DIRECTION('',(0.,0.,1.));
#2008 = ORIENTED_EDGE('',*,*,#156,.F.);
#2009 = ORIENTED_EDGE('',*,*,#848,.T.);
#2010 = ORIENTED_EDGE('',*,*,#2011,.F.);
#2011 = EDGE_CURVE('',#917,#849,#2012,.T.);
#2012 = LINE('',#2013,#2014);
#2013 = CARTESIAN_POINT('',(-47.,29.,9.));
#2014 = VECTOR('',#2015,1.);
#2015 = DIRECTION('',(0.,-1.,0.));
#2016 = FACE_BOUND('',#2017,.T.);
#2017 = EDGE_LOOP('',(#2018));
#2018 = ORIENTED_EDGE('',*,*,#2019,.F.);
#2019 = EDGE_CURVE('',#2020,#2020,#2022,.T.);
#2020 = VERTEX_POINT('',#2021);
#2021 = CARTESIAN_POINT('',(-47.,-1.4,4.5));
#2022 = CIRCLE('',#2023,1.4);
#2023 = AXIS2_PLACEMENT_3D('',#2024,#2025,#2026);
#2024 = CARTESIAN_POINT('',(-47.,0.,4.5));
#2025 = DIRECTION('',(-1.,0.,0.));
#2026 = DIRECTION('',(0.,-1.,0.));
#2027 = PLANE('',#2028);
#2028 = AXIS2_PLACEMENT_3D('',#2029,#2030,#2031);
#2029 = CARTESIAN_POINT('',(-47.,0.,3.058441558442));
#2030 = DIRECTION('',(-1.,-0.,-0.));
#2031 = DIRECTION('',(0.,0.,-1.));
#2032 = ADVANCED_FACE('',(#2033),#2051,.F.);
#2033 = FACE_BOUND('',#2034,.F.);
#2034 = EDGE_LOOP('',(#2035,#2036,#2044,#2050));
#2035 = ORIENTED_EDGE('',*,*,#1987,.T.);
#2036 = ORIENTED_EDGE('',*,*,#2037,.T.);
#2037 = EDGE_CURVE('',#1988,#2038,#2040,.T.);
#2038 = VERTEX_POINT('',#2039);
#2039 = CARTESIAN_POINT('',(-44.,-4.,7.));
#2040 = LINE('',#2041,#2042);
#2041 = CARTESIAN_POINT('',(-47.,-4.,7.));
#2042 = VECTOR('',#2043,1.);
#2043 = DIRECTION('',(1.,0.,0.));
#2044 = ORIENTED_EDGE('',*,*,#2045,.F.);
#2045 = EDGE_CURVE('',#173,#2038,#2046,.T.);
#2046 = LINE('',#2047,#2048);
#2047 = CARTESIAN_POINT('',(-44.,-4.,3.));
#2048 = VECTOR('',#2049,1.);
#2049 = DIRECTION('',(0.,0.,1.));
#2050 = ORIENTED_EDGE('',*,*,#180,.F.);
#2051 = PLANE('',#2052);
#2052 = AXIS2_PLACEMENT_3D('',#2053,#2054,#2055);
#2053 = CARTESIAN_POINT('',(-47.,-4.,3.));
#2054 = DIRECTION('',(0.,1.,0.));
#2055 = DIRECTION('',(1.,0.,0.));
#2056 = ADVANCED_FACE('',(#2057,#2075),#2086,.F.);
#2057 = FACE_BOUND('',#2058,.F.);
#2058 = EDGE_LOOP('',(#2059,#2060,#2068,#2074));
#2059 = ORIENTED_EDGE('',*,*,#2045,.T.);
#2060 = ORIENTED_EDGE('',*,*,#2061,.T.);
#2061 = EDGE_CURVE('',#2038,#2062,#2064,.T.);
#2062 = VERTEX_POINT('',#2063);
#2063 = CARTESIAN_POINT('',(-44.,4.,7.));
#2064 = LINE('',#2065,#2066);
#2065 = CARTESIAN_POINT('',(-44.,-4.,7.));
#2066 = VECTOR('',#2067,1.);
#2067 = DIRECTION('',(0.,1.,0.));
#2068 = ORIENTED_EDGE('',*,*,#2069,.F.);
#2069 = EDGE_CURVE('',#165,#2062,#2070,.T.);
#2070 = LINE('',#2071,#2072);
#2071 = CARTESIAN_POINT('',(-44.,4.,3.));
#2072 = VECTOR('',#2073,1.);
#2073 = DIRECTION('',(0.,0.,1.));
#2074 = ORIENTED_EDGE('',*,*,#172,.F.);
#2075 = FACE_BOUND('',#2076,.F.);
#2076 = EDGE_LOOP('',(#2077));
#2077 = ORIENTED_EDGE('',*,*,#2078,.F.);
#2078 = EDGE_CURVE('',#2079,#2079,#2081,.T.);
#2079 = VERTEX_POINT('',#2080);
#2080 = CARTESIAN_POINT('',(-44.,-1.4,4.5));
#2081 = CIRCLE('',#2082,1.4);
#2082 = AXIS2_PLACEMENT_3D('',#2083,#2084,#2085);
#2083 = CARTESIAN_POINT('',(-44.,0.,4.5));
#2084 = DIRECTION('',(-1.,0.,0.));
#2085 = DIRECTION('',(0.,-1.,0.));
#2086 = PLANE('',#2087);
#2087 = AXIS2_PLACEMENT_3D('',#2088,#2089,#2090);
#2088 = CARTESIAN_POINT('',(-44.,-4.,3.));
#2089 = DIRECTION('',(-1.,0.,0.));
#2090 = DIRECTION('',(0.,1.,0.));
#2091 = ADVANCED_FACE('',(#2092),#2103,.F.);
#2092 = FACE_BOUND('',#2093,.F.);
#2093 = EDGE_LOOP('',(#2094,#2095,#2101,#2102));
#2094 = ORIENTED_EDGE('',*,*,#2069,.T.);
#2095 = ORIENTED_EDGE('',*,*,#2096,.T.);
#2096 = EDGE_CURVE('',#2062,#1996,#2097,.T.);
#2097 = LINE('',#2098,#2099);
#2098 = CARTESIAN_POINT('',(-44.,4.,7.));
#2099 = VECTOR('',#2100,1.);
#2100 = DIRECTION('',(-1.,0.,0.));
#2101 = ORIENTED_EDGE('',*,*,#2003,.F.);
#2102 = ORIENTED_EDGE('',*,*,#164,.F.);
#2103 = PLANE('',#2104);
#2104 = AXIS2_PLACEMENT_3D('',#2105,#2106,#2107);
#2105 = CARTESIAN_POINT('',(-44.,4.,3.));
#2106 = DIRECTION('',(0.,-1.,0.));
#2107 = DIRECTION('',(-1.,0.,0.));
#2108 = ADVANCED_FACE('',(#2109),#2128,.T.);
#2109 = FACE_BOUND('',#2110,.F.);
#2110 = EDGE_LOOP('',(#2111,#2119,#2126,#2127));
#2111 = ORIENTED_EDGE('',*,*,#2112,.T.);
#2112 = EDGE_CURVE('',#501,#2113,#2115,.T.);
#2113 = VERTEX_POINT('',#2114);
#2114 = CARTESIAN_POINT('',(-15.25,-24.,6.5));
#2115 = LINE('',#2116,#2117);
#2116 = CARTESIAN_POINT('',(-15.25,-24.,3.));
#2117 = VECTOR('',#2118,1.);
#2118 = DIRECTION('',(0.,0.,1.));
#2119 = ORIENTED_EDGE('',*,*,#2120,.T.);
#2120 = EDGE_CURVE('',#2113,#2113,#2121,.T.);
#2121 = CIRCLE('',#2122,2.75);
#2122 = AXIS2_PLACEMENT_3D('',#2123,#2124,#2125);
#2123 = CARTESIAN_POINT('',(-18.,-24.,6.5));
#2124 = DIRECTION('',(0.,0.,1.));
#2125 = DIRECTION('',(1.,0.,0.));
#2126 = ORIENTED_EDGE('',*,*,#2112,.F.);
#2127 = ORIENTED_EDGE('',*,*,#500,.F.);
#2128 = CYLINDRICAL_SURFACE('',#2129,2.75);
#2129 = AXIS2_PLACEMENT_3D('',#2130,#2131,#2132);
#2130 = CARTESIAN_POINT('',(-18.,-24.,3.));
#2131 = DIRECTION('',(-0.,-0.,-1.));
#2132 = DIRECTION('',(1.,0.,0.));
#2133 = ADVANCED_FACE('',(#2134),#2159,.F.);
#2134 = FACE_BOUND('',#2135,.F.);
#2135 = EDGE_LOOP('',(#2136,#2137,#2145,#2153));
#2136 = ORIENTED_EDGE('',*,*,#529,.F.);
#2137 = ORIENTED_EDGE('',*,*,#2138,.T.);
#2138 = EDGE_CURVE('',#530,#2139,#2141,.T.);
#2139 = VERTEX_POINT('',#2140);
#2140 = CARTESIAN_POINT('',(-33.,18.5,0.));
#2141 = LINE('',#2142,#2143);
#2142 = CARTESIAN_POINT('',(-33.,18.5,3.));
#2143 = VECTOR('',#2144,1.);
#2144 = DIRECTION('',(-0.,-0.,-1.));
#2145 = ORIENTED_EDGE('',*,*,#2146,.F.);
#2146 = EDGE_CURVE('',#2147,#2139,#2149,.T.);
#2147 = VERTEX_POINT('',#2148);
#2148 = CARTESIAN_POINT('',(-7.,-18.5,0.));
#2149 = LINE('',#2150,#2151);
#2150 = CARTESIAN_POINT('',(-23.19437652811,4.545843520782,-4.4E-16));
#2151 = VECTOR('',#2152,1.);
#2152 = DIRECTION('',(-0.574945516713,0.818191696861,0.));
#2153 = ORIENTED_EDGE('',*,*,#2154,.F.);
#2154 = EDGE_CURVE('',#532,#2147,#2155,.T.);
#2155 = LINE('',#2156,#2157);
#2156 = CARTESIAN_POINT('',(-7.,-18.5,3.));
#2157 = VECTOR('',#2158,1.);
#2158 = DIRECTION('',(-0.,-0.,-1.));
#2159 = PLANE('',#2160);
#2160 = AXIS2_PLACEMENT_3D('',#2161,#2162,#2163);
#2161 = CARTESIAN_POINT('',(-33.,18.5,3.));
#2162 = DIRECTION('',(-0.818191696861,-0.574945516713,0.));
#2163 = DIRECTION('',(0.574945516713,-0.818191696861,0.));
#2164 = ADVANCED_FACE('',(#2165),#2183,.F.);
#2165 = FACE_BOUND('',#2166,.F.);
#2166 = EDGE_LOOP('',(#2167,#2168,#2176,#2182));
#2167 = ORIENTED_EDGE('',*,*,#539,.F.);
#2168 = ORIENTED_EDGE('',*,*,#2169,.T.);
#2169 = EDGE_CURVE('',#540,#2170,#2172,.T.);
#2170 = VERTEX_POINT('',#2171);
#2171 = CARTESIAN_POINT('',(-7.,18.5,0.));
#2172 = LINE('',#2173,#2174);
#2173 = CARTESIAN_POINT('',(-7.,18.5,3.));
#2174 = VECTOR('',#2175,1.);
#2175 = DIRECTION('',(-0.,-0.,-1.));
#2176 = ORIENTED_EDGE('',*,*,#2177,.F.);
#2177 = EDGE_CURVE('',#2139,#2170,#2178,.T.);
#2178 = LINE('',#2179,#2180);
#2179 = CARTESIAN_POINT('',(-3.5,18.5,0.));
#2180 = VECTOR('',#2181,1.);
#2181 = DIRECTION('',(1.,0.,0.));
#2182 = ORIENTED_EDGE('',*,*,#2138,.F.);
#2183 = PLANE('',#2184);
#2184 = AXIS2_PLACEMENT_3D('',#2185,#2186,#2187);
#2185 = CARTESIAN_POINT('',(-7.,18.5,3.));
#2186 = DIRECTION('',(0.,1.,0.));
#2187 = DIRECTION('',(-1.,0.,0.));
#2188 = ADVANCED_FACE('',(#2189),#2200,.F.);
#2189 = FACE_BOUND('',#2190,.F.);
#2190 = EDGE_LOOP('',(#2191,#2192,#2193,#2199));
#2191 = ORIENTED_EDGE('',*,*,#547,.F.);
#2192 = ORIENTED_EDGE('',*,*,#2154,.T.);
#2193 = ORIENTED_EDGE('',*,*,#2194,.F.);
#2194 = EDGE_CURVE('',#2170,#2147,#2195,.T.);
#2195 = LINE('',#2196,#2197);
#2196 = CARTESIAN_POINT('',(-7.,-9.25,0.));
#2197 = VECTOR('',#2198,1.);
#2198 = DIRECTION('',(0.,-1.,0.));
#2199 = ORIENTED_EDGE('',*,*,#2169,.F.);
#2200 = PLANE('',#2201);
#2201 = AXIS2_PLACEMENT_3D('',#2202,#2203,#2204);
#2202 = CARTESIAN_POINT('',(-7.,-18.5,3.));
#2203 = DIRECTION('',(1.,0.,0.));
#2204 = DIRECTION('',(0.,1.,0.));
#2205 = ADVANCED_FACE('',(#2206),#2225,.T.);
#2206 = FACE_BOUND('',#2207,.F.);
#2207 = EDGE_LOOP('',(#2208,#2216,#2223,#2224));
#2208 = ORIENTED_EDGE('',*,*,#2209,.T.);
#2209 = EDGE_CURVE('',#556,#2210,#2212,.T.);
#2210 = VERTEX_POINT('',#2211);
#2211 = CARTESIAN_POINT('',(36.25,-19.5,6.5));
#2212 = LINE('',#2213,#2214);
#2213 = CARTESIAN_POINT('',(36.25,-19.5,3.));
#2214 = VECTOR('',#2215,1.);
#2215 = DIRECTION('',(0.,0.,1.));
#2216 = ORIENTED_EDGE('',*,*,#2217,.T.);
#2217 = EDGE_CURVE('',#2210,#2210,#2218,.T.);
#2218 = CIRCLE('',#2219,2.);
#2219 = AXIS2_PLACEMENT_3D('',#2220,#2221,#2222);
#2220 = CARTESIAN_POINT('',(34.25,-19.5,6.5));
#2221 = DIRECTION('',(0.,0.,1.));
#2222 = DIRECTION('',(1.,0.,0.));
#2223 = ORIENTED_EDGE('',*,*,#2209,.F.);
#2224 = ORIENTED_EDGE('',*,*,#555,.F.);
#2225 = CYLINDRICAL_SURFACE('',#2226,2.);
#2226 = AXIS2_PLACEMENT_3D('',#2227,#2228,#2229);
#2227 = CARTESIAN_POINT('',(34.25,-19.5,3.));
#2228 = DIRECTION('',(-0.,-0.,-1.));
#2229 = DIRECTION('',(1.,0.,0.));
#2230 = ADVANCED_FACE('',(#2231),#2256,.T.);
#2231 = FACE_BOUND('',#2232,.T.);
#2232 = EDGE_LOOP('',(#2233,#2234,#2242,#2250));
#2233 = ORIENTED_EDGE('',*,*,#566,.F.);
#2234 = ORIENTED_EDGE('',*,*,#2235,.T.);
#2235 = EDGE_CURVE('',#567,#2236,#2238,.T.);
#2236 = VERTEX_POINT('',#2237);
#2237 = CARTESIAN_POINT('',(23.999999999979,18.5,0.));
#2238 = LINE('',#2239,#2240);
#2239 = CARTESIAN_POINT('',(23.999999999979,18.5,3.));
#2240 = VECTOR('',#2241,1.);
#2241 = DIRECTION('',(-0.,-0.,-1.));
#2242 = ORIENTED_EDGE('',*,*,#2243,.F.);
#2243 = EDGE_CURVE('',#2244,#2236,#2246,.T.);
#2244 = VERTEX_POINT('',#2245);
#2245 = CARTESIAN_POINT('',(-2.000000000011,-18.5,0.));
#2246 = LINE('',#2247,#2248);
#2247 = CARTESIAN_POINT('',(15.68190709045,6.662713936434,-4.4E-16));
#2248 = VECTOR('',#2249,1.);
#2249 = DIRECTION('',(0.574945516713,0.818191696861,0.));
#2250 = ORIENTED_EDGE('',*,*,#2251,.F.);
#2251 = EDGE_CURVE('',#569,#2244,#2252,.T.);
#2252 = LINE('',#2253,#2254);
#2253 = CARTESIAN_POINT('',(-2.000000000011,-18.5,3.));
#2254 = VECTOR('',#2255,1.);
#2255 = DIRECTION('',(-0.,-0.,-1.));
#2256 = PLANE('',#2257);
#2257 = AXIS2_PLACEMENT_3D('',#2258,#2259,#2260);
#2258 = CARTESIAN_POINT('',(23.999999999979,18.5,3.));
#2259 = DIRECTION('',(-0.818191696861,0.574945516713,0.));
#2260 = DIRECTION('',(-0.574945516713,-0.818191696861,0.));
#2261 = ADVANCED_FACE('',(#2262),#2280,.T.);
#2262 = FACE_BOUND('',#2263,.T.);
#2263 = EDGE_LOOP('',(#2264,#2265,#2273,#2279));
#2264 = ORIENTED_EDGE('',*,*,#584,.F.);
#2265 = ORIENTED_EDGE('',*,*,#2266,.T.);
#2266 = EDGE_CURVE('',#577,#2267,#2269,.T.);
#2267 = VERTEX_POINT('',#2268);
#2268 = CARTESIAN_POINT('',(-2.000000000011,18.5,0.));
#2269 = LINE('',#2270,#2271);
#2270 = CARTESIAN_POINT('',(-2.000000000011,18.5,3.));
#2271 = VECTOR('',#2272,1.);
#2272 = DIRECTION('',(-0.,-0.,-1.));
#2273 = ORIENTED_EDGE('',*,*,#2274,.F.);
#2274 = EDGE_CURVE('',#2236,#2267,#2275,.T.);
#2275 = LINE('',#2276,#2277);
#2276 = CARTESIAN_POINT('',(-1.000000000005,18.5,0.));
#2277 = VECTOR('',#2278,1.);
#2278 = DIRECTION('',(-1.,0.,0.));
#2279 = ORIENTED_EDGE('',*,*,#2235,.F.);
#2280 = PLANE('',#2281);
#2281 = AXIS2_PLACEMENT_3D('',#2282,#2283,#2284);
#2282 = CARTESIAN_POINT('',(-2.000000000011,18.5,3.));
#2283 = DIRECTION('',(0.,-1.,0.));
#2284 = DIRECTION('',(1.,0.,0.));
#2285 = ADVANCED_FACE('',(#2286),#2297,.T.);
#2286 = FACE_BOUND('',#2287,.T.);
#2287 = EDGE_LOOP('',(#2288,#2289,#2290,#2296));
#2288 = ORIENTED_EDGE('',*,*,#576,.F.);
#2289 = ORIENTED_EDGE('',*,*,#2251,.T.);
#2290 = ORIENTED_EDGE('',*,*,#2291,.F.);
#2291 = EDGE_CURVE('',#2267,#2244,#2292,.T.);
#2292 = LINE('',#2293,#2294);
#2293 = CARTESIAN_POINT('',(-2.000000000011,-9.25,0.));
#2294 = VECTOR('',#2295,1.);
#2295 = DIRECTION('',(0.,-1.,0.));
#2296 = ORIENTED_EDGE('',*,*,#2266,.F.);
#2297 = PLANE('',#2298);
#2298 = AXIS2_PLACEMENT_3D('',#2299,#2300,#2301);
#2299 = CARTESIAN_POINT('',(-2.000000000011,-18.5,3.));
#2300 = DIRECTION('',(1.,0.,0.));
#2301 = DIRECTION('',(0.,1.,0.));
#2302 = ADVANCED_FACE('',(#2303,#2346),#2357,.F.);
#2303 = FACE_BOUND('',#2304,.F.);
#2304 = EDGE_LOOP('',(#2305,#2313,#2322,#2330,#2339,#2345));
#2305 = ORIENTED_EDGE('',*,*,#2306,.T.);
#2306 = EDGE_CURVE('',#593,#2307,#2309,.T.);
#2307 = VERTEX_POINT('',#2308);
#2308 = CARTESIAN_POINT('',(41.,-6.,7.));
#2309 = LINE('',#2310,#2311);
#2310 = CARTESIAN_POINT('',(41.,-6.,3.));
#2311 = VECTOR('',#2312,1.);
#2312 = DIRECTION('',(0.,0.,1.));
#2313 = ORIENTED_EDGE('',*,*,#2314,.T.);
#2314 = EDGE_CURVE('',#2307,#2315,#2317,.T.);
#2315 = VERTEX_POINT('',#2316);
#2316 = CARTESIAN_POINT('',(41.,-10.,11.));
#2317 = CIRCLE('',#2318,4.);
#2318 = AXIS2_PLACEMENT_3D('',#2319,#2320,#2321);
#2319 = CARTESIAN_POINT('',(41.,-10.,7.));
#2320 = DIRECTION('',(1.,-0.,0.));
#2321 = DIRECTION('',(0.,0.,-1.));
#2322 = ORIENTED_EDGE('',*,*,#2323,.T.);
#2323 = EDGE_CURVE('',#2315,#2324,#2326,.T.);
#2324 = VERTEX_POINT('',#2325);
#2325 = CARTESIAN_POINT('',(41.,-11.99999999999,11.));
#2326 = LINE('',#2327,#2328);
#2327 = CARTESIAN_POINT('',(41.,-6.,11.));
#2328 = VECTOR('',#2329,1.);
#2329 = DIRECTION('',(0.,-1.,0.));
#2330 = ORIENTED_EDGE('',*,*,#2331,.F.);
#2331 = EDGE_CURVE('',#2332,#2324,#2334,.T.);
#2332 = VERTEX_POINT('',#2333);
#2333 = CARTESIAN_POINT('',(41.,-15.99999999999,7.));
#2334 = CIRCLE('',#2335,4.);
#2335 = AXIS2_PLACEMENT_3D('',#2336,#2337,#2338);
#2336 = CARTESIAN_POINT('',(41.,-11.99999999999,7.));
#2337 = DIRECTION('',(-1.,0.,0.));
#2338 = DIRECTION('',(0.,0.,1.));
#2339 = ORIENTED_EDGE('',*,*,#2340,.F.);
#2340 = EDGE_CURVE('',#595,#2332,#2341,.T.);
#2341 = LINE('',#2342,#2343);
#2342 = CARTESIAN_POINT('',(41.,-15.99999999999,3.));
#2343 = VECTOR('',#2344,1.);
#2344 = DIRECTION('',(0.,0.,1.));
#2345 = ORIENTED_EDGE('',*,*,#592,.F.);
#2346 = FACE_BOUND('',#2347,.F.);
#2347 = EDGE_LOOP('',(#2348));
#2348 = ORIENTED_EDGE('',*,*,#2349,.F.);
#2349 = EDGE_CURVE('',#2350,#2350,#2352,.T.);
#2350 = VERTEX_POINT('',#2351);
#2351 = CARTESIAN_POINT('',(41.,-8.999999999998,7.));
#2352 = CIRCLE('',#2353,2.);
#2353 = AXIS2_PLACEMENT_3D('',#2354,#2355,#2356);
#2354 = CARTESIAN_POINT('',(41.,-10.99999999999,7.));
#2355 = DIRECTION('',(1.,0.,0.));
#2356 = DIRECTION('',(0.,1.,0.));
#2357 = PLANE('',#2358);
#2358 = AXIS2_PLACEMENT_3D('',#2359,#2360,#2361);
#2359 = CARTESIAN_POINT('',(41.,-6.,3.));
#2360 = DIRECTION('',(1.,0.,0.));
#2361 = DIRECTION('',(0.,-1.,0.));
#2362 = ADVANCED_FACE('',(#2363),#2381,.F.);
#2363 = FACE_BOUND('',#2364,.F.);
#2364 = EDGE_LOOP('',(#2365,#2373,#2379,#2380));
#2365 = ORIENTED_EDGE('',*,*,#2366,.T.);
#2366 = EDGE_CURVE('',#603,#2367,#2369,.T.);
#2367 = VERTEX_POINT('',#2368);
#2368 = CARTESIAN_POINT('',(44.,-6.,7.));
#2369 = LINE('',#2370,#2371);
#2370 = CARTESIAN_POINT('',(44.,-6.,3.));
#2371 = VECTOR('',#2372,1.);
#2372 = DIRECTION('',(0.,0.,1.));
#2373 = ORIENTED_EDGE('',*,*,#2374,.T.);
#2374 = EDGE_CURVE('',#2367,#2307,#2375,.T.);
#2375 = LINE('',#2376,#2377);
#2376 = CARTESIAN_POINT('',(44.,-6.,7.));
#2377 = VECTOR('',#2378,1.);
#2378 = DIRECTION('',(-1.,0.,0.));
#2379 = ORIENTED_EDGE('',*,*,#2306,.F.);
#2380 = ORIENTED_EDGE('',*,*,#602,.F.);
#2381 = PLANE('',#2382);
#2382 = AXIS2_PLACEMENT_3D('',#2383,#2384,#2385);
#2383 = CARTESIAN_POINT('',(44.,-6.,3.));
#2384 = DIRECTION('',(0.,-1.,0.));
#2385 = DIRECTION('',(-1.,0.,0.));
#2386 = ADVANCED_FACE('',(#2387),#2405,.F.);
#2387 = FACE_BOUND('',#2388,.F.);
#2388 = EDGE_LOOP('',(#2389,#2390,#2398,#2404));
#2389 = ORIENTED_EDGE('',*,*,#2340,.T.);
#2390 = ORIENTED_EDGE('',*,*,#2391,.T.);
#2391 = EDGE_CURVE('',#2332,#2392,#2394,.T.);
#2392 = VERTEX_POINT('',#2393);
#2393 = CARTESIAN_POINT('',(44.,-15.99999999999,7.));
#2394 = LINE('',#2395,#2396);
#2395 = CARTESIAN_POINT('',(41.,-15.99999999999,7.));
#2396 = VECTOR('',#2397,1.);
#2397 = DIRECTION('',(1.,0.,0.));
#2398 = ORIENTED_EDGE('',*,*,#2399,.F.);
#2399 = EDGE_CURVE('',#611,#2392,#2400,.T.);
#2400 = LINE('',#2401,#2402);
#2401 = CARTESIAN_POINT('',(44.,-15.99999999999,3.));
#2402 = VECTOR('',#2403,1.);
#2403 = DIRECTION('',(0.,0.,1.));
#2404 = ORIENTED_EDGE('',*,*,#618,.F.);
#2405 = PLANE('',#2406);
#2406 = AXIS2_PLACEMENT_3D('',#2407,#2408,#2409);
#2407 = CARTESIAN_POINT('',(41.,-15.99999999999,3.));
#2408 = DIRECTION('',(0.,1.,0.));
#2409 = DIRECTION('',(1.,0.,0.));
#2410 = ADVANCED_FACE('',(#2411,#2440),#2451,.F.);
#2411 = FACE_BOUND('',#2412,.F.);
#2412 = EDGE_LOOP('',(#2413,#2414,#2423,#2431,#2438,#2439));
#2413 = ORIENTED_EDGE('',*,*,#2399,.T.);
#2414 = ORIENTED_EDGE('',*,*,#2415,.T.);
#2415 = EDGE_CURVE('',#2392,#2416,#2418,.T.);
#2416 = VERTEX_POINT('',#2417);
#2417 = CARTESIAN_POINT('',(44.,-11.99999999999,11.));
#2418 = CIRCLE('',#2419,4.);
#2419 = AXIS2_PLACEMENT_3D('',#2420,#2421,#2422);
#2420 = CARTESIAN_POINT('',(44.,-11.99999999999,7.));
#2421 = DIRECTION('',(-1.,0.,0.));
#2422 = DIRECTION('',(0.,0.,1.));
#2423 = ORIENTED_EDGE('',*,*,#2424,.T.);
#2424 = EDGE_CURVE('',#2416,#2425,#2427,.T.);
#2425 = VERTEX_POINT('',#2426);
#2426 = CARTESIAN_POINT('',(44.,-10.,11.));
#2427 = LINE('',#2428,#2429);
#2428 = CARTESIAN_POINT('',(44.,-15.99999999999,11.));
#2429 = VECTOR('',#2430,1.);
#2430 = DIRECTION('',(0.,1.,0.));
#2431 = ORIENTED_EDGE('',*,*,#2432,.F.);
#2432 = EDGE_CURVE('',#2367,#2425,#2433,.T.);
#2433 = CIRCLE('',#2434,4.);
#2434 = AXIS2_PLACEMENT_3D('',#2435,#2436,#2437);
#2435 = CARTESIAN_POINT('',(44.,-10.,7.));
#2436 = DIRECTION('',(1.,-0.,0.));
#2437 = DIRECTION('',(0.,0.,-1.));
#2438 = ORIENTED_EDGE('',*,*,#2366,.F.);
#2439 = ORIENTED_EDGE('',*,*,#610,.F.);
#2440 = FACE_BOUND('',#2441,.F.);
#2441 = EDGE_LOOP('',(#2442));
#2442 = ORIENTED_EDGE('',*,*,#2443,.T.);
#2443 = EDGE_CURVE('',#2444,#2444,#2446,.T.);
#2444 = VERTEX_POINT('',#2445);
#2445 = CARTESIAN_POINT('',(44.,-8.999999999998,7.));
#2446 = CIRCLE('',#2447,2.);
#2447 = AXIS2_PLACEMENT_3D('',#2448,#2449,#2450);
#2448 = CARTESIAN_POINT('',(44.,-10.99999999999,7.));
#2449 = DIRECTION('',(1.,0.,0.));
#2450 = DIRECTION('',(0.,1.,0.));
#2451 = PLANE('',#2452);
#2452 = AXIS2_PLACEMENT_3D('',#2453,#2454,#2455);
#2453 = CARTESIAN_POINT('',(44.,-15.99999999999,3.));
#2454 = DIRECTION('',(-1.,0.,0.));
#2455 = DIRECTION('',(0.,1.,0.));
#2456 = ADVANCED_FACE('',(#2457),#2482,.F.);
#2457 = FACE_BOUND('',#2458,.F.);
#2458 = EDGE_LOOP('',(#2459,#2460,#2468,#2476));
#2459 = ORIENTED_EDGE('',*,*,#626,.F.);
#2460 = ORIENTED_EDGE('',*,*,#2461,.T.);
#2461 = EDGE_CURVE('',#627,#2462,#2464,.T.);
#2462 = VERTEX_POINT('',#2463);
#2463 = CARTESIAN_POINT('',(-38.,18.5,0.));
#2464 = LINE('',#2465,#2466);
#2465 = CARTESIAN_POINT('',(-38.,18.5,3.));
#2466 = VECTOR('',#2467,1.);
#2467 = DIRECTION('',(-0.,-0.,-1.));
#2468 = ORIENTED_EDGE('',*,*,#2469,.F.);
#2469 = EDGE_CURVE('',#2470,#2462,#2472,.T.);
#2470 = VERTEX_POINT('',#2471);
#2471 = CARTESIAN_POINT('',(-38.,-18.5,0.));
#2472 = LINE('',#2473,#2474);
#2473 = CARTESIAN_POINT('',(-38.,9.25,0.));
#2474 = VECTOR('',#2475,1.);
#2475 = DIRECTION('',(0.,1.,0.));
#2476 = ORIENTED_EDGE('',*,*,#2477,.F.);
#2477 = EDGE_CURVE('',#629,#2470,#2478,.T.);
#2478 = LINE('',#2479,#2480);
#2479 = CARTESIAN_POINT('',(-38.,-18.5,3.));
#2480 = VECTOR('',#2481,1.);
#2481 = DIRECTION('',(-0.,-0.,-1.));
#2482 = PLANE('',#2483);
#2483 = AXIS2_PLACEMENT_3D('',#2484,#2485,#2486);
#2484 = CARTESIAN_POINT('',(-38.,18.5,3.));
#2485 = DIRECTION('',(-1.,0.,0.));
#2486 = DIRECTION('',(0.,-1.,0.));
#2487 = ADVANCED_FACE('',(#2488),#2506,.F.);
#2488 = FACE_BOUND('',#2489,.F.);
#2489 = EDGE_LOOP('',(#2490,#2491,#2499,#2505));
#2490 = ORIENTED_EDGE('',*,*,#636,.F.);
#2491 = ORIENTED_EDGE('',*,*,#2492,.T.);
#2492 = EDGE_CURVE('',#637,#2493,#2495,.T.);
#2493 = VERTEX_POINT('',#2494);
#2494 = CARTESIAN_POINT('',(-12.,-18.5,0.));
#2495 = LINE('',#2496,#2497);
#2496 = CARTESIAN_POINT('',(-12.,-18.5,3.));
#2497 = VECTOR('',#2498,1.);
#2498 = DIRECTION('',(-0.,-0.,-1.));
#2499 = ORIENTED_EDGE('',*,*,#2500,.F.);
#2500 = EDGE_CURVE('',#2462,#2493,#2501,.T.);
#2501 = LINE('',#2502,#2503);
#2502 = CARTESIAN_POINT('',(-14.36797066014,-15.13019559902,-4.4E-16));
#2503 = VECTOR('',#2504,1.);
#2504 = DIRECTION('',(0.574945516713,-0.818191696861,0.));
#2505 = ORIENTED_EDGE('',*,*,#2461,.F.);
#2506 = PLANE('',#2507);
#2507 = AXIS2_PLACEMENT_3D('',#2508,#2509,#2510);
#2508 = CARTESIAN_POINT('',(-12.,-18.5,3.));
#2509 = DIRECTION('',(0.818191696861,0.574945516713,0.));
#2510 = DIRECTION('',(-0.574945516713,0.818191696861,0.));
#2511 = ADVANCED_FACE('',(#2512),#2523,.F.);
#2512 = FACE_BOUND('',#2513,.F.);
#2513 = EDGE_LOOP('',(#2514,#2515,#2516,#2522));
#2514 = ORIENTED_EDGE('',*,*,#644,.F.);
#2515 = ORIENTED_EDGE('',*,*,#2477,.T.);
#2516 = ORIENTED_EDGE('',*,*,#2517,.F.);
#2517 = EDGE_CURVE('',#2493,#2470,#2518,.T.);
#2518 = LINE('',#2519,#2520);
#2519 = CARTESIAN_POINT('',(-19.,-18.5,0.));
#2520 = VECTOR('',#2521,1.);
#2521 = DIRECTION('',(-1.,0.,0.));
#2522 = ORIENTED_EDGE('',*,*,#2492,.F.);
#2523 = PLANE('',#2524);
#2524 = AXIS2_PLACEMENT_3D('',#2525,#2526,#2527);
#2525 = CARTESIAN_POINT('',(-38.,-18.5,3.));
#2526 = DIRECTION('',(0.,-1.,0.));
#2527 = DIRECTION('',(1.,0.,0.));
#2528 = ADVANCED_FACE('',(#2529),#2548,.T.);
#2529 = FACE_BOUND('',#2530,.F.);
#2530 = EDGE_LOOP('',(#2531,#2539,#2546,#2547));
#2531 = ORIENTED_EDGE('',*,*,#2532,.T.);
#2532 = EDGE_CURVE('',#653,#2533,#2535,.T.);
#2533 = VERTEX_POINT('',#2534);
#2534 = CARTESIAN_POINT('',(-14.,24.75,6.5));
#2535 = LINE('',#2536,#2537);
#2536 = CARTESIAN_POINT('',(-14.,24.75,3.));
#2537 = VECTOR('',#2538,1.);
#2538 = DIRECTION('',(0.,0.,1.));
#2539 = ORIENTED_EDGE('',*,*,#2540,.T.);
#2540 = EDGE_CURVE('',#2533,#2533,#2541,.T.);
#2541 = CIRCLE('',#2542,2.);
#2542 = AXIS2_PLACEMENT_3D('',#2543,#2544,#2545);
#2543 = CARTESIAN_POINT('',(-16.,24.75,6.5));
#2544 = DIRECTION('',(0.,0.,1.));
#2545 = DIRECTION('',(1.,0.,0.));
#2546 = ORIENTED_EDGE('',*,*,#2532,.F.);
#2547 = ORIENTED_EDGE('',*,*,#652,.F.);
#2548 = CYLINDRICAL_SURFACE('',#2549,2.);
#2549 = AXIS2_PLACEMENT_3D('',#2550,#2551,#2552);
#2550 = CARTESIAN_POINT('',(-16.,24.75,3.));
#2551 = DIRECTION('',(-0.,-0.,-1.));
#2552 = DIRECTION('',(1.,0.,0.));
#2553 = ADVANCED_FACE('',(#2554),#2579,.T.);
#2554 = FACE_BOUND('',#2555,.T.);
#2555 = EDGE_LOOP('',(#2556,#2557,#2565,#2573));
#2556 = ORIENTED_EDGE('',*,*,#663,.F.);
#2557 = ORIENTED_EDGE('',*,*,#2558,.T.);
#2558 = EDGE_CURVE('',#664,#2559,#2561,.T.);
#2559 = VERTEX_POINT('',#2560);
#2560 = CARTESIAN_POINT('',(28.999999999958,-18.5,0.));
#2561 = LINE('',#2562,#2563);
#2562 = CARTESIAN_POINT('',(28.999999999958,-18.5,3.));
#2563 = VECTOR('',#2564,1.);
#2564 = DIRECTION('',(-0.,-0.,-1.));
#2565 = ORIENTED_EDGE('',*,*,#2566,.F.);
#2566 = EDGE_CURVE('',#2567,#2559,#2569,.T.);
#2567 = VERTEX_POINT('',#2568);
#2568 = CARTESIAN_POINT('',(2.999999999968,-18.5,0.));
#2569 = LINE('',#2570,#2571);
#2570 = CARTESIAN_POINT('',(14.499999999979,-18.5,0.));
#2571 = VECTOR('',#2572,1.);
#2572 = DIRECTION('',(1.,0.,0.));
#2573 = ORIENTED_EDGE('',*,*,#2574,.F.);
#2574 = EDGE_CURVE('',#666,#2567,#2575,.T.);
#2575 = LINE('',#2576,#2577);
#2576 = CARTESIAN_POINT('',(2.999999999968,-18.5,3.));
#2577 = VECTOR('',#2578,1.);
#2578 = DIRECTION('',(-0.,-0.,-1.));
#2579 = PLANE('',#2580);
#2580 = AXIS2_PLACEMENT_3D('',#2581,#2582,#2583);
#2581 = CARTESIAN_POINT('',(28.999999999958,-18.5,3.));
#2582 = DIRECTION('',(0.,1.,0.));
#2583 = DIRECTION('',(-1.,0.,0.));
#2584 = ADVANCED_FACE('',(#2585),#2603,.T.);
#2585 = FACE_BOUND('',#2586,.T.);
#2586 = EDGE_LOOP('',(#2587,#2588,#2596,#2602));
#2587 = ORIENTED_EDGE('',*,*,#681,.F.);
#2588 = ORIENTED_EDGE('',*,*,#2589,.T.);
#2589 = EDGE_CURVE('',#674,#2590,#2592,.T.);
#2590 = VERTEX_POINT('',#2591);
#2591 = CARTESIAN_POINT('',(28.999999999958,18.5,0.));
#2592 = LINE('',#2593,#2594);
#2593 = CARTESIAN_POINT('',(28.999999999958,18.5,3.));
#2594 = VECTOR('',#2595,1.);
#2595 = DIRECTION('',(-0.,-0.,-1.));
#2596 = ORIENTED_EDGE('',*,*,#2597,.F.);
#2597 = EDGE_CURVE('',#2559,#2590,#2598,.T.);
#2598 = LINE('',#2599,#2600);
#2599 = CARTESIAN_POINT('',(28.999999999958,9.25,0.));
#2600 = VECTOR('',#2601,1.);
#2601 = DIRECTION('',(0.,1.,0.));
#2602 = ORIENTED_EDGE('',*,*,#2558,.F.);
#2603 = PLANE('',#2604);
#2604 = AXIS2_PLACEMENT_3D('',#2605,#2606,#2607);
#2605 = CARTESIAN_POINT('',(28.999999999958,18.5,3.));
#2606 = DIRECTION('',(-1.,0.,0.));
#2607 = DIRECTION('',(0.,-1.,0.));
#2608 = ADVANCED_FACE('',(#2609),#2620,.T.);
#2609 = FACE_BOUND('',#2610,.T.);
#2610 = EDGE_LOOP('',(#2611,#2612,#2613,#2619));
#2611 = ORIENTED_EDGE('',*,*,#673,.F.);
#2612 = ORIENTED_EDGE('',*,*,#2574,.T.);
#2613 = ORIENTED_EDGE('',*,*,#2614,.F.);
#2614 = EDGE_CURVE('',#2590,#2567,#2615,.T.);
#2615 = LINE('',#2616,#2617);
#2616 = CARTESIAN_POINT('',(6.855501222467,-13.01332518336,-4.4E-16));
#2617 = VECTOR('',#2618,1.);
#2618 = DIRECTION('',(-0.574945516713,-0.818191696861,0.));
#2619 = ORIENTED_EDGE('',*,*,#2589,.F.);
#2620 = PLANE('',#2621);
#2621 = AXIS2_PLACEMENT_3D('',#2622,#2623,#2624);
#2622 = CARTESIAN_POINT('',(2.999999999968,-18.5,3.));
#2623 = DIRECTION('',(0.818191696861,-0.574945516713,0.));
#2624 = DIRECTION('',(0.574945516713,0.818191696861,0.));
#2625 = ADVANCED_FACE('',(#2626),#2645,.T.);
#2626 = FACE_BOUND('',#2627,.F.);
#2627 = EDGE_LOOP('',(#2628,#2636,#2643,#2644));
#2628 = ORIENTED_EDGE('',*,*,#2629,.T.);
#2629 = EDGE_CURVE('',#690,#2630,#2632,.T.);
#2630 = VERTEX_POINT('',#2631);
#2631 = CARTESIAN_POINT('',(37.,8.5,6.5));
#2632 = LINE('',#2633,#2634);
#2633 = CARTESIAN_POINT('',(37.,8.5,3.));
#2634 = VECTOR('',#2635,1.);
#2635 = DIRECTION('',(0.,0.,1.));
#2636 = ORIENTED_EDGE('',*,*,#2637,.T.);
#2637 = EDGE_CURVE('',#2630,#2630,#2638,.T.);
#2638 = CIRCLE('',#2639,2.75);
#2639 = AXIS2_PLACEMENT_3D('',#2640,#2641,#2642);
#2640 = CARTESIAN_POINT('',(34.25,8.5,6.5));
#2641 = DIRECTION('',(0.,0.,1.));
#2642 = DIRECTION('',(1.,0.,0.));
#2643 = ORIENTED_EDGE('',*,*,#2629,.F.);
#2644 = ORIENTED_EDGE('',*,*,#689,.F.);
#2645 = CYLINDRICAL_SURFACE('',#2646,2.75);
#2646 = AXIS2_PLACEMENT_3D('',#2647,#2648,#2649);
#2647 = CARTESIAN_POINT('',(34.25,8.5,3.));
#2648 = DIRECTION('',(-0.,-0.,-1.));
#2649 = DIRECTION('',(1.,0.,0.));
#2650 = ADVANCED_FACE('',(#2651,#2694),#2705,.F.);
#2651 = FACE_BOUND('',#2652,.F.);
#2652 = EDGE_LOOP('',(#2653,#2661,#2670,#2678,#2687,#2693));
#2653 = ORIENTED_EDGE('',*,*,#2654,.T.);
#2654 = EDGE_CURVE('',#701,#2655,#2657,.T.);
#2655 = VERTEX_POINT('',#2656);
#2656 = CARTESIAN_POINT('',(41.,16.,7.));
#2657 = LINE('',#2658,#2659);
#2658 = CARTESIAN_POINT('',(41.,16.,3.));
#2659 = VECTOR('',#2660,1.);
#2660 = DIRECTION('',(0.,0.,1.));
#2661 = ORIENTED_EDGE('',*,*,#2662,.T.);
#2662 = EDGE_CURVE('',#2655,#2663,#2665,.T.);
#2663 = VERTEX_POINT('',#2664);
#2664 = CARTESIAN_POINT('',(41.,12.,11.));
#2665 = CIRCLE('',#2666,4.);
#2666 = AXIS2_PLACEMENT_3D('',#2667,#2668,#2669);
#2667 = CARTESIAN_POINT('',(41.,12.,7.));
#2668 = DIRECTION('',(1.,-0.,0.));
#2669 = DIRECTION('',(0.,0.,-1.));
#2670 = ORIENTED_EDGE('',*,*,#2671,.T.);
#2671 = EDGE_CURVE('',#2663,#2672,#2674,.T.);
#2672 = VERTEX_POINT('',#2673);
#2673 = CARTESIAN_POINT('',(41.,10.,11.));
#2674 = LINE('',#2675,#2676);
#2675 = CARTESIAN_POINT('',(41.,16.,11.));
#2676 = VECTOR('',#2677,1.);
#2677 = DIRECTION('',(0.,-1.,0.));
#2678 = ORIENTED_EDGE('',*,*,#2679,.F.);
#2679 = EDGE_CURVE('',#2680,#2672,#2682,.T.);
#2680 = VERTEX_POINT('',#2681);
#2681 = CARTESIAN_POINT('',(41.,6.,7.));
#2682 = CIRCLE('',#2683,4.);
#2683 = AXIS2_PLACEMENT_3D('',#2684,#2685,#2686);
#2684 = CARTESIAN_POINT('',(41.,10.,7.));
#2685 = DIRECTION('',(-1.,0.,0.));
#2686 = DIRECTION('',(0.,0.,1.));
#2687 = ORIENTED_EDGE('',*,*,#2688,.F.);
#2688 = EDGE_CURVE('',#703,#2680,#2689,.T.);
#2689 = LINE('',#2690,#2691);
#2690 = CARTESIAN_POINT('',(41.,6.,3.));
#2691 = VECTOR('',#2692,1.);
#2692 = DIRECTION('',(0.,0.,1.));
#2693 = ORIENTED_EDGE('',*,*,#700,.F.);
#2694 = FACE_BOUND('',#2695,.F.);
#2695 = EDGE_LOOP('',(#2696));
#2696 = ORIENTED_EDGE('',*,*,#2697,.F.);
#2697 = EDGE_CURVE('',#2698,#2698,#2700,.T.);
#2698 = VERTEX_POINT('',#2699);
#2699 = CARTESIAN_POINT('',(41.,12.999999999998,7.));
#2700 = CIRCLE('',#2701,2.);
#2701 = AXIS2_PLACEMENT_3D('',#2702,#2703,#2704);
#2702 = CARTESIAN_POINT('',(41.,10.999999999998,7.));
#2703 = DIRECTION('',(1.,0.,0.));
#2704 = DIRECTION('',(0.,1.,0.));
#2705 = PLANE('',#2706);
#2706 = AXIS2_PLACEMENT_3D('',#2707,#2708,#2709);
#2707 = CARTESIAN_POINT('',(41.,16.,3.));
#2708 = DIRECTION('',(1.,0.,0.));
#2709 = DIRECTION('',(0.,-1.,0.));
#2710 = ADVANCED_FACE('',(#2711),#2729,.F.);
#2711 = FACE_BOUND('',#2712,.F.);
#2712 = EDGE_LOOP('',(#2713,#2721,#2727,#2728));
#2713 = ORIENTED_EDGE('',*,*,#2714,.T.);
#2714 = EDGE_CURVE('',#711,#2715,#2717,.T.);
#2715 = VERTEX_POINT('',#2716);
#2716 = CARTESIAN_POINT('',(44.,16.,7.));
#2717 = LINE('',#2718,#2719);
#2718 = CARTESIAN_POINT('',(44.,16.,3.));
#2719 = VECTOR('',#2720,1.);
#2720 = DIRECTION('',(0.,0.,1.));
#2721 = ORIENTED_EDGE('',*,*,#2722,.T.);
#2722 = EDGE_CURVE('',#2715,#2655,#2723,.T.);
#2723 = LINE('',#2724,#2725);
#2724 = CARTESIAN_POINT('',(44.,16.,7.));
#2725 = VECTOR('',#2726,1.);
#2726 = DIRECTION('',(-1.,0.,0.));
#2727 = ORIENTED_EDGE('',*,*,#2654,.F.);
#2728 = ORIENTED_EDGE('',*,*,#710,.F.);
#2729 = PLANE('',#2730);
#2730 = AXIS2_PLACEMENT_3D('',#2731,#2732,#2733);
#2731 = CARTESIAN_POINT('',(44.,16.,3.));
#2732 = DIRECTION('',(0.,-1.,0.));
#2733 = DIRECTION('',(-1.,0.,0.));
#2734 = ADVANCED_FACE('',(#2735),#2753,.F.);
#2735 = FACE_BOUND('',#2736,.F.);
#2736 = EDGE_LOOP('',(#2737,#2738,#2746,#2752));
#2737 = ORIENTED_EDGE('',*,*,#2688,.T.);
#2738 = ORIENTED_EDGE('',*,*,#2739,.T.);
#2739 = EDGE_CURVE('',#2680,#2740,#2742,.T.);
#2740 = VERTEX_POINT('',#2741);
#2741 = CARTESIAN_POINT('',(44.,6.,7.));
#2742 = LINE('',#2743,#2744);
#2743 = CARTESIAN_POINT('',(41.,6.,7.));
#2744 = VECTOR('',#2745,1.);
#2745 = DIRECTION('',(1.,0.,0.));
#2746 = ORIENTED_EDGE('',*,*,#2747,.F.);
#2747 = EDGE_CURVE('',#719,#2740,#2748,.T.);
#2748 = LINE('',#2749,#2750);
#2749 = CARTESIAN_POINT('',(44.,6.,3.));
#2750 = VECTOR('',#2751,1.);
#2751 = DIRECTION('',(0.,0.,1.));
#2752 = ORIENTED_EDGE('',*,*,#726,.F.);
#2753 = PLANE('',#2754);
#2754 = AXIS2_PLACEMENT_3D('',#2755,#2756,#2757);
#2755 = CARTESIAN_POINT('',(41.,6.,3.));
#2756 = DIRECTION('',(0.,1.,0.));
#2757 = DIRECTION('',(1.,0.,0.));
#2758 = ADVANCED_FACE('',(#2759,#2788),#2799,.F.);
#2759 = FACE_BOUND('',#2760,.F.);
#2760 = EDGE_LOOP('',(#2761,#2762,#2771,#2779,#2786,#2787));
#2761 = ORIENTED_EDGE('',*,*,#2747,.T.);
#2762 = ORIENTED_EDGE('',*,*,#2763,.T.);
#2763 = EDGE_CURVE('',#2740,#2764,#2766,.T.);
#2764 = VERTEX_POINT('',#2765);
#2765 = CARTESIAN_POINT('',(44.,10.,11.));
#2766 = CIRCLE('',#2767,4.);
#2767 = AXIS2_PLACEMENT_3D('',#2768,#2769,#2770);
#2768 = CARTESIAN_POINT('',(44.,10.,7.));
#2769 = DIRECTION('',(-1.,0.,0.));
#2770 = DIRECTION('',(0.,0.,1.));
#2771 = ORIENTED_EDGE('',*,*,#2772,.T.);
#2772 = EDGE_CURVE('',#2764,#2773,#2775,.T.);
#2773 = VERTEX_POINT('',#2774);
#2774 = CARTESIAN_POINT('',(44.,12.,11.));
#2775 = LINE('',#2776,#2777);
#2776 = CARTESIAN_POINT('',(44.,6.,11.));
#2777 = VECTOR('',#2778,1.);
#2778 = DIRECTION('',(0.,1.,0.));
#2779 = ORIENTED_EDGE('',*,*,#2780,.F.);
#2780 = EDGE_CURVE('',#2715,#2773,#2781,.T.);
#2781 = CIRCLE('',#2782,4.);
#2782 = AXIS2_PLACEMENT_3D('',#2783,#2784,#2785);
#2783 = CARTESIAN_POINT('',(44.,12.,7.));
#2784 = DIRECTION('',(1.,-0.,0.));
#2785 = DIRECTION('',(0.,0.,-1.));
#2786 = ORIENTED_EDGE('',*,*,#2714,.F.);
#2787 = ORIENTED_EDGE('',*,*,#718,.F.);
#2788 = FACE_BOUND('',#2789,.F.);
#2789 = EDGE_LOOP('',(#2790));
#2790 = ORIENTED_EDGE('',*,*,#2791,.T.);
#2791 = EDGE_CURVE('',#2792,#2792,#2794,.T.);
#2792 = VERTEX_POINT('',#2793);
#2793 = CARTESIAN_POINT('',(44.,12.999999999998,7.));
#2794 = CIRCLE('',#2795,2.);
#2795 = AXIS2_PLACEMENT_3D('',#2796,#2797,#2798);
#2796 = CARTESIAN_POINT('',(44.,10.999999999998,7.));
#2797 = DIRECTION('',(1.,0.,0.));
#2798 = DIRECTION('',(0.,1.,0.));
#2799 = PLANE('',#2800);
#2800 = AXIS2_PLACEMENT_3D('',#2801,#2802,#2803);
#2801 = CARTESIAN_POINT('',(44.,6.,3.));
#2802 = DIRECTION('',(-1.,0.,0.));
#2803 = DIRECTION('',(0.,1.,0.));
#2804 = ADVANCED_FACE('',(#2805),#2811,.T.);
#2805 = FACE_BOUND('',#2806,.T.);
#2806 = EDGE_LOOP('',(#2807,#2808,#2809,#2810));
#2807 = ORIENTED_EDGE('',*,*,#2011,.T.);
#2808 = ORIENTED_EDGE('',*,*,#856,.T.);
#2809 = ORIENTED_EDGE('',*,*,#891,.T.);
#2810 = ORIENTED_EDGE('',*,*,#924,.T.);
#2811 = PLANE('',#2812);
#2812 = AXIS2_PLACEMENT_3D('',#2813,#2814,#2815);
#2813 = CARTESIAN_POINT('',(0.,0.,9.));
#2814 = DIRECTION('',(0.,0.,1.));
#2815 = DIRECTION('',(1.,0.,0.));
#2816 = ADVANCED_FACE('',(#2817),#2828,.F.);
#2817 = FACE_BOUND('',#2818,.F.);
#2818 = EDGE_LOOP('',(#2819,#2825,#2826,#2827));
#2819 = ORIENTED_EDGE('',*,*,#2820,.T.);
#2820 = EDGE_CURVE('',#949,#874,#2821,.T.);
#2821 = LINE('',#2822,#2823);
#2822 = CARTESIAN_POINT('',(-43.9,29.,5.));
#2823 = VECTOR('',#2824,1.);
#2824 = DIRECTION('',(0.,-1.,2.2E-16));
#2825 = ORIENTED_EDGE('',*,*,#873,.T.);
#2826 = ORIENTED_EDGE('',*,*,#2820,.F.);
#2827 = ORIENTED_EDGE('',*,*,#948,.F.);
#2828 = CYLINDRICAL_SURFACE('',#2829,1.4);
#2829 = AXIS2_PLACEMENT_3D('',#2830,#2831,#2832);
#2830 = CARTESIAN_POINT('',(-42.5,29.,5.));
#2831 = DIRECTION('',(0.,1.,-2.2E-16));
#2832 = DIRECTION('',(-1.,0.,0.));
#2833 = ADVANCED_FACE('',(#2834,#2864,#2875,#2880,#2885,#2896,#2901),
  #2906,.T.);
#2834 = FACE_BOUND('',#2835,.T.);
#2835 = EDGE_LOOP('',(#2836,#2837,#2838,#2839,#2840,#2841,#2842,#2843,
    #2844,#2845,#2846,#2847,#2848,#2849,#2850,#2851,#2852,#2853,#2854,
    #2855,#2856,#2857,#2858,#2859,#2860,#2861,#2862,#2863));
#2836 = ORIENTED_EDGE('',*,*,#1972,.T.);
#2837 = ORIENTED_EDGE('',*,*,#940,.T.);
#2838 = ORIENTED_EDGE('',*,*,#975,.T.);
#2839 = ORIENTED_EDGE('',*,*,#999,.T.);
#2840 = ORIENTED_EDGE('',*,*,#1023,.T.);
#2841 = ORIENTED_EDGE('',*,*,#1047,.T.);
#2842 = ORIENTED_EDGE('',*,*,#1071,.T.);
#2843 = ORIENTED_EDGE('',*,*,#1095,.T.);
#2844 = ORIENTED_EDGE('',*,*,#1119,.T.);
#2845 = ORIENTED_EDGE('',*,*,#1143,.T.);
#2846 = ORIENTED_EDGE('',*,*,#1167,.T.);
#2847 = ORIENTED_EDGE('',*,*,#1191,.T.);
#2848 = ORIENTED_EDGE('',*,*,#1215,.T.);
#2849 = ORIENTED_EDGE('',*,*,#1255,.T.);
#2850 = ORIENTED_EDGE('',*,*,#1395,.T.);
#2851 = ORIENTED_EDGE('',*,*,#1563,.F.);
#2852 = ORIENTED_EDGE('',*,*,#1607,.F.);
#2853 = ORIENTED_EDGE('',*,*,#1631,.F.);
#2854 = ORIENTED_EDGE('',*,*,#1655,.F.);
#2855 = ORIENTED_EDGE('',*,*,#1679,.F.);
#2856 = ORIENTED_EDGE('',*,*,#1703,.F.);
#2857 = ORIENTED_EDGE('',*,*,#1727,.F.);
#2858 = ORIENTED_EDGE('',*,*,#1751,.F.);
#2859 = ORIENTED_EDGE('',*,*,#1775,.F.);
#2860 = ORIENTED_EDGE('',*,*,#1799,.F.);
#2861 = ORIENTED_EDGE('',*,*,#1823,.F.);
#2862 = ORIENTED_EDGE('',*,*,#1847,.F.);
#2863 = ORIENTED_EDGE('',*,*,#1871,.F.);
#2864 = FACE_BOUND('',#2865,.T.);
#2865 = EDGE_LOOP('',(#2866));
#2866 = ORIENTED_EDGE('',*,*,#2867,.T.);
#2867 = EDGE_CURVE('',#2868,#2868,#2870,.T.);
#2868 = VERTEX_POINT('',#2869);
#2869 = CARTESIAN_POINT('',(-16.6,-24.,0.));
#2870 = CIRCLE('',#2871,1.4);
#2871 = AXIS2_PLACEMENT_3D('',#2872,#2873,#2874);
#2872 = CARTESIAN_POINT('',(-18.,-24.,0.));
#2873 = DIRECTION('',(0.,0.,1.));
#2874 = DIRECTION('',(1.,0.,0.));
#2875 = FACE_BOUND('',#2876,.T.);
#2876 = EDGE_LOOP('',(#2877,#2878,#2879));
#2877 = ORIENTED_EDGE('',*,*,#2597,.T.);
#2878 = ORIENTED_EDGE('',*,*,#2614,.T.);
#2879 = ORIENTED_EDGE('',*,*,#2566,.T.);
#2880 = FACE_BOUND('',#2881,.T.);
#2881 = EDGE_LOOP('',(#2882,#2883,#2884));
#2882 = ORIENTED_EDGE('',*,*,#2274,.T.);
#2883 = ORIENTED_EDGE('',*,*,#2291,.T.);
#2884 = ORIENTED_EDGE('',*,*,#2243,.T.);
#2885 = FACE_BOUND('',#2886,.T.);
#2886 = EDGE_LOOP('',(#2887));
#2887 = ORIENTED_EDGE('',*,*,#2888,.T.);
#2888 = EDGE_CURVE('',#2889,#2889,#2891,.T.);
#2889 = VERTEX_POINT('',#2890);
#2890 = CARTESIAN_POINT('',(35.65,8.5,0.));
#2891 = CIRCLE('',#2892,1.4);
#2892 = AXIS2_PLACEMENT_3D('',#2893,#2894,#2895);
#2893 = CARTESIAN_POINT('',(34.25,8.5,0.));
#2894 = DIRECTION('',(0.,0.,1.));
#2895 = DIRECTION('',(1.,0.,0.));
#2896 = FACE_BOUND('',#2897,.T.);
#2897 = EDGE_LOOP('',(#2898,#2899,#2900));
#2898 = ORIENTED_EDGE('',*,*,#2146,.F.);
#2899 = ORIENTED_EDGE('',*,*,#2194,.F.);
#2900 = ORIENTED_EDGE('',*,*,#2177,.F.);
#2901 = FACE_BOUND('',#2902,.T.);
#2902 = EDGE_LOOP('',(#2903,#2904,#2905));
#2903 = ORIENTED_EDGE('',*,*,#2469,.F.);
#2904 = ORIENTED_EDGE('',*,*,#2517,.F.);
#2905 = ORIENTED_EDGE('',*,*,#2500,.F.);
#2906 = PLANE('',#2907);
#2907 = AXIS2_PLACEMENT_3D('',#2908,#2909,#2910);
#2908 = CARTESIAN_POINT('',(0.,0.,0.));
#2909 = DIRECTION('',(-0.,-0.,-1.));
#2910 = DIRECTION('',(-1.,0.,0.));
#2911 = ADVANCED_FACE('',(#2912),#2918,.T.);
#2912 = FACE_BOUND('',#2913,.T.);
#2913 = EDGE_LOOP('',(#2914,#2915,#2916,#2917));
#2914 = ORIENTED_EDGE('',*,*,#1239,.T.);
#2915 = ORIENTED_EDGE('',*,*,#1281,.T.);
#2916 = ORIENTED_EDGE('',*,*,#1305,.T.);
#2917 = ORIENTED_EDGE('',*,*,#1340,.T.);
#2918 = PLANE('',#2919);
#2919 = AXIS2_PLACEMENT_3D('',#2920,#2921,#2922);
#2920 = CARTESIAN_POINT('',(0.,0.,9.));
#2921 = DIRECTION('',(0.,0.,1.));
#2922 = DIRECTION('',(1.,0.,0.));
#2923 = ADVANCED_FACE('',(#2924),#2935,.F.);
#2924 = FACE_BOUND('',#2925,.F.);
#2925 = EDGE_LOOP('',(#2926,#2932,#2933,#2934));
#2926 = ORIENTED_EDGE('',*,*,#2927,.T.);
#2927 = EDGE_CURVE('',#1264,#1323,#2928,.T.);
#2928 = LINE('',#2929,#2930);
#2929 = CARTESIAN_POINT('',(41.1,29.,5.));
#2930 = VECTOR('',#2931,1.);
#2931 = DIRECTION('',(0.,-1.,2.2E-16));
#2932 = ORIENTED_EDGE('',*,*,#1322,.T.);
#2933 = ORIENTED_EDGE('',*,*,#2927,.F.);
#2934 = ORIENTED_EDGE('',*,*,#1263,.F.);
#2935 = CYLINDRICAL_SURFACE('',#2936,1.4);
#2936 = AXIS2_PLACEMENT_3D('',#2937,#2938,#2939);
#2937 = CARTESIAN_POINT('',(42.5,29.,5.));
#2938 = DIRECTION('',(0.,1.,-2.2E-16));
#2939 = DIRECTION('',(-1.,0.,0.));
#2940 = ADVANCED_FACE('',(#2941),#2947,.T.);
#2941 = FACE_BOUND('',#2942,.T.);
#2942 = EDGE_LOOP('',(#2943,#2944,#2945,#2946));
#2943 = ORIENTED_EDGE('',*,*,#1379,.T.);
#2944 = ORIENTED_EDGE('',*,*,#1497,.T.);
#2945 = ORIENTED_EDGE('',*,*,#1532,.T.);
#2946 = ORIENTED_EDGE('',*,*,#1570,.T.);
#2947 = PLANE('',#2948);
#2948 = AXIS2_PLACEMENT_3D('',#2949,#2950,#2951);
#2949 = CARTESIAN_POINT('',(0.,0.,9.));
#2950 = DIRECTION('',(0.,0.,1.));
#2951 = DIRECTION('',(1.,0.,0.));
#2952 = ADVANCED_FACE('',(#2953),#2959,.T.);
#2953 = FACE_BOUND('',#2954,.T.);
#2954 = EDGE_LOOP('',(#2955,#2956,#2957,#2958));
#2955 = ORIENTED_EDGE('',*,*,#1421,.T.);
#2956 = ORIENTED_EDGE('',*,*,#1445,.T.);
#2957 = ORIENTED_EDGE('',*,*,#1480,.T.);
#2958 = ORIENTED_EDGE('',*,*,#1356,.T.);
#2959 = PLANE('',#2960);
#2960 = AXIS2_PLACEMENT_3D('',#2961,#2962,#2963);
#2961 = CARTESIAN_POINT('',(3.219017E-11,0.,7.));
#2962 = DIRECTION('',(0.,0.,1.));
#2963 = DIRECTION('',(1.,0.,0.));
#2964 = ADVANCED_FACE('',(#2965),#2976,.F.);
#2965 = FACE_BOUND('',#2966,.F.);
#2966 = EDGE_LOOP('',(#2967,#2968,#2974,#2975));
#2967 = ORIENTED_EDGE('',*,*,#1403,.F.);
#2968 = ORIENTED_EDGE('',*,*,#2969,.T.);
#2969 = EDGE_CURVE('',#1404,#1463,#2970,.T.);
#2970 = LINE('',#2971,#2972);
#2971 = CARTESIAN_POINT('',(47.,1.4,4.5));
#2972 = VECTOR('',#2973,1.);
#2973 = DIRECTION('',(-1.,-0.,-0.));
#2974 = ORIENTED_EDGE('',*,*,#1462,.T.);
#2975 = ORIENTED_EDGE('',*,*,#2969,.F.);
#2976 = CYLINDRICAL_SURFACE('',#2977,1.4);
#2977 = AXIS2_PLACEMENT_3D('',#2978,#2979,#2980);
#2978 = CARTESIAN_POINT('',(47.,0.,4.5));
#2979 = DIRECTION('',(1.,0.,0.));
#2980 = DIRECTION('',(-0.,1.,0.));
#2981 = ADVANCED_FACE('',(#2982),#2993,.F.);
#2982 = FACE_BOUND('',#2983,.F.);
#2983 = EDGE_LOOP('',(#2984,#2990,#2991,#2992));
#2984 = ORIENTED_EDGE('',*,*,#2985,.T.);
#2985 = EDGE_CURVE('',#1581,#1515,#2986,.T.);
#2986 = LINE('',#2987,#2988);
#2987 = CARTESIAN_POINT('',(43.9,-29.,5.));
#2988 = VECTOR('',#2989,1.);
#2989 = DIRECTION('',(0.,1.,-2.2E-16));
#2990 = ORIENTED_EDGE('',*,*,#1514,.T.);
#2991 = ORIENTED_EDGE('',*,*,#2985,.F.);
#2992 = ORIENTED_EDGE('',*,*,#1580,.F.);
#2993 = CYLINDRICAL_SURFACE('',#2994,1.4);
#2994 = AXIS2_PLACEMENT_3D('',#2995,#2996,#2997);
#2995 = CARTESIAN_POINT('',(42.5,-29.,5.));
#2996 = DIRECTION('',(0.,-1.,2.2E-16));
#2997 = DIRECTION('',(1.,0.,0.));
#2998 = ADVANCED_FACE('',(#2999),#3005,.T.);
#2999 = FACE_BOUND('',#3000,.T.);
#3000 = EDGE_LOOP('',(#3001,#3002,#3003,#3004));
#3001 = ORIENTED_EDGE('',*,*,#1887,.T.);
#3002 = ORIENTED_EDGE('',*,*,#1913,.T.);
#3003 = ORIENTED_EDGE('',*,*,#1937,.T.);
#3004 = ORIENTED_EDGE('',*,*,#1979,.T.);
#3005 = PLANE('',#3006);
#3006 = AXIS2_PLACEMENT_3D('',#3007,#3008,#3009);
#3007 = CARTESIAN_POINT('',(0.,0.,9.));
#3008 = DIRECTION('',(0.,0.,1.));
#3009 = DIRECTION('',(1.,0.,0.));
#3010 = ADVANCED_FACE('',(#3011),#3022,.F.);
#3011 = FACE_BOUND('',#3012,.F.);
#3012 = EDGE_LOOP('',(#3013,#3019,#3020,#3021));
#3013 = ORIENTED_EDGE('',*,*,#3014,.T.);
#3014 = EDGE_CURVE('',#1896,#1955,#3015,.T.);
#3015 = LINE('',#3016,#3017);
#3016 = CARTESIAN_POINT('',(-41.1,-29.,5.));
#3017 = VECTOR('',#3018,1.);
#3018 = DIRECTION('',(0.,1.,-2.2E-16));
#3019 = ORIENTED_EDGE('',*,*,#1954,.T.);
#3020 = ORIENTED_EDGE('',*,*,#3014,.F.);
#3021 = ORIENTED_EDGE('',*,*,#1895,.F.);
#3022 = CYLINDRICAL_SURFACE('',#3023,1.4);
#3023 = AXIS2_PLACEMENT_3D('',#3024,#3025,#3026);
#3024 = CARTESIAN_POINT('',(-42.5,-29.,5.));
#3025 = DIRECTION('',(0.,-1.,2.2E-16));
#3026 = DIRECTION('',(1.,0.,0.));
#3027 = ADVANCED_FACE('',(#3028),#3034,.T.);
#3028 = FACE_BOUND('',#3029,.T.);
#3029 = EDGE_LOOP('',(#3030,#3031,#3032,#3033));
#3030 = ORIENTED_EDGE('',*,*,#1995,.T.);
#3031 = ORIENTED_EDGE('',*,*,#2037,.T.);
#3032 = ORIENTED_EDGE('',*,*,#2061,.T.);
#3033 = ORIENTED_EDGE('',*,*,#2096,.T.);
#3034 = PLANE('',#3035);
#3035 = AXIS2_PLACEMENT_3D('',#3036,#3037,#3038);
#3036 = CARTESIAN_POINT('',(3.219017E-11,0.,7.));
#3037 = DIRECTION('',(0.,0.,1.));
#3038 = DIRECTION('',(1.,0.,0.));
#3039 = ADVANCED_FACE('',(#3040),#3051,.F.);
#3040 = FACE_BOUND('',#3041,.F.);
#3041 = EDGE_LOOP('',(#3042,#3048,#3049,#3050));
#3042 = ORIENTED_EDGE('',*,*,#3043,.T.);
#3043 = EDGE_CURVE('',#2020,#2079,#3044,.T.);
#3044 = LINE('',#3045,#3046);
#3045 = CARTESIAN_POINT('',(-47.,-1.4,4.5));
#3046 = VECTOR('',#3047,1.);
#3047 = DIRECTION('',(1.,0.,0.));
#3048 = ORIENTED_EDGE('',*,*,#2078,.T.);
#3049 = ORIENTED_EDGE('',*,*,#3043,.F.);
#3050 = ORIENTED_EDGE('',*,*,#2019,.F.);
#3051 = CYLINDRICAL_SURFACE('',#3052,1.4);
#3052 = AXIS2_PLACEMENT_3D('',#3053,#3054,#3055);
#3053 = CARTESIAN_POINT('',(-47.,0.,4.5));
#3054 = DIRECTION('',(-1.,0.,0.));
#3055 = DIRECTION('',(0.,-1.,0.));
#3056 = ADVANCED_FACE('',(#3057,#3060),#3071,.T.);
#3057 = FACE_BOUND('',#3058,.T.);
#3058 = EDGE_LOOP('',(#3059));
#3059 = ORIENTED_EDGE('',*,*,#2120,.T.);
#3060 = FACE_BOUND('',#3061,.F.);
#3061 = EDGE_LOOP('',(#3062));
#3062 = ORIENTED_EDGE('',*,*,#3063,.T.);
#3063 = EDGE_CURVE('',#3064,#3064,#3066,.T.);
#3064 = VERTEX_POINT('',#3065);
#3065 = CARTESIAN_POINT('',(-16.6,-24.,6.5));
#3066 = CIRCLE('',#3067,1.4);
#3067 = AXIS2_PLACEMENT_3D('',#3068,#3069,#3070);
#3068 = CARTESIAN_POINT('',(-18.,-24.,6.5));
#3069 = DIRECTION('',(0.,0.,1.));
#3070 = DIRECTION('',(1.,0.,0.));
#3071 = PLANE('',#3072);
#3072 = AXIS2_PLACEMENT_3D('',#3073,#3074,#3075);
#3073 = CARTESIAN_POINT('',(8.450203252033,-4.376016260163,6.5));
#3074 = DIRECTION('',(0.,0.,1.));
#3075 = DIRECTION('',(1.,0.,0.));
#3076 = ADVANCED_FACE('',(#3077,#3080),#3091,.T.);
#3077 = FACE_BOUND('',#3078,.T.);
#3078 = EDGE_LOOP('',(#3079));
#3079 = ORIENTED_EDGE('',*,*,#2217,.T.);
#3080 = FACE_BOUND('',#3081,.T.);
#3081 = EDGE_LOOP('',(#3082));
#3082 = ORIENTED_EDGE('',*,*,#3083,.F.);
#3083 = EDGE_CURVE('',#3084,#3084,#3086,.T.);
#3084 = VERTEX_POINT('',#3085);
#3085 = CARTESIAN_POINT('',(35.65,-19.5,6.5));
#3086 = CIRCLE('',#3087,1.4);
#3087 = AXIS2_PLACEMENT_3D('',#3088,#3089,#3090);
#3088 = CARTESIAN_POINT('',(34.25,-19.5,6.5));
#3089 = DIRECTION('',(0.,0.,1.));
#3090 = DIRECTION('',(1.,0.,0.));
#3091 = PLANE('',#3092);
#3092 = AXIS2_PLACEMENT_3D('',#3093,#3094,#3095);
#3093 = CARTESIAN_POINT('',(8.450203252033,-4.376016260163,6.5));
#3094 = DIRECTION('',(0.,0.,1.));
#3095 = DIRECTION('',(1.,0.,0.));
#3096 = ADVANCED_FACE('',(#3097),#3108,.T.);
#3097 = FACE_BOUND('',#3098,.F.);
#3098 = EDGE_LOOP('',(#3099,#3100,#3106,#3107));
#3099 = ORIENTED_EDGE('',*,*,#2432,.T.);
#3100 = ORIENTED_EDGE('',*,*,#3101,.T.);
#3101 = EDGE_CURVE('',#2425,#2315,#3102,.T.);
#3102 = LINE('',#3103,#3104);
#3103 = CARTESIAN_POINT('',(44.,-10.,11.));
#3104 = VECTOR('',#3105,1.);
#3105 = DIRECTION('',(-1.,0.,0.));
#3106 = ORIENTED_EDGE('',*,*,#2314,.F.);
#3107 = ORIENTED_EDGE('',*,*,#2374,.F.);
#3108 = CYLINDRICAL_SURFACE('',#3109,4.);
#3109 = AXIS2_PLACEMENT_3D('',#3110,#3111,#3112);
#3110 = CARTESIAN_POINT('',(44.,-10.,7.));
#3111 = DIRECTION('',(-1.,0.,0.));
#3112 = DIRECTION('',(0.,1.,0.));
#3113 = ADVANCED_FACE('',(#3114),#3125,.T.);
#3114 = FACE_BOUND('',#3115,.T.);
#3115 = EDGE_LOOP('',(#3116,#3117,#3123,#3124));
#3116 = ORIENTED_EDGE('',*,*,#2323,.T.);
#3117 = ORIENTED_EDGE('',*,*,#3118,.T.);
#3118 = EDGE_CURVE('',#2324,#2416,#3119,.T.);
#3119 = LINE('',#3120,#3121);
#3120 = CARTESIAN_POINT('',(41.,-11.99999999999,11.));
#3121 = VECTOR('',#3122,1.);
#3122 = DIRECTION('',(1.,0.,0.));
#3123 = ORIENTED_EDGE('',*,*,#2424,.T.);
#3124 = ORIENTED_EDGE('',*,*,#3101,.T.);
#3125 = PLANE('',#3126);
#3126 = AXIS2_PLACEMENT_3D('',#3127,#3128,#3129);
#3127 = CARTESIAN_POINT('',(14.166666666672,-3.666666666664,11.));
#3128 = DIRECTION('',(0.,0.,1.));
#3129 = DIRECTION('',(1.,0.,0.));
#3130 = ADVANCED_FACE('',(#3131),#3137,.T.);
#3131 = FACE_BOUND('',#3132,.F.);
#3132 = EDGE_LOOP('',(#3133,#3134,#3135,#3136));
#3133 = ORIENTED_EDGE('',*,*,#2331,.T.);
#3134 = ORIENTED_EDGE('',*,*,#3118,.T.);
#3135 = ORIENTED_EDGE('',*,*,#2415,.F.);
#3136 = ORIENTED_EDGE('',*,*,#2391,.F.);
#3137 = CYLINDRICAL_SURFACE('',#3138,4.);
#3138 = AXIS2_PLACEMENT_3D('',#3139,#3140,#3141);
#3139 = CARTESIAN_POINT('',(41.,-11.99999999999,7.));
#3140 = DIRECTION('',(1.,0.,0.));
#3141 = DIRECTION('',(0.,-1.,0.));
#3142 = ADVANCED_FACE('',(#3143),#3154,.F.);
#3143 = FACE_BOUND('',#3144,.F.);
#3144 = EDGE_LOOP('',(#3145,#3146,#3152,#3153));
#3145 = ORIENTED_EDGE('',*,*,#2443,.F.);
#3146 = ORIENTED_EDGE('',*,*,#3147,.T.);
#3147 = EDGE_CURVE('',#2444,#2350,#3148,.T.);
#3148 = LINE('',#3149,#3150);
#3149 = CARTESIAN_POINT('',(44.,-8.999999999998,7.));
#3150 = VECTOR('',#3151,1.);
#3151 = DIRECTION('',(-1.,-0.,-0.));
#3152 = ORIENTED_EDGE('',*,*,#2349,.T.);
#3153 = ORIENTED_EDGE('',*,*,#3147,.F.);
#3154 = CYLINDRICAL_SURFACE('',#3155,2.);
#3155 = AXIS2_PLACEMENT_3D('',#3156,#3157,#3158);
#3156 = CARTESIAN_POINT('',(44.,-10.99999999999,7.));
#3157 = DIRECTION('',(1.,0.,0.));
#3158 = DIRECTION('',(0.,1.,0.));
#3159 = ADVANCED_FACE('',(#3160,#3163),#3174,.T.);
#3160 = FACE_BOUND('',#3161,.T.);
#3161 = EDGE_LOOP('',(#3162));
#3162 = ORIENTED_EDGE('',*,*,#2540,.T.);
#3163 = FACE_BOUND('',#3164,.T.);
#3164 = EDGE_LOOP('',(#3165));
#3165 = ORIENTED_EDGE('',*,*,#3166,.F.);
#3166 = EDGE_CURVE('',#3167,#3167,#3169,.T.);
#3167 = VERTEX_POINT('',#3168);
#3168 = CARTESIAN_POINT('',(-14.6,24.75,6.5));
#3169 = CIRCLE('',#3170,1.4);
#3170 = AXIS2_PLACEMENT_3D('',#3171,#3172,#3173);
#3171 = CARTESIAN_POINT('',(-16.,24.75,6.5));
#3172 = DIRECTION('',(0.,0.,1.));
#3173 = DIRECTION('',(1.,0.,0.));
#3174 = PLANE('',#3175);
#3175 = AXIS2_PLACEMENT_3D('',#3176,#3177,#3178);
#3176 = CARTESIAN_POINT('',(8.450203252033,-4.376016260163,6.5));
#3177 = DIRECTION('',(0.,0.,1.));
#3178 = DIRECTION('',(1.,0.,0.));
#3179 = ADVANCED_FACE('',(#3180,#3183),#3194,.T.);
#3180 = FACE_BOUND('',#3181,.T.);
#3181 = EDGE_LOOP('',(#3182));
#3182 = ORIENTED_EDGE('',*,*,#2637,.T.);
#3183 = FACE_BOUND('',#3184,.F.);
#3184 = EDGE_LOOP('',(#3185));
#3185 = ORIENTED_EDGE('',*,*,#3186,.T.);
#3186 = EDGE_CURVE('',#3187,#3187,#3189,.T.);
#3187 = VERTEX_POINT('',#3188);
#3188 = CARTESIAN_POINT('',(35.65,8.5,6.5));
#3189 = CIRCLE('',#3190,1.4);
#3190 = AXIS2_PLACEMENT_3D('',#3191,#3192,#3193);
#3191 = CARTESIAN_POINT('',(34.25,8.5,6.5));
#3192 = DIRECTION('',(0.,0.,1.));
#3193 = DIRECTION('',(1.,0.,0.));
#3194 = PLANE('',#3195);
#3195 = AXIS2_PLACEMENT_3D('',#3196,#3197,#3198);
#3196 = CARTESIAN_POINT('',(8.450203252033,-4.376016260163,6.5));
#3197 = DIRECTION('',(0.,0.,1.));
#3198 = DIRECTION('',(1.,0.,0.));
#3199 = ADVANCED_FACE('',(#3200),#3211,.T.);
#3200 = FACE_BOUND('',#3201,.F.);
#3201 = EDGE_LOOP('',(#3202,#3203,#3209,#3210));
#3202 = ORIENTED_EDGE('',*,*,#2780,.T.);
#3203 = ORIENTED_EDGE('',*,*,#3204,.T.);
#3204 = EDGE_CURVE('',#2773,#2663,#3205,.T.);
#3205 = LINE('',#3206,#3207);
#3206 = CARTESIAN_POINT('',(44.,12.,11.));
#3207 = VECTOR('',#3208,1.);
#3208 = DIRECTION('',(-1.,0.,0.));
#3209 = ORIENTED_EDGE('',*,*,#2662,.F.);
#3210 = ORIENTED_EDGE('',*,*,#2722,.F.);
#3211 = CYLINDRICAL_SURFACE('',#3212,4.);
#3212 = AXIS2_PLACEMENT_3D('',#3213,#3214,#3215);
#3213 = CARTESIAN_POINT('',(44.,12.,7.));
#3214 = DIRECTION('',(-1.,0.,0.));
#3215 = DIRECTION('',(0.,1.,0.));
#3216 = ADVANCED_FACE('',(#3217),#3228,.T.);
#3217 = FACE_BOUND('',#3218,.T.);
#3218 = EDGE_LOOP('',(#3219,#3220,#3226,#3227));
#3219 = ORIENTED_EDGE('',*,*,#2671,.T.);
#3220 = ORIENTED_EDGE('',*,*,#3221,.T.);
#3221 = EDGE_CURVE('',#2672,#2764,#3222,.T.);
#3222 = LINE('',#3223,#3224);
#3223 = CARTESIAN_POINT('',(41.,10.,11.));
#3224 = VECTOR('',#3225,1.);
#3225 = DIRECTION('',(1.,0.,0.));
#3226 = ORIENTED_EDGE('',*,*,#2772,.T.);
#3227 = ORIENTED_EDGE('',*,*,#3204,.T.);
#3228 = PLANE('',#3229);
#3229 = AXIS2_PLACEMENT_3D('',#3230,#3231,#3232);
#3230 = CARTESIAN_POINT('',(14.166666666672,-3.666666666664,11.));
#3231 = DIRECTION('',(0.,0.,1.));
#3232 = DIRECTION('',(1.,0.,0.));
#3233 = ADVANCED_FACE('',(#3234),#3240,.T.);
#3234 = FACE_BOUND('',#3235,.F.);
#3235 = EDGE_LOOP('',(#3236,#3237,#3238,#3239));
#3236 = ORIENTED_EDGE('',*,*,#2679,.T.);
#3237 = ORIENTED_EDGE('',*,*,#3221,.T.);
#3238 = ORIENTED_EDGE('',*,*,#2763,.F.);
#3239 = ORIENTED_EDGE('',*,*,#2739,.F.);
#3240 = CYLINDRICAL_SURFACE('',#3241,4.);
#3241 = AXIS2_PLACEMENT_3D('',#3242,#3243,#3244);
#3242 = CARTESIAN_POINT('',(41.,10.,7.));
#3243 = DIRECTION('',(1.,0.,0.));
#3244 = DIRECTION('',(0.,-1.,0.));
#3245 = ADVANCED_FACE('',(#3246),#3257,.F.);
#3246 = FACE_BOUND('',#3247,.F.);
#3247 = EDGE_LOOP('',(#3248,#3249,#3255,#3256));
#3248 = ORIENTED_EDGE('',*,*,#2791,.F.);
#3249 = ORIENTED_EDGE('',*,*,#3250,.T.);
#3250 = EDGE_CURVE('',#2792,#2698,#3251,.T.);
#3251 = LINE('',#3252,#3253);
#3252 = CARTESIAN_POINT('',(44.,12.999999999998,7.));
#3253 = VECTOR('',#3254,1.);
#3254 = DIRECTION('',(-1.,-0.,-0.));
#3255 = ORIENTED_EDGE('',*,*,#2697,.T.);
#3256 = ORIENTED_EDGE('',*,*,#3250,.F.);
#3257 = CYLINDRICAL_SURFACE('',#3258,2.);
#3258 = AXIS2_PLACEMENT_3D('',#3259,#3260,#3261);
#3259 = CARTESIAN_POINT('',(44.,10.999999999998,7.));
#3260 = DIRECTION('',(1.,0.,0.));
#3261 = DIRECTION('',(0.,1.,0.));
#3262 = ADVANCED_FACE('',(#3263),#3273,.F.);
#3263 = FACE_BOUND('',#3264,.F.);
#3264 = EDGE_LOOP('',(#3265,#3266,#3271,#3272));
#3265 = ORIENTED_EDGE('',*,*,#3063,.F.);
#3266 = ORIENTED_EDGE('',*,*,#3267,.F.);
#3267 = EDGE_CURVE('',#2868,#3064,#3268,.T.);
#3268 = B_SPLINE_CURVE_WITH_KNOTS('',1,(#3269,#3270),.UNSPECIFIED.,.F.,
  .F.,(2,2),(-3.,3.5),.PIECEWISE_BEZIER_KNOTS.);
#3269 = CARTESIAN_POINT('',(-16.6,-24.,0.));
#3270 = CARTESIAN_POINT('',(-16.6,-24.,6.5));
#3271 = ORIENTED_EDGE('',*,*,#2867,.T.);
#3272 = ORIENTED_EDGE('',*,*,#3267,.T.);
#3273 = CYLINDRICAL_SURFACE('',#3274,1.4);
#3274 = AXIS2_PLACEMENT_3D('',#3275,#3276,#3277);
#3275 = CARTESIAN_POINT('',(-18.,-24.,3.));
#3276 = DIRECTION('',(0.,0.,1.));
#3277 = DIRECTION('',(1.,0.,0.));
#3278 = ADVANCED_FACE('',(#3279),#3289,.F.);
#3279 = FACE_BOUND('',#3280,.F.);
#3280 = EDGE_LOOP('',(#3281,#3282,#3287,#3288));
#3281 = ORIENTED_EDGE('',*,*,#3186,.F.);
#3282 = ORIENTED_EDGE('',*,*,#3283,.F.);
#3283 = EDGE_CURVE('',#2889,#3187,#3284,.T.);
#3284 = B_SPLINE_CURVE_WITH_KNOTS('',1,(#3285,#3286),.UNSPECIFIED.,.F.,
  .F.,(2,2),(-3.,3.5),.PIECEWISE_BEZIER_KNOTS.);
#3285 = CARTESIAN_POINT('',(35.65,8.5,0.));
#3286 = CARTESIAN_POINT('',(35.65,8.5,6.5));
#3287 = ORIENTED_EDGE('',*,*,#2888,.T.);
#3288 = ORIENTED_EDGE('',*,*,#3283,.T.);
#3289 = CYLINDRICAL_SURFACE('',#3290,1.4);
#3290 = AXIS2_PLACEMENT_3D('',#3291,#3292,#3293);
#3291 = CARTESIAN_POINT('',(34.25,8.5,3.));
#3292 = DIRECTION('',(0.,0.,1.));
#3293 = DIRECTION('',(1.,0.,0.));
#3294 = ADVANCED_FACE('',(#3295),#3314,.T.);
#3295 = FACE_BOUND('',#3296,.F.);
#3296 = EDGE_LOOP('',(#3297,#3305,#3312,#3313));
#3297 = ORIENTED_EDGE('',*,*,#3298,.T.);
#3298 = EDGE_CURVE('',#3084,#3299,#3301,.T.);
#3299 = VERTEX_POINT('',#3300);
#3300 = CARTESIAN_POINT('',(35.65,-19.5,8.5));
#3301 = LINE('',#3302,#3303);
#3302 = CARTESIAN_POINT('',(35.65,-19.5,6.5));
#3303 = VECTOR('',#3304,1.);
#3304 = DIRECTION('',(0.,0.,1.));
#3305 = ORIENTED_EDGE('',*,*,#3306,.T.);
#3306 = EDGE_CURVE('',#3299,#3299,#3307,.T.);
#3307 = CIRCLE('',#3308,1.4);
#3308 = AXIS2_PLACEMENT_3D('',#3309,#3310,#3311);
#3309 = CARTESIAN_POINT('',(34.25,-19.5,8.5));
#3310 = DIRECTION('',(0.,0.,1.));
#3311 = DIRECTION('',(1.,0.,0.));
#3312 = ORIENTED_EDGE('',*,*,#3298,.F.);
#3313 = ORIENTED_EDGE('',*,*,#3083,.F.);
#3314 = CYLINDRICAL_SURFACE('',#3315,1.4);
#3315 = AXIS2_PLACEMENT_3D('',#3316,#3317,#3318);
#3316 = CARTESIAN_POINT('',(34.25,-19.5,6.5));
#3317 = DIRECTION('',(-0.,-0.,-1.));
#3318 = DIRECTION('',(1.,0.,0.));
#3319 = ADVANCED_FACE('',(#3320),#3339,.T.);
#3320 = FACE_BOUND('',#3321,.F.);
#3321 = EDGE_LOOP('',(#3322,#3330,#3337,#3338));
#3322 = ORIENTED_EDGE('',*,*,#3323,.T.);
#3323 = EDGE_CURVE('',#3167,#3324,#3326,.T.);
#3324 = VERTEX_POINT('',#3325);
#3325 = CARTESIAN_POINT('',(-14.6,24.75,8.5));
#3326 = LINE('',#3327,#3328);
#3327 = CARTESIAN_POINT('',(-14.6,24.75,6.5));
#3328 = VECTOR('',#3329,1.);
#3329 = DIRECTION('',(0.,0.,1.));
#3330 = ORIENTED_EDGE('',*,*,#3331,.T.);
#3331 = EDGE_CURVE('',#3324,#3324,#3332,.T.);
#3332 = CIRCLE('',#3333,1.4);
#3333 = AXIS2_PLACEMENT_3D('',#3334,#3335,#3336);
#3334 = CARTESIAN_POINT('',(-16.,24.75,8.5));
#3335 = DIRECTION('',(0.,0.,1.));
#3336 = DIRECTION('',(1.,0.,0.));
#3337 = ORIENTED_EDGE('',*,*,#3323,.F.);
#3338 = ORIENTED_EDGE('',*,*,#3166,.F.);
#3339 = CYLINDRICAL_SURFACE('',#3340,1.4);
#3340 = AXIS2_PLACEMENT_3D('',#3341,#3342,#3343);
#3341 = CARTESIAN_POINT('',(-16.,24.75,6.5));
#3342 = DIRECTION('',(-0.,-0.,-1.));
#3343 = DIRECTION('',(1.,0.,0.));
#3344 = ADVANCED_FACE('',(#3345),#3348,.T.);
#3345 = FACE_BOUND('',#3346,.T.);
#3346 = EDGE_LOOP('',(#3347));
#3347 = ORIENTED_EDGE('',*,*,#3306,.T.);
#3348 = PLANE('',#3349);
#3349 = AXIS2_PLACEMENT_3D('',#3350,#3351,#3352);
#3350 = CARTESIAN_POINT('',(9.125,2.625,8.5));
#3351 = DIRECTION('',(0.,0.,1.));
#3352 = DIRECTION('',(1.,0.,0.));
#3353 = ADVANCED_FACE('',(#3354),#3357,.T.);
#3354 = FACE_BOUND('',#3355,.T.);
#3355 = EDGE_LOOP('',(#3356));
#3356 = ORIENTED_EDGE('',*,*,#3331,.T.);
#3357 = PLANE('',#3358);
#3358 = AXIS2_PLACEMENT_3D('',#3359,#3360,#3361);
#3359 = CARTESIAN_POINT('',(9.125,2.625,8.5));
#3360 = DIRECTION('',(0.,0.,1.));
#3361 = DIRECTION('',(1.,0.,0.));
#3362 = ( GEOMETRIC_REPRESENTATION_CONTEXT(3) 
GLOBAL_UNCERTAINTY_ASSIGNED_CONTEXT((#3366)) 
GLOBAL_UNIT_ASSIGNED_CONTEXT((#3363,#3364,#3365)) REPRESENTATION_CONTEXT
('Context #1','3D Context with UNIT and UNCERTAINTY') );
#3363 = ( LENGTH_UNIT() NAMED_UNIT(*) SI_UNIT(.MILLI.,.METRE.) );
#3364 = ( NAMED_UNIT(*) PLANE_ANGLE_UNIT() SI_UNIT($,.RADIAN.) );
#3365 = ( NAMED_UNIT(*) SI_UNIT($,.STERADIAN.) SOLID_ANGLE_UNIT() );
#3366 = UNCERTAINTY_MEASURE_WITH_UNIT(LENGTH_MEASURE(2.E-06),#3363,
  'distance_accuracy_value','confusion accuracy');
#3367 = PRODUCT_RELATED_PRODUCT_CATEGORY('part',$,(#7));
#3368 = MECHANICAL_DESIGN_GEOMETRIC_PRESENTATION_REPRESENTATION('',(
    #3369),#3362);
#3369 = STYLED_ITEM('color',(#3370),#15);
#3370 = PRESENTATION_STYLE_ASSIGNMENT((#3371,#3377));
#3371 = SURFACE_STYLE_USAGE(.BOTH.,#3372);
#3372 = SURFACE_SIDE_STYLE('',(#3373));
#3373 = SURFACE_STYLE_FILL_AREA(#3374);
#3374 = FILL_AREA_STYLE('',(#3375));
#3375 = FILL_AREA_STYLE_COLOUR('',#3376);
#3376 = COLOUR_RGB('',0.447058818107,0.474509808674,0.501960817233);
#3377 = CURVE_STYLE('',#3378,POSITIVE_LENGTH_MEASURE(0.1),#3379);
#3378 = DRAUGHTING_PRE_DEFINED_CURVE_FONT('continuous');
#3379 = COLOUR_RGB('',9.803921802644E-02,9.803921802644E-02,
  9.803921802644E-02);
ENDSEC;
END-ISO-10303-21;
