ISO-10303-21;
HEADER;
FILE_DESCRIPTION(('FreeCAD Model'),'2;1');
FILE_NAME('Open CASCADE Shape Model','2026-02-22T22:45:50',(''),(''),
  'Open CASCADE STEP processor 7.8','FreeCAD','Unknown');
FILE_SCHEMA(('AUTOMOTIVE_DESIGN { 1 0 10303 214 1 1 1 1 }'));
ENDSEC;
DATA;
#1 = APPLICATION_PROTOCOL_DEFINITION('international standard',
  'automotive_design',2000,#2);
#2 = APPLICATION_CONTEXT(
  'core data for automotive mechanical design processes');
#3 = SHAPE_DEFINITION_REPRESENTATION(#4,#10);
#4 = PRODUCT_DEFINITION_SHAPE('','',#5);
#5 = PRODUCT_DEFINITION('design','',#6,#9);
#6 = PRODUCT_DEFINITION_FORMATION('','',#7);
#7 = PRODUCT('Body','Body','',(#8));
#8 = PRODUCT_CONTEXT('',#2,'mechanical');
#9 = PRODUCT_DEFINITION_CONTEXT('part definition',#2,'design');
#10 = ADVANCED_BREP_SHAPE_REPRESENTATION('',(#11,#15),#2861);
#11 = AXIS2_PLACEMENT_3D('',#12,#13,#14);
#12 = CARTESIAN_POINT('',(0.,0.,0.));
#13 = DIRECTION('',(0.,0.,1.));
#14 = DIRECTION('',(1.,0.,-0.));
#15 = MANIFOLD_SOLID_BREP('',#16);
#16 = CLOSED_SHELL('',(#17,#59,#90,#156,#338,#443,#460,#484,#569,#593,
    #610,#635,#668,#693,#752,#776,#801,#826,#850,#874,#898,#923,#956,
    #987,#1011,#1035,#1052,#1074,#1091,#1108,#1120,#1202,#1252,#1267,
    #1316,#1355,#1400,#1808,#1842,#2401,#2428,#2452,#2476,#2493,#2518,
    #2536,#2554,#2589,#2630,#2657,#2672,#2689,#2706,#2733,#2774,#2809,
    #2822,#2835,#2848));
#17 = ADVANCED_FACE('',(#18),#54,.T.);
#18 = FACE_BOUND('',#19,.F.);
#19 = EDGE_LOOP('',(#20,#30,#39,#47));
#20 = ORIENTED_EDGE('',*,*,#21,.T.);
#21 = EDGE_CURVE('',#22,#24,#26,.T.);
#22 = VERTEX_POINT('',#23);
#23 = CARTESIAN_POINT('',(34.60828027082,24.1,0.));
#24 = VERTEX_POINT('',#25);
#25 = CARTESIAN_POINT('',(34.60828027082,24.1,3.));
#26 = LINE('',#27,#28);
#27 = CARTESIAN_POINT('',(34.60828027082,24.1,0.));
#28 = VECTOR('',#29,1.);
#29 = DIRECTION('',(0.,0.,1.));
#30 = ORIENTED_EDGE('',*,*,#31,.T.);
#31 = EDGE_CURVE('',#24,#32,#34,.T.);
#32 = VERTEX_POINT('',#33);
#33 = CARTESIAN_POINT('',(31.89171972918,47.,3.));
#34 = CIRCLE('',#35,302.);
#35 = AXIS2_PLACEMENT_3D('',#36,#37,#38);
#36 = CARTESIAN_POINT('',(-266.4285779376,7.8192E-13,3.));
#37 = DIRECTION('',(0.,0.,1.));
#38 = DIRECTION('',(1.,0.,0.));
#39 = ORIENTED_EDGE('',*,*,#40,.F.);
#40 = EDGE_CURVE('',#41,#32,#43,.T.);
#41 = VERTEX_POINT('',#42);
#42 = CARTESIAN_POINT('',(31.89171972918,47.,0.));
#43 = LINE('',#44,#45);
#44 = CARTESIAN_POINT('',(31.89171972918,47.,0.));
#45 = VECTOR('',#46,1.);
#46 = DIRECTION('',(0.,0.,1.));
#47 = ORIENTED_EDGE('',*,*,#48,.F.);
#48 = EDGE_CURVE('',#22,#41,#49,.T.);
#49 = CIRCLE('',#50,302.);
#50 = AXIS2_PLACEMENT_3D('',#51,#52,#53);
#51 = CARTESIAN_POINT('',(-266.4285779376,7.8192E-13,0.));
#52 = DIRECTION('',(0.,0.,1.));
#53 = DIRECTION('',(1.,0.,0.));
#54 = CYLINDRICAL_SURFACE('',#55,302.);
#55 = AXIS2_PLACEMENT_3D('',#56,#57,#58);
#56 = CARTESIAN_POINT('',(-266.4285779376,7.8192E-13,0.));
#57 = DIRECTION('',(-0.,-0.,-1.));
#58 = DIRECTION('',(1.,0.,0.));
#59 = ADVANCED_FACE('',(#60),#85,.T.);
#60 = FACE_BOUND('',#61,.T.);
#61 = EDGE_LOOP('',(#62,#63,#71,#79));
#62 = ORIENTED_EDGE('',*,*,#21,.T.);
#63 = ORIENTED_EDGE('',*,*,#64,.T.);
#64 = EDGE_CURVE('',#24,#65,#67,.T.);
#65 = VERTEX_POINT('',#66);
#66 = CARTESIAN_POINT('',(28.90828027082,24.1,3.));
#67 = LINE('',#68,#69);
#68 = CARTESIAN_POINT('',(34.60828027082,24.1,3.));
#69 = VECTOR('',#70,1.);
#70 = DIRECTION('',(-1.,0.,0.));
#71 = ORIENTED_EDGE('',*,*,#72,.F.);
#72 = EDGE_CURVE('',#73,#65,#75,.T.);
#73 = VERTEX_POINT('',#74);
#74 = CARTESIAN_POINT('',(28.90828027082,24.1,0.));
#75 = LINE('',#76,#77);
#76 = CARTESIAN_POINT('',(28.90828027082,24.1,0.));
#77 = VECTOR('',#78,1.);
#78 = DIRECTION('',(0.,0.,1.));
#79 = ORIENTED_EDGE('',*,*,#80,.F.);
#80 = EDGE_CURVE('',#22,#73,#81,.T.);
#81 = LINE('',#82,#83);
#82 = CARTESIAN_POINT('',(34.60828027082,24.1,0.));
#83 = VECTOR('',#84,1.);
#84 = DIRECTION('',(-1.,0.,0.));
#85 = PLANE('',#86);
#86 = AXIS2_PLACEMENT_3D('',#87,#88,#89);
#87 = CARTESIAN_POINT('',(34.60828027082,24.1,0.));
#88 = DIRECTION('',(0.,-1.,0.));
#89 = DIRECTION('',(-1.,0.,0.));
#90 = ADVANCED_FACE('',(#91,#140),#151,.T.);
#91 = FACE_BOUND('',#92,.T.);
#92 = EDGE_LOOP('',(#93,#94,#102,#110,#118,#126,#134));
#93 = ORIENTED_EDGE('',*,*,#40,.F.);
#94 = ORIENTED_EDGE('',*,*,#95,.T.);
#95 = EDGE_CURVE('',#41,#96,#98,.T.);
#96 = VERTEX_POINT('',#97);
#97 = CARTESIAN_POINT('',(-31.89171972918,47.,0.));
#98 = LINE('',#99,#100);
#99 = CARTESIAN_POINT('',(31.89171972918,47.,0.));
#100 = VECTOR('',#101,1.);
#101 = DIRECTION('',(-1.,0.,0.));
#102 = ORIENTED_EDGE('',*,*,#103,.T.);
#103 = EDGE_CURVE('',#96,#104,#106,.T.);
#104 = VERTEX_POINT('',#105);
#105 = CARTESIAN_POINT('',(-31.89171972918,47.,3.));
#106 = LINE('',#107,#108);
#107 = CARTESIAN_POINT('',(-31.89171972918,47.,0.));
#108 = VECTOR('',#109,1.);
#109 = DIRECTION('',(0.,0.,1.));
#110 = ORIENTED_EDGE('',*,*,#111,.F.);
#111 = EDGE_CURVE('',#112,#104,#114,.T.);
#112 = VERTEX_POINT('',#113);
#113 = CARTESIAN_POINT('',(21.89171972918,47.,3.));
#114 = LINE('',#115,#116);
#115 = CARTESIAN_POINT('',(31.89171972918,47.,3.));
#116 = VECTOR('',#117,1.);
#117 = DIRECTION('',(-1.,0.,0.));
#118 = ORIENTED_EDGE('',*,*,#119,.T.);
#119 = EDGE_CURVE('',#112,#120,#122,.T.);
#120 = VERTEX_POINT('',#121);
#121 = CARTESIAN_POINT('',(21.89171972918,47.,8.));
#122 = LINE('',#123,#124);
#123 = CARTESIAN_POINT('',(21.89171972918,47.,3.));
#124 = VECTOR('',#125,1.);
#125 = DIRECTION('',(0.,0.,1.));
#126 = ORIENTED_EDGE('',*,*,#127,.F.);
#127 = EDGE_CURVE('',#128,#120,#130,.T.);
#128 = VERTEX_POINT('',#129);
#129 = CARTESIAN_POINT('',(31.89171972918,47.,8.));
#130 = LINE('',#131,#132);
#131 = CARTESIAN_POINT('',(31.89171972918,47.,8.));
#132 = VECTOR('',#133,1.);
#133 = DIRECTION('',(-1.,0.,0.));
#134 = ORIENTED_EDGE('',*,*,#135,.F.);
#135 = EDGE_CURVE('',#32,#128,#136,.T.);
#136 = LINE('',#137,#138);
#137 = CARTESIAN_POINT('',(31.89171972918,47.,3.));
#138 = VECTOR('',#139,1.);
#139 = DIRECTION('',(0.,0.,1.));
#140 = FACE_BOUND('',#141,.T.);
#141 = EDGE_LOOP('',(#142));
#142 = ORIENTED_EDGE('',*,*,#143,.F.);
#143 = EDGE_CURVE('',#144,#144,#146,.T.);
#144 = VERTEX_POINT('',#145);
#145 = CARTESIAN_POINT('',(25.49171972918,47.,5.));
#146 = CIRCLE('',#147,1.4);
#147 = AXIS2_PLACEMENT_3D('',#148,#149,#150);
#148 = CARTESIAN_POINT('',(26.89171972918,47.,5.));
#149 = DIRECTION('',(0.,1.,-0.));
#150 = DIRECTION('',(-1.,0.,0.));
#151 = PLANE('',#152);
#152 = AXIS2_PLACEMENT_3D('',#153,#154,#155);
#153 = CARTESIAN_POINT('',(1.873114462896,47.,2.126885537104));
#154 = DIRECTION('',(0.,1.,0.));
#155 = DIRECTION('',(0.,0.,1.));
#156 = ADVANCED_FACE('',(#157,#265,#299),#333,.F.);
#157 = FACE_BOUND('',#158,.F.);
#158 = EDGE_LOOP('',(#159,#160,#161,#162,#170,#178,#187,#195,#203,#211,
    #219,#227,#235,#243,#251,#259));
#159 = ORIENTED_EDGE('',*,*,#80,.F.);
#160 = ORIENTED_EDGE('',*,*,#48,.T.);
#161 = ORIENTED_EDGE('',*,*,#95,.T.);
#162 = ORIENTED_EDGE('',*,*,#163,.T.);
#163 = EDGE_CURVE('',#96,#164,#166,.T.);
#164 = VERTEX_POINT('',#165);
#165 = CARTESIAN_POINT('',(-31.89171972918,-47.,0.));
#166 = LINE('',#167,#168);
#167 = CARTESIAN_POINT('',(-31.89171972918,47.,0.));
#168 = VECTOR('',#169,1.);
#169 = DIRECTION('',(0.,-1.,0.));
#170 = ORIENTED_EDGE('',*,*,#171,.T.);
#171 = EDGE_CURVE('',#164,#172,#174,.T.);
#172 = VERTEX_POINT('',#173);
#173 = CARTESIAN_POINT('',(31.89171972918,-47.,0.));
#174 = LINE('',#175,#176);
#175 = CARTESIAN_POINT('',(-31.89171972918,-47.,0.));
#176 = VECTOR('',#177,1.);
#177 = DIRECTION('',(1.,0.,0.));
#178 = ORIENTED_EDGE('',*,*,#179,.T.);
#179 = EDGE_CURVE('',#172,#180,#182,.T.);
#180 = VERTEX_POINT('',#181);
#181 = CARTESIAN_POINT('',(34.60828027082,-24.1,0.));
#182 = CIRCLE('',#183,302.);
#183 = AXIS2_PLACEMENT_3D('',#184,#185,#186);
#184 = CARTESIAN_POINT('',(-266.4285779376,0.,0.));
#185 = DIRECTION('',(0.,0.,1.));
#186 = DIRECTION('',(1.,0.,0.));
#187 = ORIENTED_EDGE('',*,*,#188,.F.);
#188 = EDGE_CURVE('',#189,#180,#191,.T.);
#189 = VERTEX_POINT('',#190);
#190 = CARTESIAN_POINT('',(28.90828027082,-24.1,0.));
#191 = LINE('',#192,#193);
#192 = CARTESIAN_POINT('',(28.90828027082,-24.1,0.));
#193 = VECTOR('',#194,1.);
#194 = DIRECTION('',(1.,0.,0.));
#195 = ORIENTED_EDGE('',*,*,#196,.F.);
#196 = EDGE_CURVE('',#197,#189,#199,.T.);
#197 = VERTEX_POINT('',#198);
#198 = CARTESIAN_POINT('',(28.90828027082,-5.5,0.));
#199 = LINE('',#200,#201);
#200 = CARTESIAN_POINT('',(28.90828027082,24.1,0.));
#201 = VECTOR('',#202,1.);
#202 = DIRECTION('',(0.,-1.,0.));
#203 = ORIENTED_EDGE('',*,*,#204,.T.);
#204 = EDGE_CURVE('',#197,#205,#207,.T.);
#205 = VERTEX_POINT('',#206);
#206 = CARTESIAN_POINT('',(24.10828027082,-5.5,0.));
#207 = LINE('',#208,#209);
#208 = CARTESIAN_POINT('',(28.90828027082,-5.5,0.));
#209 = VECTOR('',#210,1.);
#210 = DIRECTION('',(-1.,0.,0.));
#211 = ORIENTED_EDGE('',*,*,#212,.T.);
#212 = EDGE_CURVE('',#205,#213,#215,.T.);
#213 = VERTEX_POINT('',#214);
#214 = CARTESIAN_POINT('',(24.10828027082,-2.5,0.));
#215 = LINE('',#216,#217);
#216 = CARTESIAN_POINT('',(24.10828027082,-5.5,0.));
#217 = VECTOR('',#218,1.);
#218 = DIRECTION('',(0.,1.,0.));
#219 = ORIENTED_EDGE('',*,*,#220,.T.);
#220 = EDGE_CURVE('',#213,#221,#223,.T.);
#221 = VERTEX_POINT('',#222);
#222 = CARTESIAN_POINT('',(19.60828027082,-2.5,0.));
#223 = LINE('',#224,#225);
#224 = CARTESIAN_POINT('',(24.10828027082,-2.5,0.));
#225 = VECTOR('',#226,1.);
#226 = DIRECTION('',(-1.,0.,0.));
#227 = ORIENTED_EDGE('',*,*,#228,.T.);
#228 = EDGE_CURVE('',#221,#229,#231,.T.);
#229 = VERTEX_POINT('',#230);
#230 = CARTESIAN_POINT('',(19.60828027082,2.5,0.));
#231 = LINE('',#232,#233);
#232 = CARTESIAN_POINT('',(19.60828027082,-2.5,0.));
#233 = VECTOR('',#234,1.);
#234 = DIRECTION('',(0.,1.,0.));
#235 = ORIENTED_EDGE('',*,*,#236,.T.);
#236 = EDGE_CURVE('',#229,#237,#239,.T.);
#237 = VERTEX_POINT('',#238);
#238 = CARTESIAN_POINT('',(24.10828027082,2.5,0.));
#239 = LINE('',#240,#241);
#240 = CARTESIAN_POINT('',(19.60828027082,2.5,0.));
#241 = VECTOR('',#242,1.);
#242 = DIRECTION('',(1.,0.,0.));
#243 = ORIENTED_EDGE('',*,*,#244,.T.);
#244 = EDGE_CURVE('',#237,#245,#247,.T.);
#245 = VERTEX_POINT('',#246);
#246 = CARTESIAN_POINT('',(24.10828027082,5.5,0.));
#247 = LINE('',#248,#249);
#248 = CARTESIAN_POINT('',(24.10828027082,2.5,0.));
#249 = VECTOR('',#250,1.);
#250 = DIRECTION('',(0.,1.,0.));
#251 = ORIENTED_EDGE('',*,*,#252,.T.);
#252 = EDGE_CURVE('',#245,#253,#255,.T.);
#253 = VERTEX_POINT('',#254);
#254 = CARTESIAN_POINT('',(28.90828027082,5.5,0.));
#255 = LINE('',#256,#257);
#256 = CARTESIAN_POINT('',(24.10828027082,5.5,0.));
#257 = VECTOR('',#258,1.);
#258 = DIRECTION('',(1.,0.,0.));
#259 = ORIENTED_EDGE('',*,*,#260,.F.);
#260 = EDGE_CURVE('',#73,#253,#261,.T.);
#261 = LINE('',#262,#263);
#262 = CARTESIAN_POINT('',(28.90828027082,24.1,0.));
#263 = VECTOR('',#264,1.);
#264 = DIRECTION('',(0.,-1.,0.));
#265 = FACE_BOUND('',#266,.F.);
#266 = EDGE_LOOP('',(#267,#277,#285,#293));
#267 = ORIENTED_EDGE('',*,*,#268,.T.);
#268 = EDGE_CURVE('',#269,#271,#273,.T.);
#269 = VERTEX_POINT('',#270);
#270 = CARTESIAN_POINT('',(17.5,-26.5,0.));
#271 = VERTEX_POINT('',#272);
#272 = CARTESIAN_POINT('',(-17.5,-26.5,0.));
#273 = LINE('',#274,#275);
#274 = CARTESIAN_POINT('',(17.5,-26.5,0.));
#275 = VECTOR('',#276,1.);
#276 = DIRECTION('',(-1.,0.,0.));
#277 = ORIENTED_EDGE('',*,*,#278,.T.);
#278 = EDGE_CURVE('',#271,#279,#281,.T.);
#279 = VERTEX_POINT('',#280);
#280 = CARTESIAN_POINT('',(-17.5,-22.5,0.));
#281 = LINE('',#282,#283);
#282 = CARTESIAN_POINT('',(-17.5,-26.5,0.));
#283 = VECTOR('',#284,1.);
#284 = DIRECTION('',(0.,1.,0.));
#285 = ORIENTED_EDGE('',*,*,#286,.T.);
#286 = EDGE_CURVE('',#279,#287,#289,.T.);
#287 = VERTEX_POINT('',#288);
#288 = CARTESIAN_POINT('',(17.5,-22.5,0.));
#289 = LINE('',#290,#291);
#290 = CARTESIAN_POINT('',(-17.5,-22.5,0.));
#291 = VECTOR('',#292,1.);
#292 = DIRECTION('',(1.,0.,0.));
#293 = ORIENTED_EDGE('',*,*,#294,.T.);
#294 = EDGE_CURVE('',#287,#269,#295,.T.);
#295 = LINE('',#296,#297);
#296 = CARTESIAN_POINT('',(17.5,-22.5,0.));
#297 = VECTOR('',#298,1.);
#298 = DIRECTION('',(0.,-1.,0.));
#299 = FACE_BOUND('',#300,.F.);
#300 = EDGE_LOOP('',(#301,#311,#319,#327));
#301 = ORIENTED_EDGE('',*,*,#302,.T.);
#302 = EDGE_CURVE('',#303,#305,#307,.T.);
#303 = VERTEX_POINT('',#304);
#304 = CARTESIAN_POINT('',(17.5,22.5,0.));
#305 = VERTEX_POINT('',#306);
#306 = CARTESIAN_POINT('',(-17.5,22.5,0.));
#307 = LINE('',#308,#309);
#308 = CARTESIAN_POINT('',(17.5,22.5,0.));
#309 = VECTOR('',#310,1.);
#310 = DIRECTION('',(-1.,0.,0.));
#311 = ORIENTED_EDGE('',*,*,#312,.T.);
#312 = EDGE_CURVE('',#305,#313,#315,.T.);
#313 = VERTEX_POINT('',#314);
#314 = CARTESIAN_POINT('',(-17.5,26.5,0.));
#315 = LINE('',#316,#317);
#316 = CARTESIAN_POINT('',(-17.5,22.5,0.));
#317 = VECTOR('',#318,1.);
#318 = DIRECTION('',(0.,1.,0.));
#319 = ORIENTED_EDGE('',*,*,#320,.T.);
#320 = EDGE_CURVE('',#313,#321,#323,.T.);
#321 = VERTEX_POINT('',#322);
#322 = CARTESIAN_POINT('',(17.5,26.5,0.));
#323 = LINE('',#324,#325);
#324 = CARTESIAN_POINT('',(-17.5,26.5,0.));
#325 = VECTOR('',#326,1.);
#326 = DIRECTION('',(1.,0.,0.));
#327 = ORIENTED_EDGE('',*,*,#328,.T.);
#328 = EDGE_CURVE('',#321,#303,#329,.T.);
#329 = LINE('',#330,#331);
#330 = CARTESIAN_POINT('',(17.5,26.5,0.));
#331 = VECTOR('',#332,1.);
#332 = DIRECTION('',(0.,-1.,0.));
#333 = PLANE('',#334);
#334 = AXIS2_PLACEMENT_3D('',#335,#336,#337);
#335 = CARTESIAN_POINT('',(0.90876899281,6.17E-15,0.));
#336 = DIRECTION('',(0.,0.,1.));
#337 = DIRECTION('',(1.,0.,0.));
#338 = ADVANCED_FACE('',(#339,#404),#438,.T.);
#339 = FACE_BOUND('',#340,.T.);
#340 = EDGE_LOOP('',(#341,#342,#343,#351,#359,#365,#366,#374,#382,#390,
    #398));
#341 = ORIENTED_EDGE('',*,*,#64,.F.);
#342 = ORIENTED_EDGE('',*,*,#31,.T.);
#343 = ORIENTED_EDGE('',*,*,#344,.F.);
#344 = EDGE_CURVE('',#345,#32,#347,.T.);
#345 = VERTEX_POINT('',#346);
#346 = CARTESIAN_POINT('',(31.89171972918,44.,3.));
#347 = LINE('',#348,#349);
#348 = CARTESIAN_POINT('',(31.89171972918,44.,3.));
#349 = VECTOR('',#350,1.);
#350 = DIRECTION('',(0.,1.,0.));
#351 = ORIENTED_EDGE('',*,*,#352,.F.);
#352 = EDGE_CURVE('',#353,#345,#355,.T.);
#353 = VERTEX_POINT('',#354);
#354 = CARTESIAN_POINT('',(21.89171972918,44.,3.));
#355 = LINE('',#356,#357);
#356 = CARTESIAN_POINT('',(21.89171972918,44.,3.));
#357 = VECTOR('',#358,1.);
#358 = DIRECTION('',(1.,0.,0.));
#359 = ORIENTED_EDGE('',*,*,#360,.F.);
#360 = EDGE_CURVE('',#112,#353,#361,.T.);
#361 = LINE('',#362,#363);
#362 = CARTESIAN_POINT('',(21.89171972918,47.,3.));
#363 = VECTOR('',#364,1.);
#364 = DIRECTION('',(0.,-1.,0.));
#365 = ORIENTED_EDGE('',*,*,#111,.T.);
#366 = ORIENTED_EDGE('',*,*,#367,.T.);
#367 = EDGE_CURVE('',#104,#368,#370,.T.);
#368 = VERTEX_POINT('',#369);
#369 = CARTESIAN_POINT('',(-31.89171972918,12.,3.));
#370 = LINE('',#371,#372);
#371 = CARTESIAN_POINT('',(-31.89171972918,47.,3.));
#372 = VECTOR('',#373,1.);
#373 = DIRECTION('',(0.,-1.,0.));
#374 = ORIENTED_EDGE('',*,*,#375,.F.);
#375 = EDGE_CURVE('',#376,#368,#378,.T.);
#376 = VERTEX_POINT('',#377);
#377 = CARTESIAN_POINT('',(28.40828027082,12.,3.));
#378 = LINE('',#379,#380);
#379 = CARTESIAN_POINT('',(28.40828027082,12.,3.));
#380 = VECTOR('',#381,1.);
#381 = DIRECTION('',(-1.,0.,0.));
#382 = ORIENTED_EDGE('',*,*,#383,.F.);
#383 = EDGE_CURVE('',#384,#376,#386,.T.);
#384 = VERTEX_POINT('',#385);
#385 = CARTESIAN_POINT('',(28.40828027082,5.5,3.));
#386 = LINE('',#387,#388);
#387 = CARTESIAN_POINT('',(28.40828027082,-12.,3.));
#388 = VECTOR('',#389,1.);
#389 = DIRECTION('',(0.,1.,0.));
#390 = ORIENTED_EDGE('',*,*,#391,.F.);
#391 = EDGE_CURVE('',#392,#384,#394,.T.);
#392 = VERTEX_POINT('',#393);
#393 = CARTESIAN_POINT('',(28.90828027082,5.5,3.));
#394 = LINE('',#395,#396);
#395 = CARTESIAN_POINT('',(12.508524631815,5.5,3.));
#396 = VECTOR('',#397,1.);
#397 = DIRECTION('',(-1.,0.,0.));
#398 = ORIENTED_EDGE('',*,*,#399,.F.);
#399 = EDGE_CURVE('',#65,#392,#400,.T.);
#400 = LINE('',#401,#402);
#401 = CARTESIAN_POINT('',(28.90828027082,24.1,3.));
#402 = VECTOR('',#403,1.);
#403 = DIRECTION('',(0.,-1.,0.));
#404 = FACE_BOUND('',#405,.T.);
#405 = EDGE_LOOP('',(#406,#416,#424,#432));
#406 = ORIENTED_EDGE('',*,*,#407,.F.);
#407 = EDGE_CURVE('',#408,#410,#412,.T.);
#408 = VERTEX_POINT('',#409);
#409 = CARTESIAN_POINT('',(-17.5,26.5,3.));
#410 = VERTEX_POINT('',#411);
#411 = CARTESIAN_POINT('',(-17.5,22.5,3.));
#412 = LINE('',#413,#414);
#413 = CARTESIAN_POINT('',(-17.5,11.25,3.));
#414 = VECTOR('',#415,1.);
#415 = DIRECTION('',(0.,-1.,0.));
#416 = ORIENTED_EDGE('',*,*,#417,.F.);
#417 = EDGE_CURVE('',#418,#408,#420,.T.);
#418 = VERTEX_POINT('',#419);
#419 = CARTESIAN_POINT('',(17.5,26.5,3.));
#420 = LINE('',#421,#422);
#421 = CARTESIAN_POINT('',(-8.295615503595,26.5,3.));
#422 = VECTOR('',#423,1.);
#423 = DIRECTION('',(-1.,0.,0.));
#424 = ORIENTED_EDGE('',*,*,#425,.F.);
#425 = EDGE_CURVE('',#426,#418,#428,.T.);
#426 = VERTEX_POINT('',#427);
#427 = CARTESIAN_POINT('',(17.5,22.5,3.));
#428 = LINE('',#429,#430);
#429 = CARTESIAN_POINT('',(17.5,13.25,3.));
#430 = VECTOR('',#431,1.);
#431 = DIRECTION('',(0.,1.,0.));
#432 = ORIENTED_EDGE('',*,*,#433,.F.);
#433 = EDGE_CURVE('',#410,#426,#434,.T.);
#434 = LINE('',#435,#436);
#435 = CARTESIAN_POINT('',(9.204384496405,22.5,3.));
#436 = VECTOR('',#437,1.);
#437 = DIRECTION('',(1.,0.,0.));
#438 = PLANE('',#439);
#439 = AXIS2_PLACEMENT_3D('',#440,#441,#442);
#440 = CARTESIAN_POINT('',(0.90876899281,6.17E-15,3.));
#441 = DIRECTION('',(0.,0.,1.));
#442 = DIRECTION('',(1.,0.,0.));
#443 = ADVANCED_FACE('',(#444),#455,.T.);
#444 = FACE_BOUND('',#445,.T.);
#445 = EDGE_LOOP('',(#446,#447,#448,#449));
#446 = ORIENTED_EDGE('',*,*,#260,.F.);
#447 = ORIENTED_EDGE('',*,*,#72,.T.);
#448 = ORIENTED_EDGE('',*,*,#399,.T.);
#449 = ORIENTED_EDGE('',*,*,#450,.F.);
#450 = EDGE_CURVE('',#253,#392,#451,.T.);
#451 = LINE('',#452,#453);
#452 = CARTESIAN_POINT('',(28.90828027082,5.5,0.));
#453 = VECTOR('',#454,1.);
#454 = DIRECTION('',(0.,0.,1.));
#455 = PLANE('',#456);
#456 = AXIS2_PLACEMENT_3D('',#457,#458,#459);
#457 = CARTESIAN_POINT('',(28.90828027082,24.1,0.));
#458 = DIRECTION('',(1.,0.,0.));
#459 = DIRECTION('',(0.,-1.,0.));
#460 = ADVANCED_FACE('',(#461),#479,.F.);
#461 = FACE_BOUND('',#462,.F.);
#462 = EDGE_LOOP('',(#463,#471,#477,#478));
#463 = ORIENTED_EDGE('',*,*,#464,.T.);
#464 = EDGE_CURVE('',#345,#465,#467,.T.);
#465 = VERTEX_POINT('',#466);
#466 = CARTESIAN_POINT('',(31.89171972918,44.,8.));
#467 = LINE('',#468,#469);
#468 = CARTESIAN_POINT('',(31.89171972918,44.,3.));
#469 = VECTOR('',#470,1.);
#470 = DIRECTION('',(0.,0.,1.));
#471 = ORIENTED_EDGE('',*,*,#472,.T.);
#472 = EDGE_CURVE('',#465,#128,#473,.T.);
#473 = LINE('',#474,#475);
#474 = CARTESIAN_POINT('',(31.89171972918,44.,8.));
#475 = VECTOR('',#476,1.);
#476 = DIRECTION('',(0.,1.,0.));
#477 = ORIENTED_EDGE('',*,*,#135,.F.);
#478 = ORIENTED_EDGE('',*,*,#344,.F.);
#479 = PLANE('',#480);
#480 = AXIS2_PLACEMENT_3D('',#481,#482,#483);
#481 = CARTESIAN_POINT('',(31.89171972918,44.,3.));
#482 = DIRECTION('',(-1.,0.,0.));
#483 = DIRECTION('',(0.,1.,0.));
#484 = ADVANCED_FACE('',(#485,#528),#564,.T.);
#485 = FACE_BOUND('',#486,.T.);
#486 = EDGE_LOOP('',(#487,#488,#489,#497,#505,#513,#521,#527));
#487 = ORIENTED_EDGE('',*,*,#103,.F.);
#488 = ORIENTED_EDGE('',*,*,#163,.T.);
#489 = ORIENTED_EDGE('',*,*,#490,.T.);
#490 = EDGE_CURVE('',#164,#491,#493,.T.);
#491 = VERTEX_POINT('',#492);
#492 = CARTESIAN_POINT('',(-31.89171972918,-47.,3.));
#493 = LINE('',#494,#495);
#494 = CARTESIAN_POINT('',(-31.89171972918,-47.,0.));
#495 = VECTOR('',#496,1.);
#496 = DIRECTION('',(0.,0.,1.));
#497 = ORIENTED_EDGE('',*,*,#498,.F.);
#498 = EDGE_CURVE('',#499,#491,#501,.T.);
#499 = VERTEX_POINT('',#500);
#500 = CARTESIAN_POINT('',(-31.89171972918,-12.,3.));
#501 = LINE('',#502,#503);
#502 = CARTESIAN_POINT('',(-31.89171972918,47.,3.));
#503 = VECTOR('',#504,1.);
#504 = DIRECTION('',(0.,-1.,0.));
#505 = ORIENTED_EDGE('',*,*,#506,.T.);
#506 = EDGE_CURVE('',#499,#507,#509,.T.);
#507 = VERTEX_POINT('',#508);
#508 = CARTESIAN_POINT('',(-31.89171972918,-12.,30.));
#509 = LINE('',#510,#511);
#510 = CARTESIAN_POINT('',(-31.89171972918,-12.,3.));
#511 = VECTOR('',#512,1.);
#512 = DIRECTION('',(0.,0.,1.));
#513 = ORIENTED_EDGE('',*,*,#514,.F.);
#514 = EDGE_CURVE('',#515,#507,#517,.T.);
#515 = VERTEX_POINT('',#516);
#516 = CARTESIAN_POINT('',(-31.89171972918,12.,30.));
#517 = LINE('',#518,#519);
#518 = CARTESIAN_POINT('',(-31.89171972918,12.,30.));
#519 = VECTOR('',#520,1.);
#520 = DIRECTION('',(0.,-1.,0.));
#521 = ORIENTED_EDGE('',*,*,#522,.F.);
#522 = EDGE_CURVE('',#368,#515,#523,.T.);
#523 = LINE('',#524,#525);
#524 = CARTESIAN_POINT('',(-31.89171972918,12.,3.));
#525 = VECTOR('',#526,1.);
#526 = DIRECTION('',(0.,0.,1.));
#527 = ORIENTED_EDGE('',*,*,#367,.F.);
#528 = FACE_BOUND('',#529,.T.);
#529 = EDGE_LOOP('',(#530,#541,#549,#558));
#530 = ORIENTED_EDGE('',*,*,#531,.F.);
#531 = EDGE_CURVE('',#532,#534,#536,.T.);
#532 = VERTEX_POINT('',#533);
#533 = CARTESIAN_POINT('',(-31.89171972918,6.5,13.));
#534 = VERTEX_POINT('',#535);
#535 = CARTESIAN_POINT('',(-31.89171972918,-6.5,13.));
#536 = CIRCLE('',#537,6.5);
#537 = AXIS2_PLACEMENT_3D('',#538,#539,#540);
#538 = CARTESIAN_POINT('',(-31.89171972918,0.,13.));
#539 = DIRECTION('',(-1.,0.,0.));
#540 = DIRECTION('',(0.,-1.,0.));
#541 = ORIENTED_EDGE('',*,*,#542,.T.);
#542 = EDGE_CURVE('',#532,#543,#545,.T.);
#543 = VERTEX_POINT('',#544);
#544 = CARTESIAN_POINT('',(-31.89171972918,6.5,19.));
#545 = LINE('',#546,#547);
#546 = CARTESIAN_POINT('',(-31.89171972918,6.5,13.));
#547 = VECTOR('',#548,1.);
#548 = DIRECTION('',(0.,0.,1.));
#549 = ORIENTED_EDGE('',*,*,#550,.F.);
#550 = EDGE_CURVE('',#551,#543,#553,.T.);
#551 = VERTEX_POINT('',#552);
#552 = CARTESIAN_POINT('',(-31.89171972918,-6.5,19.));
#553 = CIRCLE('',#554,6.5);
#554 = AXIS2_PLACEMENT_3D('',#555,#556,#557);
#555 = CARTESIAN_POINT('',(-31.89171972918,-1.7E-16,19.));
#556 = DIRECTION('',(-1.,0.,0.));
#557 = DIRECTION('',(0.,-1.,0.));
#558 = ORIENTED_EDGE('',*,*,#559,.F.);
#559 = EDGE_CURVE('',#534,#551,#560,.T.);
#560 = LINE('',#561,#562);
#561 = CARTESIAN_POINT('',(-31.89171972918,-6.5,13.));
#562 = VECTOR('',#563,1.);
#563 = DIRECTION('',(0.,0.,1.));
#564 = PLANE('',#565);
#565 = AXIS2_PLACEMENT_3D('',#566,#567,#568);
#566 = CARTESIAN_POINT('',(-31.89171972918,0.,7.379032258065));
#567 = DIRECTION('',(-1.,-0.,-0.));
#568 = DIRECTION('',(0.,0.,-1.));
#569 = ADVANCED_FACE('',(#570),#588,.T.);
#570 = FACE_BOUND('',#571,.T.);
#571 = EDGE_LOOP('',(#572,#573,#581,#587));
#572 = ORIENTED_EDGE('',*,*,#127,.T.);
#573 = ORIENTED_EDGE('',*,*,#574,.T.);
#574 = EDGE_CURVE('',#120,#575,#577,.T.);
#575 = VERTEX_POINT('',#576);
#576 = CARTESIAN_POINT('',(21.89171972918,44.,8.));
#577 = LINE('',#578,#579);
#578 = CARTESIAN_POINT('',(21.89171972918,47.,8.));
#579 = VECTOR('',#580,1.);
#580 = DIRECTION('',(0.,-1.,0.));
#581 = ORIENTED_EDGE('',*,*,#582,.T.);
#582 = EDGE_CURVE('',#575,#465,#583,.T.);
#583 = LINE('',#584,#585);
#584 = CARTESIAN_POINT('',(21.89171972918,44.,8.));
#585 = VECTOR('',#586,1.);
#586 = DIRECTION('',(1.,0.,0.));
#587 = ORIENTED_EDGE('',*,*,#472,.T.);
#588 = PLANE('',#589);
#589 = AXIS2_PLACEMENT_3D('',#590,#591,#592);
#590 = CARTESIAN_POINT('',(26.89171972918,1.5195E-13,8.));
#591 = DIRECTION('',(0.,0.,1.));
#592 = DIRECTION('',(1.,0.,0.));
#593 = ADVANCED_FACE('',(#594),#605,.F.);
#594 = FACE_BOUND('',#595,.F.);
#595 = EDGE_LOOP('',(#596,#597,#598,#604));
#596 = ORIENTED_EDGE('',*,*,#119,.T.);
#597 = ORIENTED_EDGE('',*,*,#574,.T.);
#598 = ORIENTED_EDGE('',*,*,#599,.F.);
#599 = EDGE_CURVE('',#353,#575,#600,.T.);
#600 = LINE('',#601,#602);
#601 = CARTESIAN_POINT('',(21.89171972918,44.,3.));
#602 = VECTOR('',#603,1.);
#603 = DIRECTION('',(0.,0.,1.));
#604 = ORIENTED_EDGE('',*,*,#360,.F.);
#605 = PLANE('',#606);
#606 = AXIS2_PLACEMENT_3D('',#607,#608,#609);
#607 = CARTESIAN_POINT('',(21.89171972918,47.,3.));
#608 = DIRECTION('',(1.,0.,0.));
#609 = DIRECTION('',(0.,-1.,0.));
#610 = ADVANCED_FACE('',(#611),#630,.F.);
#611 = FACE_BOUND('',#612,.F.);
#612 = EDGE_LOOP('',(#613,#614,#622,#629));
#613 = ORIENTED_EDGE('',*,*,#143,.F.);
#614 = ORIENTED_EDGE('',*,*,#615,.T.);
#615 = EDGE_CURVE('',#144,#616,#618,.T.);
#616 = VERTEX_POINT('',#617);
#617 = CARTESIAN_POINT('',(25.49171972918,44.,5.));
#618 = LINE('',#619,#620);
#619 = CARTESIAN_POINT('',(25.49171972918,47.,5.));
#620 = VECTOR('',#621,1.);
#621 = DIRECTION('',(0.,-1.,2.2E-16));
#622 = ORIENTED_EDGE('',*,*,#623,.T.);
#623 = EDGE_CURVE('',#616,#616,#624,.T.);
#624 = CIRCLE('',#625,1.4);
#625 = AXIS2_PLACEMENT_3D('',#626,#627,#628);
#626 = CARTESIAN_POINT('',(26.89171972918,44.,5.));
#627 = DIRECTION('',(0.,1.,-2.2E-16));
#628 = DIRECTION('',(-1.,0.,0.));
#629 = ORIENTED_EDGE('',*,*,#615,.F.);
#630 = CYLINDRICAL_SURFACE('',#631,1.4);
#631 = AXIS2_PLACEMENT_3D('',#632,#633,#634);
#632 = CARTESIAN_POINT('',(26.89171972918,47.,5.));
#633 = DIRECTION('',(0.,1.,-2.2E-16));
#634 = DIRECTION('',(-1.,0.,0.));
#635 = ADVANCED_FACE('',(#636),#663,.F.);
#636 = FACE_BOUND('',#637,.F.);
#637 = EDGE_LOOP('',(#638,#639,#647,#655,#661,#662));
#638 = ORIENTED_EDGE('',*,*,#252,.F.);
#639 = ORIENTED_EDGE('',*,*,#640,.T.);
#640 = EDGE_CURVE('',#245,#641,#643,.T.);
#641 = VERTEX_POINT('',#642);
#642 = CARTESIAN_POINT('',(24.10828027082,5.5,9.535898384862));
#643 = LINE('',#644,#645);
#644 = CARTESIAN_POINT('',(24.10828027082,5.5,0.));
#645 = VECTOR('',#646,1.);
#646 = DIRECTION('',(0.,0.,1.));
#647 = ORIENTED_EDGE('',*,*,#648,.F.);
#648 = EDGE_CURVE('',#649,#641,#651,.T.);
#649 = VERTEX_POINT('',#650);
#650 = CARTESIAN_POINT('',(28.40828027082,5.5,9.535898384862));
#651 = LINE('',#652,#653);
#652 = CARTESIAN_POINT('',(-31.89171972918,5.5,9.535898384862));
#653 = VECTOR('',#654,1.);
#654 = DIRECTION('',(-1.,0.,0.));
#655 = ORIENTED_EDGE('',*,*,#656,.T.);
#656 = EDGE_CURVE('',#649,#384,#657,.T.);
#657 = LINE('',#658,#659);
#658 = CARTESIAN_POINT('',(28.40828027082,5.5,1.5));
#659 = VECTOR('',#660,1.);
#660 = DIRECTION('',(0.,0.,-1.));
#661 = ORIENTED_EDGE('',*,*,#391,.F.);
#662 = ORIENTED_EDGE('',*,*,#450,.F.);
#663 = PLANE('',#664);
#664 = AXIS2_PLACEMENT_3D('',#665,#666,#667);
#665 = CARTESIAN_POINT('',(24.10828027082,5.5,0.));
#666 = DIRECTION('',(0.,1.,0.));
#667 = DIRECTION('',(1.,0.,0.));
#668 = ADVANCED_FACE('',(#669),#688,.F.);
#669 = FACE_BOUND('',#670,.F.);
#670 = EDGE_LOOP('',(#671,#672,#680,#687));
#671 = ORIENTED_EDGE('',*,*,#244,.F.);
#672 = ORIENTED_EDGE('',*,*,#673,.T.);
#673 = EDGE_CURVE('',#237,#674,#676,.T.);
#674 = VERTEX_POINT('',#675);
#675 = CARTESIAN_POINT('',(24.10828027082,2.5,7.));
#676 = LINE('',#677,#678);
#677 = CARTESIAN_POINT('',(24.10828027082,2.5,0.));
#678 = VECTOR('',#679,1.);
#679 = DIRECTION('',(0.,0.,1.));
#680 = ORIENTED_EDGE('',*,*,#681,.F.);
#681 = EDGE_CURVE('',#641,#674,#682,.T.);
#682 = CIRCLE('',#683,6.5);
#683 = AXIS2_PLACEMENT_3D('',#684,#685,#686);
#684 = CARTESIAN_POINT('',(24.10828027082,0.,13.));
#685 = DIRECTION('',(-1.,0.,0.));
#686 = DIRECTION('',(0.,-1.,0.));
#687 = ORIENTED_EDGE('',*,*,#640,.F.);
#688 = PLANE('',#689);
#689 = AXIS2_PLACEMENT_3D('',#690,#691,#692);
#690 = CARTESIAN_POINT('',(24.10828027082,2.5,0.));
#691 = DIRECTION('',(-1.,0.,0.));
#692 = DIRECTION('',(0.,1.,0.));
#693 = ADVANCED_FACE('',(#694,#736),#747,.T.);
#694 = FACE_BOUND('',#695,.T.);
#695 = EDGE_LOOP('',(#696,#697,#698,#706,#714,#722,#730));
#696 = ORIENTED_EDGE('',*,*,#490,.F.);
#697 = ORIENTED_EDGE('',*,*,#171,.T.);
#698 = ORIENTED_EDGE('',*,*,#699,.T.);
#699 = EDGE_CURVE('',#172,#700,#702,.T.);
#700 = VERTEX_POINT('',#701);
#701 = CARTESIAN_POINT('',(31.89171972918,-47.,3.));
#702 = LINE('',#703,#704);
#703 = CARTESIAN_POINT('',(31.89171972918,-47.,0.));
#704 = VECTOR('',#705,1.);
#705 = DIRECTION('',(0.,0.,1.));
#706 = ORIENTED_EDGE('',*,*,#707,.T.);
#707 = EDGE_CURVE('',#700,#708,#710,.T.);
#708 = VERTEX_POINT('',#709);
#709 = CARTESIAN_POINT('',(31.89171972918,-47.,8.));
#710 = LINE('',#711,#712);
#711 = CARTESIAN_POINT('',(31.89171972918,-47.,3.));
#712 = VECTOR('',#713,1.);
#713 = DIRECTION('',(0.,0.,1.));
#714 = ORIENTED_EDGE('',*,*,#715,.F.);
#715 = EDGE_CURVE('',#716,#708,#718,.T.);
#716 = VERTEX_POINT('',#717);
#717 = CARTESIAN_POINT('',(21.89171972918,-47.,8.));
#718 = LINE('',#719,#720);
#719 = CARTESIAN_POINT('',(21.89171972918,-47.,8.));
#720 = VECTOR('',#721,1.);
#721 = DIRECTION('',(1.,0.,0.));
#722 = ORIENTED_EDGE('',*,*,#723,.F.);
#723 = EDGE_CURVE('',#724,#716,#726,.T.);
#724 = VERTEX_POINT('',#725);
#725 = CARTESIAN_POINT('',(21.89171972918,-47.,3.));
#726 = LINE('',#727,#728);
#727 = CARTESIAN_POINT('',(21.89171972918,-47.,3.));
#728 = VECTOR('',#729,1.);
#729 = DIRECTION('',(0.,0.,1.));
#730 = ORIENTED_EDGE('',*,*,#731,.F.);
#731 = EDGE_CURVE('',#491,#724,#732,.T.);
#732 = LINE('',#733,#734);
#733 = CARTESIAN_POINT('',(-31.89171972918,-47.,3.));
#734 = VECTOR('',#735,1.);
#735 = DIRECTION('',(1.,0.,0.));
#736 = FACE_BOUND('',#737,.T.);
#737 = EDGE_LOOP('',(#738));
#738 = ORIENTED_EDGE('',*,*,#739,.F.);
#739 = EDGE_CURVE('',#740,#740,#742,.T.);
#740 = VERTEX_POINT('',#741);
#741 = CARTESIAN_POINT('',(28.29171972918,-47.,5.));
#742 = CIRCLE('',#743,1.4);
#743 = AXIS2_PLACEMENT_3D('',#744,#745,#746);
#744 = CARTESIAN_POINT('',(26.89171972918,-47.,5.));
#745 = DIRECTION('',(0.,-1.,6.E-15));
#746 = DIRECTION('',(1.,0.,0.));
#747 = PLANE('',#748);
#748 = AXIS2_PLACEMENT_3D('',#749,#750,#751);
#749 = CARTESIAN_POINT('',(1.873114462896,-47.,2.126885537104));
#750 = DIRECTION('',(0.,-1.,6.34E-15));
#751 = DIRECTION('',(0.,-6.34E-15,-1.));
#752 = ADVANCED_FACE('',(#753),#771,.F.);
#753 = FACE_BOUND('',#754,.F.);
#754 = EDGE_LOOP('',(#755,#756,#764,#770));
#755 = ORIENTED_EDGE('',*,*,#236,.F.);
#756 = ORIENTED_EDGE('',*,*,#757,.T.);
#757 = EDGE_CURVE('',#229,#758,#760,.T.);
#758 = VERTEX_POINT('',#759);
#759 = CARTESIAN_POINT('',(19.60828027082,2.5,7.));
#760 = LINE('',#761,#762);
#761 = CARTESIAN_POINT('',(19.60828027082,2.5,0.));
#762 = VECTOR('',#763,1.);
#763 = DIRECTION('',(0.,0.,1.));
#764 = ORIENTED_EDGE('',*,*,#765,.F.);
#765 = EDGE_CURVE('',#674,#758,#766,.T.);
#766 = LINE('',#767,#768);
#767 = CARTESIAN_POINT('',(-31.89171972918,2.5,7.));
#768 = VECTOR('',#769,1.);
#769 = DIRECTION('',(-1.,0.,0.));
#770 = ORIENTED_EDGE('',*,*,#673,.F.);
#771 = PLANE('',#772);
#772 = AXIS2_PLACEMENT_3D('',#773,#774,#775);
#773 = CARTESIAN_POINT('',(19.60828027082,2.5,0.));
#774 = DIRECTION('',(0.,1.,0.));
#775 = DIRECTION('',(1.,0.,0.));
#776 = ADVANCED_FACE('',(#777),#796,.T.);
#777 = FACE_BOUND('',#778,.F.);
#778 = EDGE_LOOP('',(#779,#780,#789,#795));
#779 = ORIENTED_EDGE('',*,*,#699,.T.);
#780 = ORIENTED_EDGE('',*,*,#781,.T.);
#781 = EDGE_CURVE('',#700,#782,#784,.T.);
#782 = VERTEX_POINT('',#783);
#783 = CARTESIAN_POINT('',(34.60828027082,-24.1,3.));
#784 = CIRCLE('',#785,302.);
#785 = AXIS2_PLACEMENT_3D('',#786,#787,#788);
#786 = CARTESIAN_POINT('',(-266.4285779376,0.,3.));
#787 = DIRECTION('',(0.,0.,1.));
#788 = DIRECTION('',(1.,0.,0.));
#789 = ORIENTED_EDGE('',*,*,#790,.F.);
#790 = EDGE_CURVE('',#180,#782,#791,.T.);
#791 = LINE('',#792,#793);
#792 = CARTESIAN_POINT('',(34.60828027082,-24.1,0.));
#793 = VECTOR('',#794,1.);
#794 = DIRECTION('',(0.,0.,1.));
#795 = ORIENTED_EDGE('',*,*,#179,.F.);
#796 = CYLINDRICAL_SURFACE('',#797,302.);
#797 = AXIS2_PLACEMENT_3D('',#798,#799,#800);
#798 = CARTESIAN_POINT('',(-266.4285779376,0.,0.));
#799 = DIRECTION('',(-0.,-0.,-1.));
#800 = DIRECTION('',(1.,0.,0.));
#801 = ADVANCED_FACE('',(#802),#821,.F.);
#802 = FACE_BOUND('',#803,.F.);
#803 = EDGE_LOOP('',(#804,#805,#813,#820));
#804 = ORIENTED_EDGE('',*,*,#228,.F.);
#805 = ORIENTED_EDGE('',*,*,#806,.T.);
#806 = EDGE_CURVE('',#221,#807,#809,.T.);
#807 = VERTEX_POINT('',#808);
#808 = CARTESIAN_POINT('',(19.60828027082,-2.5,7.));
#809 = LINE('',#810,#811);
#810 = CARTESIAN_POINT('',(19.60828027082,-2.5,0.));
#811 = VECTOR('',#812,1.);
#812 = DIRECTION('',(0.,0.,1.));
#813 = ORIENTED_EDGE('',*,*,#814,.F.);
#814 = EDGE_CURVE('',#758,#807,#815,.T.);
#815 = CIRCLE('',#816,6.5);
#816 = AXIS2_PLACEMENT_3D('',#817,#818,#819);
#817 = CARTESIAN_POINT('',(19.60828027082,0.,13.));
#818 = DIRECTION('',(-1.,0.,0.));
#819 = DIRECTION('',(0.,-1.,0.));
#820 = ORIENTED_EDGE('',*,*,#757,.F.);
#821 = PLANE('',#822);
#822 = AXIS2_PLACEMENT_3D('',#823,#824,#825);
#823 = CARTESIAN_POINT('',(19.60828027082,-2.5,0.));
#824 = DIRECTION('',(-1.,0.,0.));
#825 = DIRECTION('',(0.,1.,0.));
#826 = ADVANCED_FACE('',(#827),#845,.T.);
#827 = FACE_BOUND('',#828,.T.);
#828 = EDGE_LOOP('',(#829,#837,#843,#844));
#829 = ORIENTED_EDGE('',*,*,#830,.T.);
#830 = EDGE_CURVE('',#189,#831,#833,.T.);
#831 = VERTEX_POINT('',#832);
#832 = CARTESIAN_POINT('',(28.90828027082,-24.1,3.));
#833 = LINE('',#834,#835);
#834 = CARTESIAN_POINT('',(28.90828027082,-24.1,0.));
#835 = VECTOR('',#836,1.);
#836 = DIRECTION('',(0.,0.,1.));
#837 = ORIENTED_EDGE('',*,*,#838,.T.);
#838 = EDGE_CURVE('',#831,#782,#839,.T.);
#839 = LINE('',#840,#841);
#840 = CARTESIAN_POINT('',(28.90828027082,-24.1,3.));
#841 = VECTOR('',#842,1.);
#842 = DIRECTION('',(1.,0.,0.));
#843 = ORIENTED_EDGE('',*,*,#790,.F.);
#844 = ORIENTED_EDGE('',*,*,#188,.F.);
#845 = PLANE('',#846);
#846 = AXIS2_PLACEMENT_3D('',#847,#848,#849);
#847 = CARTESIAN_POINT('',(28.90828027082,-24.1,0.));
#848 = DIRECTION('',(0.,1.,0.));
#849 = DIRECTION('',(1.,0.,0.));
#850 = ADVANCED_FACE('',(#851),#869,.F.);
#851 = FACE_BOUND('',#852,.F.);
#852 = EDGE_LOOP('',(#853,#854,#862,#868));
#853 = ORIENTED_EDGE('',*,*,#220,.F.);
#854 = ORIENTED_EDGE('',*,*,#855,.T.);
#855 = EDGE_CURVE('',#213,#856,#858,.T.);
#856 = VERTEX_POINT('',#857);
#857 = CARTESIAN_POINT('',(24.10828027082,-2.5,7.));
#858 = LINE('',#859,#860);
#859 = CARTESIAN_POINT('',(24.10828027082,-2.5,0.));
#860 = VECTOR('',#861,1.);
#861 = DIRECTION('',(0.,0.,1.));
#862 = ORIENTED_EDGE('',*,*,#863,.T.);
#863 = EDGE_CURVE('',#856,#807,#864,.T.);
#864 = LINE('',#865,#866);
#865 = CARTESIAN_POINT('',(-31.89171972918,-2.5,7.));
#866 = VECTOR('',#867,1.);
#867 = DIRECTION('',(-1.,0.,0.));
#868 = ORIENTED_EDGE('',*,*,#806,.F.);
#869 = PLANE('',#870);
#870 = AXIS2_PLACEMENT_3D('',#871,#872,#873);
#871 = CARTESIAN_POINT('',(24.10828027082,-2.5,0.));
#872 = DIRECTION('',(0.,-1.,0.));
#873 = DIRECTION('',(-1.,0.,0.));
#874 = ADVANCED_FACE('',(#875),#893,.T.);
#875 = FACE_BOUND('',#876,.T.);
#876 = EDGE_LOOP('',(#877,#878,#886,#892));
#877 = ORIENTED_EDGE('',*,*,#196,.F.);
#878 = ORIENTED_EDGE('',*,*,#879,.T.);
#879 = EDGE_CURVE('',#197,#880,#882,.T.);
#880 = VERTEX_POINT('',#881);
#881 = CARTESIAN_POINT('',(28.90828027082,-5.5,3.));
#882 = LINE('',#883,#884);
#883 = CARTESIAN_POINT('',(28.90828027082,-5.5,0.));
#884 = VECTOR('',#885,1.);
#885 = DIRECTION('',(0.,0.,1.));
#886 = ORIENTED_EDGE('',*,*,#887,.T.);
#887 = EDGE_CURVE('',#880,#831,#888,.T.);
#888 = LINE('',#889,#890);
#889 = CARTESIAN_POINT('',(28.90828027082,24.1,3.));
#890 = VECTOR('',#891,1.);
#891 = DIRECTION('',(0.,-1.,0.));
#892 = ORIENTED_EDGE('',*,*,#830,.F.);
#893 = PLANE('',#894);
#894 = AXIS2_PLACEMENT_3D('',#895,#896,#897);
#895 = CARTESIAN_POINT('',(28.90828027082,24.1,0.));
#896 = DIRECTION('',(1.,0.,0.));
#897 = DIRECTION('',(0.,-1.,0.));
#898 = ADVANCED_FACE('',(#899),#918,.F.);
#899 = FACE_BOUND('',#900,.F.);
#900 = EDGE_LOOP('',(#901,#902,#910,#917));
#901 = ORIENTED_EDGE('',*,*,#212,.F.);
#902 = ORIENTED_EDGE('',*,*,#903,.T.);
#903 = EDGE_CURVE('',#205,#904,#906,.T.);
#904 = VERTEX_POINT('',#905);
#905 = CARTESIAN_POINT('',(24.10828027082,-5.5,9.535898384862));
#906 = LINE('',#907,#908);
#907 = CARTESIAN_POINT('',(24.10828027082,-5.5,0.));
#908 = VECTOR('',#909,1.);
#909 = DIRECTION('',(0.,0.,1.));
#910 = ORIENTED_EDGE('',*,*,#911,.F.);
#911 = EDGE_CURVE('',#856,#904,#912,.T.);
#912 = CIRCLE('',#913,6.5);
#913 = AXIS2_PLACEMENT_3D('',#914,#915,#916);
#914 = CARTESIAN_POINT('',(24.10828027082,0.,13.));
#915 = DIRECTION('',(-1.,0.,0.));
#916 = DIRECTION('',(0.,-1.,0.));
#917 = ORIENTED_EDGE('',*,*,#855,.F.);
#918 = PLANE('',#919);
#919 = AXIS2_PLACEMENT_3D('',#920,#921,#922);
#920 = CARTESIAN_POINT('',(24.10828027082,-5.5,0.));
#921 = DIRECTION('',(-1.,0.,0.));
#922 = DIRECTION('',(0.,1.,0.));
#923 = ADVANCED_FACE('',(#924),#951,.F.);
#924 = FACE_BOUND('',#925,.F.);
#925 = EDGE_LOOP('',(#926,#927,#928,#936,#944,#950));
#926 = ORIENTED_EDGE('',*,*,#204,.F.);
#927 = ORIENTED_EDGE('',*,*,#879,.T.);
#928 = ORIENTED_EDGE('',*,*,#929,.F.);
#929 = EDGE_CURVE('',#930,#880,#932,.T.);
#930 = VERTEX_POINT('',#931);
#931 = CARTESIAN_POINT('',(28.40828027082,-5.5,3.));
#932 = LINE('',#933,#934);
#933 = CARTESIAN_POINT('',(14.908524631815,-5.5,3.));
#934 = VECTOR('',#935,1.);
#935 = DIRECTION('',(1.,0.,0.));
#936 = ORIENTED_EDGE('',*,*,#937,.T.);
#937 = EDGE_CURVE('',#930,#938,#940,.T.);
#938 = VERTEX_POINT('',#939);
#939 = CARTESIAN_POINT('',(28.40828027082,-5.5,9.535898384862));
#940 = LINE('',#941,#942);
#941 = CARTESIAN_POINT('',(28.40828027082,-5.5,1.5));
#942 = VECTOR('',#943,1.);
#943 = DIRECTION('',(0.,0.,1.));
#944 = ORIENTED_EDGE('',*,*,#945,.T.);
#945 = EDGE_CURVE('',#938,#904,#946,.T.);
#946 = LINE('',#947,#948);
#947 = CARTESIAN_POINT('',(-31.89171972918,-5.5,9.535898384862));
#948 = VECTOR('',#949,1.);
#949 = DIRECTION('',(-1.,0.,0.));
#950 = ORIENTED_EDGE('',*,*,#903,.F.);
#951 = PLANE('',#952);
#952 = AXIS2_PLACEMENT_3D('',#953,#954,#955);
#953 = CARTESIAN_POINT('',(28.90828027082,-5.5,0.));
#954 = DIRECTION('',(0.,-1.,0.));
#955 = DIRECTION('',(-1.,0.,0.));
#956 = ADVANCED_FACE('',(#957),#982,.F.);
#957 = FACE_BOUND('',#958,.F.);
#958 = EDGE_LOOP('',(#959,#960,#968,#976));
#959 = ORIENTED_EDGE('',*,*,#268,.F.);
#960 = ORIENTED_EDGE('',*,*,#961,.T.);
#961 = EDGE_CURVE('',#269,#962,#964,.T.);
#962 = VERTEX_POINT('',#963);
#963 = CARTESIAN_POINT('',(17.5,-26.5,3.));
#964 = LINE('',#965,#966);
#965 = CARTESIAN_POINT('',(17.5,-26.5,0.));
#966 = VECTOR('',#967,1.);
#967 = DIRECTION('',(0.,0.,1.));
#968 = ORIENTED_EDGE('',*,*,#969,.F.);
#969 = EDGE_CURVE('',#970,#962,#972,.T.);
#970 = VERTEX_POINT('',#971);
#971 = CARTESIAN_POINT('',(-17.5,-26.5,3.));
#972 = LINE('',#973,#974);
#973 = CARTESIAN_POINT('',(9.204384496405,-26.5,3.));
#974 = VECTOR('',#975,1.);
#975 = DIRECTION('',(1.,0.,0.));
#976 = ORIENTED_EDGE('',*,*,#977,.F.);
#977 = EDGE_CURVE('',#271,#970,#978,.T.);
#978 = LINE('',#979,#980);
#979 = CARTESIAN_POINT('',(-17.5,-26.5,0.));
#980 = VECTOR('',#981,1.);
#981 = DIRECTION('',(0.,0.,1.));
#982 = PLANE('',#983);
#983 = AXIS2_PLACEMENT_3D('',#984,#985,#986);
#984 = CARTESIAN_POINT('',(17.5,-26.5,0.));
#985 = DIRECTION('',(0.,-1.,0.));
#986 = DIRECTION('',(-1.,0.,0.));
#987 = ADVANCED_FACE('',(#988),#1006,.F.);
#988 = FACE_BOUND('',#989,.F.);
#989 = EDGE_LOOP('',(#990,#991,#999,#1005));
#990 = ORIENTED_EDGE('',*,*,#294,.F.);
#991 = ORIENTED_EDGE('',*,*,#992,.T.);
#992 = EDGE_CURVE('',#287,#993,#995,.T.);
#993 = VERTEX_POINT('',#994);
#994 = CARTESIAN_POINT('',(17.5,-22.5,3.));
#995 = LINE('',#996,#997);
#996 = CARTESIAN_POINT('',(17.5,-22.5,0.));
#997 = VECTOR('',#998,1.);
#998 = DIRECTION('',(0.,0.,1.));
#999 = ORIENTED_EDGE('',*,*,#1000,.F.);
#1000 = EDGE_CURVE('',#962,#993,#1001,.T.);
#1001 = LINE('',#1002,#1003);
#1002 = CARTESIAN_POINT('',(17.5,-11.25,3.));
#1003 = VECTOR('',#1004,1.);
#1004 = DIRECTION('',(0.,1.,0.));
#1005 = ORIENTED_EDGE('',*,*,#961,.F.);
#1006 = PLANE('',#1007);
#1007 = AXIS2_PLACEMENT_3D('',#1008,#1009,#1010);
#1008 = CARTESIAN_POINT('',(17.5,-22.5,0.));
#1009 = DIRECTION('',(1.,0.,0.));
#1010 = DIRECTION('',(0.,-1.,0.));
#1011 = ADVANCED_FACE('',(#1012),#1030,.F.);
#1012 = FACE_BOUND('',#1013,.F.);
#1013 = EDGE_LOOP('',(#1014,#1015,#1023,#1029));
#1014 = ORIENTED_EDGE('',*,*,#286,.F.);
#1015 = ORIENTED_EDGE('',*,*,#1016,.T.);
#1016 = EDGE_CURVE('',#279,#1017,#1019,.T.);
#1017 = VERTEX_POINT('',#1018);
#1018 = CARTESIAN_POINT('',(-17.5,-22.5,3.));
#1019 = LINE('',#1020,#1021);
#1020 = CARTESIAN_POINT('',(-17.5,-22.5,0.));
#1021 = VECTOR('',#1022,1.);
#1022 = DIRECTION('',(0.,0.,1.));
#1023 = ORIENTED_EDGE('',*,*,#1024,.F.);
#1024 = EDGE_CURVE('',#993,#1017,#1025,.T.);
#1025 = LINE('',#1026,#1027);
#1026 = CARTESIAN_POINT('',(-8.295615503595,-22.5,3.));
#1027 = VECTOR('',#1028,1.);
#1028 = DIRECTION('',(-1.,0.,0.));
#1029 = ORIENTED_EDGE('',*,*,#992,.F.);
#1030 = PLANE('',#1031);
#1031 = AXIS2_PLACEMENT_3D('',#1032,#1033,#1034);
#1032 = CARTESIAN_POINT('',(-17.5,-22.5,0.));
#1033 = DIRECTION('',(0.,1.,0.));
#1034 = DIRECTION('',(1.,0.,0.));
#1035 = ADVANCED_FACE('',(#1036),#1047,.F.);
#1036 = FACE_BOUND('',#1037,.F.);
#1037 = EDGE_LOOP('',(#1038,#1039,#1040,#1046));
#1038 = ORIENTED_EDGE('',*,*,#278,.F.);
#1039 = ORIENTED_EDGE('',*,*,#977,.T.);
#1040 = ORIENTED_EDGE('',*,*,#1041,.F.);
#1041 = EDGE_CURVE('',#1017,#970,#1042,.T.);
#1042 = LINE('',#1043,#1044);
#1043 = CARTESIAN_POINT('',(-17.5,-13.25,3.));
#1044 = VECTOR('',#1045,1.);
#1045 = DIRECTION('',(0.,-1.,0.));
#1046 = ORIENTED_EDGE('',*,*,#1016,.F.);
#1047 = PLANE('',#1048);
#1048 = AXIS2_PLACEMENT_3D('',#1049,#1050,#1051);
#1049 = CARTESIAN_POINT('',(-17.5,-26.5,0.));
#1050 = DIRECTION('',(-1.,0.,0.));
#1051 = DIRECTION('',(0.,1.,0.));
#1052 = ADVANCED_FACE('',(#1053),#1069,.F.);
#1053 = FACE_BOUND('',#1054,.F.);
#1054 = EDGE_LOOP('',(#1055,#1056,#1062,#1063));
#1055 = ORIENTED_EDGE('',*,*,#302,.F.);
#1056 = ORIENTED_EDGE('',*,*,#1057,.T.);
#1057 = EDGE_CURVE('',#303,#426,#1058,.T.);
#1058 = LINE('',#1059,#1060);
#1059 = CARTESIAN_POINT('',(17.5,22.5,0.));
#1060 = VECTOR('',#1061,1.);
#1061 = DIRECTION('',(0.,0.,1.));
#1062 = ORIENTED_EDGE('',*,*,#433,.F.);
#1063 = ORIENTED_EDGE('',*,*,#1064,.F.);
#1064 = EDGE_CURVE('',#305,#410,#1065,.T.);
#1065 = LINE('',#1066,#1067);
#1066 = CARTESIAN_POINT('',(-17.5,22.5,0.));
#1067 = VECTOR('',#1068,1.);
#1068 = DIRECTION('',(0.,0.,1.));
#1069 = PLANE('',#1070);
#1070 = AXIS2_PLACEMENT_3D('',#1071,#1072,#1073);
#1071 = CARTESIAN_POINT('',(17.5,22.5,0.));
#1072 = DIRECTION('',(0.,-1.,0.));
#1073 = DIRECTION('',(-1.,0.,0.));
#1074 = ADVANCED_FACE('',(#1075),#1086,.F.);
#1075 = FACE_BOUND('',#1076,.F.);
#1076 = EDGE_LOOP('',(#1077,#1078,#1084,#1085));
#1077 = ORIENTED_EDGE('',*,*,#328,.F.);
#1078 = ORIENTED_EDGE('',*,*,#1079,.T.);
#1079 = EDGE_CURVE('',#321,#418,#1080,.T.);
#1080 = LINE('',#1081,#1082);
#1081 = CARTESIAN_POINT('',(17.5,26.5,0.));
#1082 = VECTOR('',#1083,1.);
#1083 = DIRECTION('',(0.,0.,1.));
#1084 = ORIENTED_EDGE('',*,*,#425,.F.);
#1085 = ORIENTED_EDGE('',*,*,#1057,.F.);
#1086 = PLANE('',#1087);
#1087 = AXIS2_PLACEMENT_3D('',#1088,#1089,#1090);
#1088 = CARTESIAN_POINT('',(17.5,26.5,0.));
#1089 = DIRECTION('',(1.,0.,0.));
#1090 = DIRECTION('',(0.,-1.,0.));
#1091 = ADVANCED_FACE('',(#1092),#1103,.F.);
#1092 = FACE_BOUND('',#1093,.F.);
#1093 = EDGE_LOOP('',(#1094,#1095,#1101,#1102));
#1094 = ORIENTED_EDGE('',*,*,#320,.F.);
#1095 = ORIENTED_EDGE('',*,*,#1096,.T.);
#1096 = EDGE_CURVE('',#313,#408,#1097,.T.);
#1097 = LINE('',#1098,#1099);
#1098 = CARTESIAN_POINT('',(-17.5,26.5,0.));
#1099 = VECTOR('',#1100,1.);
#1100 = DIRECTION('',(0.,0.,1.));
#1101 = ORIENTED_EDGE('',*,*,#417,.F.);
#1102 = ORIENTED_EDGE('',*,*,#1079,.F.);
#1103 = PLANE('',#1104);
#1104 = AXIS2_PLACEMENT_3D('',#1105,#1106,#1107);
#1105 = CARTESIAN_POINT('',(-17.5,26.5,0.));
#1106 = DIRECTION('',(0.,1.,0.));
#1107 = DIRECTION('',(1.,0.,0.));
#1108 = ADVANCED_FACE('',(#1109),#1115,.F.);
#1109 = FACE_BOUND('',#1110,.F.);
#1110 = EDGE_LOOP('',(#1111,#1112,#1113,#1114));
#1111 = ORIENTED_EDGE('',*,*,#312,.F.);
#1112 = ORIENTED_EDGE('',*,*,#1064,.T.);
#1113 = ORIENTED_EDGE('',*,*,#407,.F.);
#1114 = ORIENTED_EDGE('',*,*,#1096,.F.);
#1115 = PLANE('',#1116);
#1116 = AXIS2_PLACEMENT_3D('',#1117,#1118,#1119);
#1117 = CARTESIAN_POINT('',(-17.5,22.5,0.));
#1118 = DIRECTION('',(-1.,0.,0.));
#1119 = DIRECTION('',(0.,1.,0.));
#1120 = ADVANCED_FACE('',(#1121),#1197,.F.);
#1121 = FACE_BOUND('',#1122,.F.);
#1122 = EDGE_LOOP('',(#1123,#1131,#1139,#1147,#1153,#1154,#1155,#1164,
    #1172,#1181,#1189,#1196));
#1123 = ORIENTED_EDGE('',*,*,#1124,.F.);
#1124 = EDGE_CURVE('',#1125,#930,#1127,.T.);
#1125 = VERTEX_POINT('',#1126);
#1126 = CARTESIAN_POINT('',(28.40828027082,-12.,3.));
#1127 = LINE('',#1128,#1129);
#1128 = CARTESIAN_POINT('',(28.40828027082,-12.,3.));
#1129 = VECTOR('',#1130,1.);
#1130 = DIRECTION('',(0.,1.,0.));
#1131 = ORIENTED_EDGE('',*,*,#1132,.T.);
#1132 = EDGE_CURVE('',#1125,#1133,#1135,.T.);
#1133 = VERTEX_POINT('',#1134);
#1134 = CARTESIAN_POINT('',(28.40828027082,-12.,30.));
#1135 = LINE('',#1136,#1137);
#1136 = CARTESIAN_POINT('',(28.40828027082,-12.,3.));
#1137 = VECTOR('',#1138,1.);
#1138 = DIRECTION('',(0.,0.,1.));
#1139 = ORIENTED_EDGE('',*,*,#1140,.T.);
#1140 = EDGE_CURVE('',#1133,#1141,#1143,.T.);
#1141 = VERTEX_POINT('',#1142);
#1142 = CARTESIAN_POINT('',(28.40828027082,12.,30.));
#1143 = LINE('',#1144,#1145);
#1144 = CARTESIAN_POINT('',(28.40828027082,-12.,30.));
#1145 = VECTOR('',#1146,1.);
#1146 = DIRECTION('',(0.,1.,0.));
#1147 = ORIENTED_EDGE('',*,*,#1148,.F.);
#1148 = EDGE_CURVE('',#376,#1141,#1149,.T.);
#1149 = LINE('',#1150,#1151);
#1150 = CARTESIAN_POINT('',(28.40828027082,12.,3.));
#1151 = VECTOR('',#1152,1.);
#1152 = DIRECTION('',(0.,0.,1.));
#1153 = ORIENTED_EDGE('',*,*,#383,.F.);
#1154 = ORIENTED_EDGE('',*,*,#656,.F.);
#1155 = ORIENTED_EDGE('',*,*,#1156,.F.);
#1156 = EDGE_CURVE('',#1157,#649,#1159,.T.);
#1157 = VERTEX_POINT('',#1158);
#1158 = CARTESIAN_POINT('',(28.40828027082,6.5,13.));
#1159 = CIRCLE('',#1160,6.5);
#1160 = AXIS2_PLACEMENT_3D('',#1161,#1162,#1163);
#1161 = CARTESIAN_POINT('',(28.40828027082,0.,13.));
#1162 = DIRECTION('',(-1.,0.,0.));
#1163 = DIRECTION('',(0.,-1.,0.));
#1164 = ORIENTED_EDGE('',*,*,#1165,.T.);
#1165 = EDGE_CURVE('',#1157,#1166,#1168,.T.);
#1166 = VERTEX_POINT('',#1167);
#1167 = CARTESIAN_POINT('',(28.40828027082,6.5,19.));
#1168 = LINE('',#1169,#1170);
#1169 = CARTESIAN_POINT('',(28.40828027082,6.5,8.));
#1170 = VECTOR('',#1171,1.);
#1171 = DIRECTION('',(0.,0.,1.));
#1172 = ORIENTED_EDGE('',*,*,#1173,.F.);
#1173 = EDGE_CURVE('',#1174,#1166,#1176,.T.);
#1174 = VERTEX_POINT('',#1175);
#1175 = CARTESIAN_POINT('',(28.40828027082,-6.5,19.));
#1176 = CIRCLE('',#1177,6.5);
#1177 = AXIS2_PLACEMENT_3D('',#1178,#1179,#1180);
#1178 = CARTESIAN_POINT('',(28.40828027082,-1.7E-16,19.));
#1179 = DIRECTION('',(-1.,0.,0.));
#1180 = DIRECTION('',(0.,-1.,0.));
#1181 = ORIENTED_EDGE('',*,*,#1182,.F.);
#1182 = EDGE_CURVE('',#1183,#1174,#1185,.T.);
#1183 = VERTEX_POINT('',#1184);
#1184 = CARTESIAN_POINT('',(28.40828027082,-6.5,13.));
#1185 = LINE('',#1186,#1187);
#1186 = CARTESIAN_POINT('',(28.40828027082,-6.5,8.));
#1187 = VECTOR('',#1188,1.);
#1188 = DIRECTION('',(0.,0.,1.));
#1189 = ORIENTED_EDGE('',*,*,#1190,.F.);
#1190 = EDGE_CURVE('',#938,#1183,#1191,.T.);
#1191 = CIRCLE('',#1192,6.5);
#1192 = AXIS2_PLACEMENT_3D('',#1193,#1194,#1195);
#1193 = CARTESIAN_POINT('',(28.40828027082,0.,13.));
#1194 = DIRECTION('',(-1.,0.,0.));
#1195 = DIRECTION('',(0.,-1.,0.));
#1196 = ORIENTED_EDGE('',*,*,#937,.F.);
#1197 = PLANE('',#1198);
#1198 = AXIS2_PLACEMENT_3D('',#1199,#1200,#1201);
#1199 = CARTESIAN_POINT('',(28.40828027082,-12.,3.));
#1200 = DIRECTION('',(-1.,0.,0.));
#1201 = DIRECTION('',(0.,1.,0.));
#1202 = ADVANCED_FACE('',(#1203,#1214,#1225,#1236),#1247,.F.);
#1203 = FACE_BOUND('',#1204,.F.);
#1204 = EDGE_LOOP('',(#1205,#1206,#1212,#1213));
#1205 = ORIENTED_EDGE('',*,*,#1148,.T.);
#1206 = ORIENTED_EDGE('',*,*,#1207,.T.);
#1207 = EDGE_CURVE('',#1141,#515,#1208,.T.);
#1208 = LINE('',#1209,#1210);
#1209 = CARTESIAN_POINT('',(28.40828027082,12.,30.));
#1210 = VECTOR('',#1211,1.);
#1211 = DIRECTION('',(-1.,0.,0.));
#1212 = ORIENTED_EDGE('',*,*,#522,.F.);
#1213 = ORIENTED_EDGE('',*,*,#375,.F.);
#1214 = FACE_BOUND('',#1215,.F.);
#1215 = EDGE_LOOP('',(#1216));
#1216 = ORIENTED_EDGE('',*,*,#1217,.T.);
#1217 = EDGE_CURVE('',#1218,#1218,#1220,.T.);
#1218 = VERTEX_POINT('',#1219);
#1219 = CARTESIAN_POINT('',(9.25828027082,12.,16.5));
#1220 = CIRCLE('',#1221,7.);
#1221 = AXIS2_PLACEMENT_3D('',#1222,#1223,#1224);
#1222 = CARTESIAN_POINT('',(16.25828027082,12.,16.5));
#1223 = DIRECTION('',(0.,1.,-0.));
#1224 = DIRECTION('',(-1.,0.,0.));
#1225 = FACE_BOUND('',#1226,.F.);
#1226 = EDGE_LOOP('',(#1227));
#1227 = ORIENTED_EDGE('',*,*,#1228,.T.);
#1228 = EDGE_CURVE('',#1229,#1229,#1231,.T.);
#1229 = VERTEX_POINT('',#1230);
#1230 = CARTESIAN_POINT('',(-8.74171972918,12.,16.5));
#1231 = CIRCLE('',#1232,7.);
#1232 = AXIS2_PLACEMENT_3D('',#1233,#1234,#1235);
#1233 = CARTESIAN_POINT('',(-1.74171972918,12.,16.5));
#1234 = DIRECTION('',(0.,1.,-0.));
#1235 = DIRECTION('',(-1.,0.,0.));
#1236 = FACE_BOUND('',#1237,.F.);
#1237 = EDGE_LOOP('',(#1238));
#1238 = ORIENTED_EDGE('',*,*,#1239,.T.);
#1239 = EDGE_CURVE('',#1240,#1240,#1242,.T.);
#1240 = VERTEX_POINT('',#1241);
#1241 = CARTESIAN_POINT('',(-26.74171972918,12.,16.5));
#1242 = CIRCLE('',#1243,7.);
#1243 = AXIS2_PLACEMENT_3D('',#1244,#1245,#1246);
#1244 = CARTESIAN_POINT('',(-19.74171972918,12.,16.5));
#1245 = DIRECTION('',(0.,1.,-0.));
#1246 = DIRECTION('',(-1.,0.,0.));
#1247 = PLANE('',#1248);
#1248 = AXIS2_PLACEMENT_3D('',#1249,#1250,#1251);
#1249 = CARTESIAN_POINT('',(28.40828027082,12.,3.));
#1250 = DIRECTION('',(0.,-1.,0.));
#1251 = DIRECTION('',(-1.,0.,0.));
#1252 = ADVANCED_FACE('',(#1253,#1259),#1262,.F.);
#1253 = FACE_BOUND('',#1254,.F.);
#1254 = EDGE_LOOP('',(#1255,#1256,#1257,#1258));
#1255 = ORIENTED_EDGE('',*,*,#599,.T.);
#1256 = ORIENTED_EDGE('',*,*,#582,.T.);
#1257 = ORIENTED_EDGE('',*,*,#464,.F.);
#1258 = ORIENTED_EDGE('',*,*,#352,.F.);
#1259 = FACE_BOUND('',#1260,.F.);
#1260 = EDGE_LOOP('',(#1261));
#1261 = ORIENTED_EDGE('',*,*,#623,.F.);
#1262 = PLANE('',#1263);
#1263 = AXIS2_PLACEMENT_3D('',#1264,#1265,#1266);
#1264 = CARTESIAN_POINT('',(21.89171972918,44.,3.));
#1265 = DIRECTION('',(0.,1.,0.));
#1266 = DIRECTION('',(1.,0.,0.));
#1267 = ADVANCED_FACE('',(#1268,#1305),#1311,.T.);
#1268 = FACE_BOUND('',#1269,.T.);
#1269 = EDGE_LOOP('',(#1270,#1271,#1272,#1273,#1279,#1280,#1281,#1289,
    #1297,#1303,#1304));
#1270 = ORIENTED_EDGE('',*,*,#887,.F.);
#1271 = ORIENTED_EDGE('',*,*,#929,.F.);
#1272 = ORIENTED_EDGE('',*,*,#1124,.F.);
#1273 = ORIENTED_EDGE('',*,*,#1274,.F.);
#1274 = EDGE_CURVE('',#499,#1125,#1275,.T.);
#1275 = LINE('',#1276,#1277);
#1276 = CARTESIAN_POINT('',(-31.89171972918,-12.,3.));
#1277 = VECTOR('',#1278,1.);
#1278 = DIRECTION('',(1.,0.,0.));
#1279 = ORIENTED_EDGE('',*,*,#498,.T.);
#1280 = ORIENTED_EDGE('',*,*,#731,.T.);
#1281 = ORIENTED_EDGE('',*,*,#1282,.F.);
#1282 = EDGE_CURVE('',#1283,#724,#1285,.T.);
#1283 = VERTEX_POINT('',#1284);
#1284 = CARTESIAN_POINT('',(21.89171972918,-44.,3.));
#1285 = LINE('',#1286,#1287);
#1286 = CARTESIAN_POINT('',(21.89171972918,-44.,3.));
#1287 = VECTOR('',#1288,1.);
#1288 = DIRECTION('',(0.,-1.,0.));
#1289 = ORIENTED_EDGE('',*,*,#1290,.F.);
#1290 = EDGE_CURVE('',#1291,#1283,#1293,.T.);
#1291 = VERTEX_POINT('',#1292);
#1292 = CARTESIAN_POINT('',(31.89171972918,-44.,3.));
#1293 = LINE('',#1294,#1295);
#1294 = CARTESIAN_POINT('',(31.89171972918,-44.,3.));
#1295 = VECTOR('',#1296,1.);
#1296 = DIRECTION('',(-1.,0.,0.));
#1297 = ORIENTED_EDGE('',*,*,#1298,.F.);
#1298 = EDGE_CURVE('',#700,#1291,#1299,.T.);
#1299 = LINE('',#1300,#1301);
#1300 = CARTESIAN_POINT('',(31.89171972918,-47.,3.));
#1301 = VECTOR('',#1302,1.);
#1302 = DIRECTION('',(0.,1.,0.));
#1303 = ORIENTED_EDGE('',*,*,#781,.T.);
#1304 = ORIENTED_EDGE('',*,*,#838,.F.);
#1305 = FACE_BOUND('',#1306,.T.);
#1306 = EDGE_LOOP('',(#1307,#1308,#1309,#1310));
#1307 = ORIENTED_EDGE('',*,*,#1041,.F.);
#1308 = ORIENTED_EDGE('',*,*,#1024,.F.);
#1309 = ORIENTED_EDGE('',*,*,#1000,.F.);
#1310 = ORIENTED_EDGE('',*,*,#969,.F.);
#1311 = PLANE('',#1312);
#1312 = AXIS2_PLACEMENT_3D('',#1313,#1314,#1315);
#1313 = CARTESIAN_POINT('',(0.90876899281,6.17E-15,3.));
#1314 = DIRECTION('',(0.,0.,1.));
#1315 = DIRECTION('',(1.,0.,0.));
#1316 = ADVANCED_FACE('',(#1317,#1328,#1339),#1350,.T.);
#1317 = FACE_BOUND('',#1318,.T.);
#1318 = EDGE_LOOP('',(#1319,#1320,#1326,#1327));
#1319 = ORIENTED_EDGE('',*,*,#514,.T.);
#1320 = ORIENTED_EDGE('',*,*,#1321,.T.);
#1321 = EDGE_CURVE('',#507,#1133,#1322,.T.);
#1322 = LINE('',#1323,#1324);
#1323 = CARTESIAN_POINT('',(-31.89171972918,-12.,30.));
#1324 = VECTOR('',#1325,1.);
#1325 = DIRECTION('',(1.,0.,0.));
#1326 = ORIENTED_EDGE('',*,*,#1140,.T.);
#1327 = ORIENTED_EDGE('',*,*,#1207,.T.);
#1328 = FACE_BOUND('',#1329,.T.);
#1329 = EDGE_LOOP('',(#1330));
#1330 = ORIENTED_EDGE('',*,*,#1331,.F.);
#1331 = EDGE_CURVE('',#1332,#1332,#1334,.T.);
#1332 = VERTEX_POINT('',#1333);
#1333 = CARTESIAN_POINT('',(-20.19171972918,0.,30.));
#1334 = CIRCLE('',#1335,1.4);
#1335 = AXIS2_PLACEMENT_3D('',#1336,#1337,#1338);
#1336 = CARTESIAN_POINT('',(-21.59171972918,0.,30.));
#1337 = DIRECTION('',(0.,0.,1.));
#1338 = DIRECTION('',(1.,0.,0.));
#1339 = FACE_BOUND('',#1340,.T.);
#1340 = EDGE_LOOP('',(#1341));
#1341 = ORIENTED_EDGE('',*,*,#1342,.F.);
#1342 = EDGE_CURVE('',#1343,#1343,#1345,.T.);
#1343 = VERTEX_POINT('',#1344);
#1344 = CARTESIAN_POINT('',(19.80828027082,0.,30.));
#1345 = CIRCLE('',#1346,1.4);
#1346 = AXIS2_PLACEMENT_3D('',#1347,#1348,#1349);
#1347 = CARTESIAN_POINT('',(18.40828027082,0.,30.));
#1348 = DIRECTION('',(0.,0.,1.));
#1349 = DIRECTION('',(1.,0.,0.));
#1350 = PLANE('',#1351);
#1351 = AXIS2_PLACEMENT_3D('',#1352,#1353,#1354);
#1352 = CARTESIAN_POINT('',(-1.74171972918,0.,30.));
#1353 = DIRECTION('',(0.,0.,1.));
#1354 = DIRECTION('',(1.,0.,0.));
#1355 = ADVANCED_FACE('',(#1356,#1362,#1373,#1384),#1395,.F.);
#1356 = FACE_BOUND('',#1357,.F.);
#1357 = EDGE_LOOP('',(#1358,#1359,#1360,#1361));
#1358 = ORIENTED_EDGE('',*,*,#506,.T.);
#1359 = ORIENTED_EDGE('',*,*,#1321,.T.);
#1360 = ORIENTED_EDGE('',*,*,#1132,.F.);
#1361 = ORIENTED_EDGE('',*,*,#1274,.F.);
#1362 = FACE_BOUND('',#1363,.F.);
#1363 = EDGE_LOOP('',(#1364));
#1364 = ORIENTED_EDGE('',*,*,#1365,.F.);
#1365 = EDGE_CURVE('',#1366,#1366,#1368,.T.);
#1366 = VERTEX_POINT('',#1367);
#1367 = CARTESIAN_POINT('',(-26.74171972918,-12.,16.5));
#1368 = CIRCLE('',#1369,7.);
#1369 = AXIS2_PLACEMENT_3D('',#1370,#1371,#1372);
#1370 = CARTESIAN_POINT('',(-19.74171972918,-12.,16.5));
#1371 = DIRECTION('',(0.,1.,-0.));
#1372 = DIRECTION('',(-1.,0.,0.));
#1373 = FACE_BOUND('',#1374,.F.);
#1374 = EDGE_LOOP('',(#1375));
#1375 = ORIENTED_EDGE('',*,*,#1376,.F.);
#1376 = EDGE_CURVE('',#1377,#1377,#1379,.T.);
#1377 = VERTEX_POINT('',#1378);
#1378 = CARTESIAN_POINT('',(-8.74171972918,-12.,16.5));
#1379 = CIRCLE('',#1380,7.);
#1380 = AXIS2_PLACEMENT_3D('',#1381,#1382,#1383);
#1381 = CARTESIAN_POINT('',(-1.74171972918,-12.,16.5));
#1382 = DIRECTION('',(0.,1.,-0.));
#1383 = DIRECTION('',(-1.,0.,0.));
#1384 = FACE_BOUND('',#1385,.F.);
#1385 = EDGE_LOOP('',(#1386));
#1386 = ORIENTED_EDGE('',*,*,#1387,.F.);
#1387 = EDGE_CURVE('',#1388,#1388,#1390,.T.);
#1388 = VERTEX_POINT('',#1389);
#1389 = CARTESIAN_POINT('',(9.25828027082,-12.,16.5));
#1390 = CIRCLE('',#1391,7.);
#1391 = AXIS2_PLACEMENT_3D('',#1392,#1393,#1394);
#1392 = CARTESIAN_POINT('',(16.25828027082,-12.,16.5));
#1393 = DIRECTION('',(0.,1.,-0.));
#1394 = DIRECTION('',(-1.,0.,0.));
#1395 = PLANE('',#1396);
#1396 = AXIS2_PLACEMENT_3D('',#1397,#1398,#1399);
#1397 = CARTESIAN_POINT('',(-31.89171972918,-12.,3.));
#1398 = DIRECTION('',(0.,1.,0.));
#1399 = DIRECTION('',(1.,0.,0.));
#1400 = ADVANCED_FACE('',(#1401),#1803,.F.);
#1401 = FACE_BOUND('',#1402,.F.);
#1402 = EDGE_LOOP('',(#1403,#1404,#1412,#1467,#1475,#1530,#1538,#1593,
    #1599,#1600,#1601,#1602,#1603,#1604,#1605,#1606,#1607,#1608,#1616,
    #1671,#1679,#1734,#1742,#1797));
#1403 = ORIENTED_EDGE('',*,*,#531,.F.);
#1404 = ORIENTED_EDGE('',*,*,#1405,.T.);
#1405 = EDGE_CURVE('',#532,#1406,#1408,.T.);
#1406 = VERTEX_POINT('',#1407);
#1407 = CARTESIAN_POINT('',(-25.80389755567,6.5,13.));
#1408 = LINE('',#1409,#1410);
#1409 = CARTESIAN_POINT('',(-31.89171972918,6.5,13.));
#1410 = VECTOR('',#1411,1.);
#1411 = DIRECTION('',(1.,0.,0.));
#1412 = ORIENTED_EDGE('',*,*,#1413,.F.);
#1413 = EDGE_CURVE('',#1414,#1406,#1416,.T.);
#1414 = VERTEX_POINT('',#1415);
#1415 = CARTESIAN_POINT('',(-13.67954190268,6.5,13.));
#1416 = B_SPLINE_CURVE_WITH_KNOTS('',7,(#1417,#1418,#1419,#1420,#1421,
    #1422,#1423,#1424,#1425,#1426,#1427,#1428,#1429,#1430,#1431,#1432,
    #1433,#1434,#1435,#1436,#1437,#1438,#1439,#1440,#1441,#1442,#1443,
    #1444,#1445,#1446,#1447,#1448,#1449,#1450,#1451,#1452,#1453,#1454,
    #1455,#1456,#1457,#1458,#1459,#1460,#1461,#1462,#1463,#1464,#1465,
    #1466),.UNSPECIFIED.,.F.,.F.,(8,6,6,6,6,6,6,6,8),(0.,
    7.444595980107E-02,0.126939694496,0.273806178622,0.500633255925,
    0.618450785729,0.726448937202,0.926173089628,1.),.UNSPECIFIED.);
#1417 = CARTESIAN_POINT('',(-13.67954190268,6.5,13.));
#1418 = CARTESIAN_POINT('',(-13.77086679419,6.5,12.841820647918));
#1419 = CARTESIAN_POINT('',(-13.86601388306,6.4955092387,12.688141410735
    ));
#1420 = CARTESIAN_POINT('',(-13.96468166632,6.486987134772,
    12.539049033066));
#1421 = CARTESIAN_POINT('',(-14.0665688866,6.474869938103,
    12.394610430104));
#1422 = CARTESIAN_POINT('',(-14.17137531063,6.459572020497,
    12.25487365981));
#1423 = CARTESIAN_POINT('',(-14.27880250767,6.441487166386,
    12.119868895119));
#1424 = CARTESIAN_POINT('',(-14.46594363206,6.406536695348,
    11.897760119162));
#1425 = CARTESIAN_POINT('',(-14.54452172354,6.390877814771,
    11.808230849901));
#1426 = CARTESIAN_POINT('',(-14.62421723637,6.374136817083,
    11.720993950833));
#1427 = CARTESIAN_POINT('',(-14.70496400473,6.356429582351,
    11.636019986699));
#1428 = CARTESIAN_POINT('',(-14.78670159621,6.337864811561,
    11.553277964991));
#1429 = CARTESIAN_POINT('',(-14.86937554494,6.31854456275,
    11.472735576452));
#1430 = CARTESIAN_POINT('',(-15.18672668484,6.242665556228,
    11.175079395395));
#1431 = CARTESIAN_POINT('',(-15.4275692392,6.181579512627,
    10.972660418269));
#1432 = CARTESIAN_POINT('',(-15.67443119727,6.117395754735,
    10.786388112296));
#1433 = CARTESIAN_POINT('',(-15.92655705926,6.051859236135,
    10.615579924784));
#1434 = CARTESIAN_POINT('',(-16.1834367892,5.986474483977,
    10.459623337736));
#1435 = CARTESIAN_POINT('',(-16.44476658656,5.922582251985,
    10.318014095429));
#1436 = CARTESIAN_POINT('',(-17.12066491024,5.766930605915,
    9.993293075238));
#1437 = CARTESIAN_POINT('',(-17.54251673578,5.67863497256,9.828928516819
    ));
#1438 = CARTESIAN_POINT('',(-17.97305203155,5.60169161499,9.697567355578
    ));
#1439 = CARTESIAN_POINT('',(-18.40985915247,5.540526093614,
    9.599061651532));
#1440 = CARTESIAN_POINT('',(-18.85112786031,5.498430988293,
    9.533184540005));
#1441 = CARTESIAN_POINT('',(-19.29550570286,5.477225575052,9.5));
#1442 = CARTESIAN_POINT('',(-19.97349026984,5.477225575052,9.5));
#1443 = CARTESIAN_POINT('',(-20.20516514755,5.48294656453,9.508952906479
    ));
#1444 = CARTESIAN_POINT('',(-20.43643590554,5.494380146396,
    9.526845545099));
#1445 = CARTESIAN_POINT('',(-20.66698687122,5.511388175295,
    9.553664986271));
#1446 = CARTESIAN_POINT('',(-20.89648216104,5.533702500292,
    9.589396293408));
#1447 = CARTESIAN_POINT('',(-21.12455282684,5.560932765284,
    9.634010748307));
#1448 = CARTESIAN_POINT('',(-21.55816044928,5.62159397453,9.736424974612
    ));
#1449 = CARTESIAN_POINT('',(-21.76400840548,5.654321503584,
    9.792819775214));
#1450 = CARTESIAN_POINT('',(-21.96821956664,5.690412395336,
    9.856632523684));
#1451 = CARTESIAN_POINT('',(-22.170661247,5.72946461794,9.92788961883));
#1452 = CARTESIAN_POINT('',(-22.37117620774,5.77103081558,
    10.006636892282));
#1453 = CARTESIAN_POINT('',(-22.56958234385,5.814622557375,
    10.092936210727));
#1454 = CARTESIAN_POINT('',(-23.1283074153,5.943104599239,
    10.360561942451));
#1455 = CARTESIAN_POINT('',(-23.4826160872,6.031532212258,
    10.560151099593));
#1456 = CARTESIAN_POINT('',(-23.8285759883,6.121937832718,
    10.786602448384));
#1457 = CARTESIAN_POINT('',(-24.1654083195,6.210891943263,
    11.041439892504));
#1458 = CARTESIAN_POINT('',(-24.49144127576,6.294252377389,
    11.326495763754));
#1459 = CARTESIAN_POINT('',(-24.80394946346,6.366826945876,
    11.643660196718));
#1460 = CARTESIAN_POINT('',(-25.20812547014,6.442073370896,
    12.124256610773));
#1461 = CARTESIAN_POINT('',(-25.31489985786,6.459985108612,
    12.258657034033));
#1462 = CARTESIAN_POINT('',(-25.41907629252,6.475131719584,
    12.397738876249));
#1463 = CARTESIAN_POINT('',(-25.52036050252,6.487125282595,
    12.54147155425));
#1464 = CARTESIAN_POINT('',(-25.6184566144,6.495557809261,
    12.689806941281));
#1465 = CARTESIAN_POINT('',(-25.71306790531,6.5,12.842678430756));
#1466 = CARTESIAN_POINT('',(-25.80389755567,6.5,13.));
#1467 = ORIENTED_EDGE('',*,*,#1468,.T.);
#1468 = EDGE_CURVE('',#1414,#1469,#1471,.T.);
#1469 = VERTEX_POINT('',#1470);
#1470 = CARTESIAN_POINT('',(-7.803897555671,6.5,13.));
#1471 = LINE('',#1472,#1473);
#1472 = CARTESIAN_POINT('',(-31.89171972918,6.5,13.));
#1473 = VECTOR('',#1474,1.);
#1474 = DIRECTION('',(1.,0.,0.));
#1475 = ORIENTED_EDGE('',*,*,#1476,.F.);
#1476 = EDGE_CURVE('',#1477,#1469,#1479,.T.);
#1477 = VERTEX_POINT('',#1478);
#1478 = CARTESIAN_POINT('',(4.320458097311,6.5,13.));
#1479 = B_SPLINE_CURVE_WITH_KNOTS('',7,(#1480,#1481,#1482,#1483,#1484,
    #1485,#1486,#1487,#1488,#1489,#1490,#1491,#1492,#1493,#1494,#1495,
    #1496,#1497,#1498,#1499,#1500,#1501,#1502,#1503,#1504,#1505,#1506,
    #1507,#1508,#1509,#1510,#1511,#1512,#1513,#1514,#1515,#1516,#1517,
    #1518,#1519,#1520,#1521,#1522,#1523,#1524,#1525,#1526,#1527,#1528,
    #1529),.UNSPECIFIED.,.F.,.F.,(8,6,6,6,6,6,6,6,8),(0.,
    7.44459598366E-02,0.12693969453,0.27380617865,0.500633255945,
    0.618450785744,0.726448937214,0.926173089633,1.),.UNSPECIFIED.);
#1480 = CARTESIAN_POINT('',(4.320458097311,6.5,13.));
#1481 = CARTESIAN_POINT('',(4.229133205857,6.5,12.841820648005));
#1482 = CARTESIAN_POINT('',(4.133986116946,6.495509238704,
    12.688141410742));
#1483 = CARTESIAN_POINT('',(4.035318333639,6.486987134771,
    12.539049033002));
#1484 = CARTESIAN_POINT('',(3.933431113349,6.474869938095,
    12.394610430045));
#1485 = CARTESIAN_POINT('',(3.828624689367,6.459572020494,12.25487365982
    ));
#1486 = CARTESIAN_POINT('',(3.721197492384,6.441487166397,
    12.119868895186));
#1487 = CARTESIAN_POINT('',(3.534056367932,6.406536695348,
    11.897760119162));
#1488 = CARTESIAN_POINT('',(3.455478276459,6.390877814771,
    11.808230849901));
#1489 = CARTESIAN_POINT('',(3.37578276363,6.374136817083,11.720993950833
    ));
#1490 = CARTESIAN_POINT('',(3.295035995261,6.356429582351,
    11.636019986699));
#1491 = CARTESIAN_POINT('',(3.213298403781,6.337864811561,
    11.553277964991));
#1492 = CARTESIAN_POINT('',(3.130624455058,6.31854456275,11.472735576452
    ));
#1493 = CARTESIAN_POINT('',(2.813273315159,6.242665556228,
    11.175079395395));
#1494 = CARTESIAN_POINT('',(2.572430760792,6.181579512627,10.97266041827
    ));
#1495 = CARTESIAN_POINT('',(2.325568802725,6.117395754735,
    10.786388112296));
#1496 = CARTESIAN_POINT('',(2.073442940737,6.051859236135,
    10.615579924784));
#1497 = CARTESIAN_POINT('',(1.8165632108,5.986474483977,10.459623337736)
  );
#1498 = CARTESIAN_POINT('',(1.555233413432,5.922582251985,
    10.318014095429));
#1499 = CARTESIAN_POINT('',(0.879335089756,5.766930605915,9.993293075239
    ));
#1500 = CARTESIAN_POINT('',(0.457483264213,5.67863497256,9.828928516818)
  );
#1501 = CARTESIAN_POINT('',(2.694796844787E-02,5.601691614991,
    9.69756735558));
#1502 = CARTESIAN_POINT('',(-0.409859152484,5.540526093614,
    9.599061651531));
#1503 = CARTESIAN_POINT('',(-0.851127860315,5.498430988293,
    9.533184540005));
#1504 = CARTESIAN_POINT('',(-1.295505702871,5.477225575052,9.5));
#1505 = CARTESIAN_POINT('',(-1.973490269845,5.477225575052,9.5));
#1506 = CARTESIAN_POINT('',(-2.205165147555,5.48294656453,9.508952906479
    ));
#1507 = CARTESIAN_POINT('',(-2.436435905543,5.494380146396,
    9.526845545099));
#1508 = CARTESIAN_POINT('',(-2.666986871229,5.511388175295,
    9.553664986271));
#1509 = CARTESIAN_POINT('',(-2.896482161046,5.533702500292,
    9.589396293408));
#1510 = CARTESIAN_POINT('',(-3.124552826842,5.560932765284,
    9.634010748307));
#1511 = CARTESIAN_POINT('',(-3.55816044928,5.62159397453,9.736424974612)
  );
#1512 = CARTESIAN_POINT('',(-3.764008405486,5.654321503584,
    9.792819775214));
#1513 = CARTESIAN_POINT('',(-3.968219566643,5.690412395336,
    9.856632523684));
#1514 = CARTESIAN_POINT('',(-4.170661247,5.72946461794,9.92788961883));
#1515 = CARTESIAN_POINT('',(-4.371176207747,5.77103081558,
    10.006636892282));
#1516 = CARTESIAN_POINT('',(-4.569582343852,5.814622557375,
    10.092936210727));
#1517 = CARTESIAN_POINT('',(-5.128307415304,5.943104599239,
    10.360561942451));
#1518 = CARTESIAN_POINT('',(-5.482616087209,6.031532212258,
    10.560151099593));
#1519 = CARTESIAN_POINT('',(-5.828575988303,6.121937832719,
    10.786602448385));
#1520 = CARTESIAN_POINT('',(-6.165408319502,6.210891943263,
    11.041439892505));
#1521 = CARTESIAN_POINT('',(-6.491441275768,6.294252377389,
    11.326495763751));
#1522 = CARTESIAN_POINT('',(-6.803949463466,6.366826945876,
    11.64366019672));
#1523 = CARTESIAN_POINT('',(-7.208125470143,6.442073370895,
    12.124256610769));
#1524 = CARTESIAN_POINT('',(-7.314899857868,6.459985108612,
    12.258657034033));
#1525 = CARTESIAN_POINT('',(-7.419076292526,6.475131719585,
    12.397738876252));
#1526 = CARTESIAN_POINT('',(-7.52036050253,6.487125282595,
    12.541471554253));
#1527 = CARTESIAN_POINT('',(-7.6184566144,6.495557809261,12.689806941281
    ));
#1528 = CARTESIAN_POINT('',(-7.713067905316,6.5,12.842678430752));
#1529 = CARTESIAN_POINT('',(-7.803897555671,6.5,13.));
#1530 = ORIENTED_EDGE('',*,*,#1531,.T.);
#1531 = EDGE_CURVE('',#1477,#1532,#1534,.T.);
#1532 = VERTEX_POINT('',#1533);
#1533 = CARTESIAN_POINT('',(10.196102444329,6.5,13.));
#1534 = LINE('',#1535,#1536);
#1535 = CARTESIAN_POINT('',(-31.89171972918,6.5,13.));
#1536 = VECTOR('',#1537,1.);
#1537 = DIRECTION('',(1.,0.,0.));
#1538 = ORIENTED_EDGE('',*,*,#1539,.F.);
#1539 = EDGE_CURVE('',#1540,#1532,#1542,.T.);
#1540 = VERTEX_POINT('',#1541);
#1541 = CARTESIAN_POINT('',(22.320458097311,6.5,13.));
#1542 = B_SPLINE_CURVE_WITH_KNOTS('',7,(#1543,#1544,#1545,#1546,#1547,
    #1548,#1549,#1550,#1551,#1552,#1553,#1554,#1555,#1556,#1557,#1558,
    #1559,#1560,#1561,#1562,#1563,#1564,#1565,#1566,#1567,#1568,#1569,
    #1570,#1571,#1572,#1573,#1574,#1575,#1576,#1577,#1578,#1579,#1580,
    #1581,#1582,#1583,#1584,#1585,#1586,#1587,#1588,#1589,#1590,#1591,
    #1592),.UNSPECIFIED.,.F.,.F.,(8,6,6,6,6,6,6,6,8),(0.,
    7.444596613466E-02,0.126939702789,0.273806185517,0.500633260661,
    0.618450789344,0.726448939789,0.926173090315,1.),.UNSPECIFIED.);
#1543 = CARTESIAN_POINT('',(22.320458097311,6.5,13.));
#1544 = CARTESIAN_POINT('',(22.229133205806,6.5,12.841820647918));
#1545 = CARTESIAN_POINT('',(22.133986116935,6.4955092387,12.688141410735
    ));
#1546 = CARTESIAN_POINT('',(22.035318333678,6.486987134772,
    12.539049033067));
#1547 = CARTESIAN_POINT('',(21.933431113395,6.474869938103,
    12.394610430104));
#1548 = CARTESIAN_POINT('',(21.828624689366,6.459572020497,
    12.25487365981));
#1549 = CARTESIAN_POINT('',(21.721197492328,6.441487166386,
    12.119868895119));
#1550 = CARTESIAN_POINT('',(21.534056371627,6.406536696038,
    11.897760123548));
#1551 = CARTESIAN_POINT('',(21.455478276998,6.39087781494,
    11.808230850211));
#1552 = CARTESIAN_POINT('',(21.375782760677,6.374136816502,
    11.720993947459));
#1553 = CARTESIAN_POINT('',(21.295035992126,6.356429581625,
    11.636019983636));
#1554 = CARTESIAN_POINT('',(21.213298404087,6.337864811569,
    11.553277965582));
#1555 = CARTESIAN_POINT('',(21.130624458972,6.318544563686,
    11.472735580123));
#1556 = CARTESIAN_POINT('',(20.81327331516,6.242665556228,
    11.175079395395));
#1557 = CARTESIAN_POINT('',(20.572430760792,6.181579512627,
    10.97266041827));
#1558 = CARTESIAN_POINT('',(20.325568802725,6.117395754734,
    10.786388112296));
#1559 = CARTESIAN_POINT('',(20.073442940737,6.051859236134,
    10.615579924784));
#1560 = CARTESIAN_POINT('',(19.8165632108,5.986474483977,10.459623337736
    ));
#1561 = CARTESIAN_POINT('',(19.555233413432,5.922582251985,
    10.318014095429));
#1562 = CARTESIAN_POINT('',(18.879335089755,5.766930605915,
    9.993293075239));
#1563 = CARTESIAN_POINT('',(18.457483264214,5.67863497256,9.828928516819
    ));
#1564 = CARTESIAN_POINT('',(18.026947968447,5.601691614991,
    9.697567355579));
#1565 = CARTESIAN_POINT('',(17.590140847517,5.540526093614,
    9.599061651531));
#1566 = CARTESIAN_POINT('',(17.148872139684,5.498430988293,
    9.533184540005));
#1567 = CARTESIAN_POINT('',(16.70449429713,5.477225575052,9.5));
#1568 = CARTESIAN_POINT('',(16.026509730155,5.477225575052,9.5));
#1569 = CARTESIAN_POINT('',(15.794834852445,5.48294656453,9.508952906479
    ));
#1570 = CARTESIAN_POINT('',(15.563564094457,5.494380146396,
    9.526845545099));
#1571 = CARTESIAN_POINT('',(15.333013128771,5.511388175295,
    9.553664986271));
#1572 = CARTESIAN_POINT('',(15.103517838954,5.533702500292,
    9.589396293408));
#1573 = CARTESIAN_POINT('',(14.875447173158,5.560932765284,
    9.634010748307));
#1574 = CARTESIAN_POINT('',(14.44183955072,5.62159397453,9.736424974612)
  );
#1575 = CARTESIAN_POINT('',(14.235991594514,5.654321503584,
    9.792819775214));
#1576 = CARTESIAN_POINT('',(14.031780433357,5.690412395336,
    9.856632523684));
#1577 = CARTESIAN_POINT('',(13.829338753,5.72946461794,9.927889618829));
#1578 = CARTESIAN_POINT('',(13.628823792253,5.77103081558,
    10.006636892282));
#1579 = CARTESIAN_POINT('',(13.430417656148,5.814622557375,
    10.092936210727));
#1580 = CARTESIAN_POINT('',(12.871692584695,5.943104599239,
    10.360561942451));
#1581 = CARTESIAN_POINT('',(12.517383912792,6.031532212258,
    10.560151099592));
#1582 = CARTESIAN_POINT('',(12.171424011697,6.121937832719,
    10.786602448385));
#1583 = CARTESIAN_POINT('',(11.834591680499,6.210891943262,
    11.041439892503));
#1584 = CARTESIAN_POINT('',(11.508558724231,6.294252377389,
    11.326495763752));
#1585 = CARTESIAN_POINT('',(11.196050536535,6.366826945876,
    11.643660196719));
#1586 = CARTESIAN_POINT('',(10.791874529831,6.4420733709,12.1242566108)
  );
#1587 = CARTESIAN_POINT('',(10.685100142132,6.459985108611,
    12.258657034037));
#1588 = CARTESIAN_POINT('',(10.580923707495,6.475131719581,
    12.397738876225));
#1589 = CARTESIAN_POINT('',(10.479639497488,6.487125282595,
    12.541471554223));
#1590 = CARTESIAN_POINT('',(10.381543385595,6.495557809263,
    12.689806941284));
#1591 = CARTESIAN_POINT('',(10.28693209466,6.5,12.842678430792));
#1592 = CARTESIAN_POINT('',(10.196102444329,6.5,13.));
#1593 = ORIENTED_EDGE('',*,*,#1594,.T.);
#1594 = EDGE_CURVE('',#1540,#1157,#1595,.T.);
#1595 = LINE('',#1596,#1597);
#1596 = CARTESIAN_POINT('',(-31.89171972918,6.5,13.));
#1597 = VECTOR('',#1598,1.);
#1598 = DIRECTION('',(1.,0.,0.));
#1599 = ORIENTED_EDGE('',*,*,#1156,.T.);
#1600 = ORIENTED_EDGE('',*,*,#648,.T.);
#1601 = ORIENTED_EDGE('',*,*,#681,.T.);
#1602 = ORIENTED_EDGE('',*,*,#765,.T.);
#1603 = ORIENTED_EDGE('',*,*,#814,.T.);
#1604 = ORIENTED_EDGE('',*,*,#863,.F.);
#1605 = ORIENTED_EDGE('',*,*,#911,.T.);
#1606 = ORIENTED_EDGE('',*,*,#945,.F.);
#1607 = ORIENTED_EDGE('',*,*,#1190,.T.);
#1608 = ORIENTED_EDGE('',*,*,#1609,.F.);
#1609 = EDGE_CURVE('',#1610,#1183,#1612,.T.);
#1610 = VERTEX_POINT('',#1611);
#1611 = CARTESIAN_POINT('',(22.320458097311,-6.5,13.));
#1612 = LINE('',#1613,#1614);
#1613 = CARTESIAN_POINT('',(-31.89171972918,-6.5,13.));
#1614 = VECTOR('',#1615,1.);
#1615 = DIRECTION('',(1.,0.,0.));
#1616 = ORIENTED_EDGE('',*,*,#1617,.T.);
#1617 = EDGE_CURVE('',#1610,#1618,#1620,.T.);
#1618 = VERTEX_POINT('',#1619);
#1619 = CARTESIAN_POINT('',(10.196102444329,-6.5,13.));
#1620 = B_SPLINE_CURVE_WITH_KNOTS('',7,(#1621,#1622,#1623,#1624,#1625,
    #1626,#1627,#1628,#1629,#1630,#1631,#1632,#1633,#1634,#1635,#1636,
    #1637,#1638,#1639,#1640,#1641,#1642,#1643,#1644,#1645,#1646,#1647,
    #1648,#1649,#1650,#1651,#1652,#1653,#1654,#1655,#1656,#1657,#1658,
    #1659,#1660,#1661,#1662,#1663,#1664,#1665,#1666,#1667,#1668,#1669,
    #1670),.UNSPECIFIED.,.F.,.F.,(8,6,6,6,6,6,6,6,8),(0.,
    7.444596613623E-02,0.126939702792,0.273806185522,0.50063326067,
    0.618450789355,0.726448939802,0.926173090332,1.),.UNSPECIFIED.);
#1621 = CARTESIAN_POINT('',(22.320458097311,-6.5,13.));
#1622 = CARTESIAN_POINT('',(22.229133205806,-6.5,12.841820647918));
#1623 = CARTESIAN_POINT('',(22.133986116935,-6.4955092387,
    12.688141410735));
#1624 = CARTESIAN_POINT('',(22.035318333678,-6.486987134772,
    12.539049033066));
#1625 = CARTESIAN_POINT('',(21.933431113395,-6.474869938103,
    12.394610430104));
#1626 = CARTESIAN_POINT('',(21.828624689366,-6.459572020497,
    12.25487365981));
#1627 = CARTESIAN_POINT('',(21.721197492327,-6.441487166386,
    12.119868895119));
#1628 = CARTESIAN_POINT('',(21.534056371627,-6.406536696038,
    11.897760123548));
#1629 = CARTESIAN_POINT('',(21.455478276998,-6.39087781494,
    11.808230850211));
#1630 = CARTESIAN_POINT('',(21.375782760677,-6.374136816502,
    11.720993947459));
#1631 = CARTESIAN_POINT('',(21.295035992126,-6.356429581625,
    11.636019983636));
#1632 = CARTESIAN_POINT('',(21.213298404087,-6.337864811569,
    11.553277965582));
#1633 = CARTESIAN_POINT('',(21.130624458972,-6.318544563686,
    11.472735580123));
#1634 = CARTESIAN_POINT('',(20.81327331516,-6.242665556228,
    11.175079395396));
#1635 = CARTESIAN_POINT('',(20.572430760792,-6.181579512627,
    10.972660418269));
#1636 = CARTESIAN_POINT('',(20.325568802725,-6.117395754735,
    10.786388112296));
#1637 = CARTESIAN_POINT('',(20.073442940737,-6.051859236135,
    10.615579924784));
#1638 = CARTESIAN_POINT('',(19.816563210799,-5.986474483977,
    10.459623337736));
#1639 = CARTESIAN_POINT('',(19.555233413433,-5.922582251985,
    10.318014095429));
#1640 = CARTESIAN_POINT('',(18.879335089755,-5.766930605915,
    9.993293075239));
#1641 = CARTESIAN_POINT('',(18.457483264215,-5.67863497256,
    9.828928516819));
#1642 = CARTESIAN_POINT('',(18.026947968444,-5.60169161499,
    9.697567355579));
#1643 = CARTESIAN_POINT('',(17.590140847519,-5.540526093614,
    9.599061651531));
#1644 = CARTESIAN_POINT('',(17.148872139683,-5.498430988293,
    9.533184540005));
#1645 = CARTESIAN_POINT('',(16.70449429713,-5.477225575052,9.5));
#1646 = CARTESIAN_POINT('',(16.026509730155,-5.477225575052,9.5));
#1647 = CARTESIAN_POINT('',(15.794834852445,-5.48294656453,
    9.508952906479));
#1648 = CARTESIAN_POINT('',(15.563564094457,-5.494380146396,
    9.526845545099));
#1649 = CARTESIAN_POINT('',(15.333013128771,-5.511388175295,
    9.553664986271));
#1650 = CARTESIAN_POINT('',(15.103517838954,-5.533702500292,
    9.589396293408));
#1651 = CARTESIAN_POINT('',(14.875447173158,-5.560932765284,
    9.634010748307));
#1652 = CARTESIAN_POINT('',(14.44183955072,-5.62159397453,9.736424974612
    ));
#1653 = CARTESIAN_POINT('',(14.235991594514,-5.654321503584,
    9.792819775214));
#1654 = CARTESIAN_POINT('',(14.031780433357,-5.690412395336,
    9.856632523684));
#1655 = CARTESIAN_POINT('',(13.829338753,-5.72946461794,9.927889618829)
  );
#1656 = CARTESIAN_POINT('',(13.628823792253,-5.77103081558,
    10.006636892282));
#1657 = CARTESIAN_POINT('',(13.430417656148,-5.814622557375,
    10.092936210727));
#1658 = CARTESIAN_POINT('',(12.871692584696,-5.943104599239,
    10.360561942451));
#1659 = CARTESIAN_POINT('',(12.517383912789,-6.031532212258,
    10.560151099594));
#1660 = CARTESIAN_POINT('',(12.171424011703,-6.121937832718,
    10.786602448381));
#1661 = CARTESIAN_POINT('',(11.834591680494,-6.210891943263,
    11.041439892506));
#1662 = CARTESIAN_POINT('',(11.508558724232,-6.294252377389,
    11.326495763752));
#1663 = CARTESIAN_POINT('',(11.196050536536,-6.366826945876,
    11.643660196718));
#1664 = CARTESIAN_POINT('',(10.791874529857,-6.442073370895,
    12.124256610769));
#1665 = CARTESIAN_POINT('',(10.685100142132,-6.459985108612,
    12.258657034032));
#1666 = CARTESIAN_POINT('',(10.580923707474,-6.475131719585,
    12.397738876252));
#1667 = CARTESIAN_POINT('',(10.47963949747,-6.487125282595,
    12.541471554253));
#1668 = CARTESIAN_POINT('',(10.3815433856,-6.495557809261,
    12.689806941281));
#1669 = CARTESIAN_POINT('',(10.286932094684,-6.5,12.842678430752));
#1670 = CARTESIAN_POINT('',(10.196102444329,-6.5,13.));
#1671 = ORIENTED_EDGE('',*,*,#1672,.F.);
#1672 = EDGE_CURVE('',#1673,#1618,#1675,.T.);
#1673 = VERTEX_POINT('',#1674);
#1674 = CARTESIAN_POINT('',(4.320458097311,-6.5,13.));
#1675 = LINE('',#1676,#1677);
#1676 = CARTESIAN_POINT('',(-31.89171972918,-6.5,13.));
#1677 = VECTOR('',#1678,1.);
#1678 = DIRECTION('',(1.,0.,0.));
#1679 = ORIENTED_EDGE('',*,*,#1680,.T.);
#1680 = EDGE_CURVE('',#1673,#1681,#1683,.T.);
#1681 = VERTEX_POINT('',#1682);
#1682 = CARTESIAN_POINT('',(-7.803897555671,-6.5,13.));
#1683 = B_SPLINE_CURVE_WITH_KNOTS('',7,(#1684,#1685,#1686,#1687,#1688,
    #1689,#1690,#1691,#1692,#1693,#1694,#1695,#1696,#1697,#1698,#1699,
    #1700,#1701,#1702,#1703,#1704,#1705,#1706,#1707,#1708,#1709,#1710,
    #1711,#1712,#1713,#1714,#1715,#1716,#1717,#1718,#1719,#1720,#1721,
    #1722,#1723,#1724,#1725,#1726,#1727,#1728,#1729,#1730,#1731,#1732,
    #1733),.UNSPECIFIED.,.F.,.F.,(8,6,6,6,6,6,6,6,8),(0.,
    7.444596617001E-02,0.126939702822,0.273806185545,0.50063326068,
    0.618450789358,0.726448939799,0.926173090318,1.),.UNSPECIFIED.);
#1684 = CARTESIAN_POINT('',(4.320458097311,-6.5,13.));
#1685 = CARTESIAN_POINT('',(4.229133205857,-6.5,12.841820648005));
#1686 = CARTESIAN_POINT('',(4.133986116946,-6.495509238704,
    12.688141410743));
#1687 = CARTESIAN_POINT('',(4.035318333639,-6.486987134771,
    12.539049033002));
#1688 = CARTESIAN_POINT('',(3.933431113349,-6.474869938095,
    12.394610430045));
#1689 = CARTESIAN_POINT('',(3.828624689367,-6.459572020494,
    12.25487365982));
#1690 = CARTESIAN_POINT('',(3.721197492384,-6.441487166397,
    12.119868895186));
#1691 = CARTESIAN_POINT('',(3.534056371627,-6.406536696038,
    11.897760123548));
#1692 = CARTESIAN_POINT('',(3.455478276998,-6.39087781494,
    11.808230850211));
#1693 = CARTESIAN_POINT('',(3.375782760677,-6.374136816502,
    11.720993947459));
#1694 = CARTESIAN_POINT('',(3.295035992126,-6.356429581625,
    11.636019983636));
#1695 = CARTESIAN_POINT('',(3.213298404087,-6.337864811569,
    11.553277965582));
#1696 = CARTESIAN_POINT('',(3.130624458972,-6.318544563686,
    11.472735580123));
#1697 = CARTESIAN_POINT('',(2.81327331516,-6.242665556228,
    11.175079395395));
#1698 = CARTESIAN_POINT('',(2.572430760792,-6.181579512627,
    10.97266041827));
#1699 = CARTESIAN_POINT('',(2.325568802725,-6.117395754734,
    10.786388112296));
#1700 = CARTESIAN_POINT('',(2.073442940737,-6.051859236134,
    10.615579924784));
#1701 = CARTESIAN_POINT('',(1.8165632108,-5.986474483977,10.459623337736
    ));
#1702 = CARTESIAN_POINT('',(1.555233413433,-5.922582251985,
    10.318014095429));
#1703 = CARTESIAN_POINT('',(0.879335089755,-5.766930605915,
    9.993293075239));
#1704 = CARTESIAN_POINT('',(0.457483264216,-5.678634972561,
    9.828928516819));
#1705 = CARTESIAN_POINT('',(2.694796844101E-02,-5.60169161499,
    9.697567355578));
#1706 = CARTESIAN_POINT('',(-0.409859152477,-5.540526093615,
    9.599061651532));
#1707 = CARTESIAN_POINT('',(-0.851127860318,-5.498430988292,
    9.533184540005));
#1708 = CARTESIAN_POINT('',(-1.29550570287,-5.477225575052,9.5));
#1709 = CARTESIAN_POINT('',(-1.973490269845,-5.477225575052,9.5));
#1710 = CARTESIAN_POINT('',(-2.205165147555,-5.48294656453,
    9.508952906479));
#1711 = CARTESIAN_POINT('',(-2.436435905543,-5.494380146396,
    9.526845545099));
#1712 = CARTESIAN_POINT('',(-2.666986871229,-5.511388175295,
    9.553664986271));
#1713 = CARTESIAN_POINT('',(-2.896482161046,-5.533702500292,
    9.589396293408));
#1714 = CARTESIAN_POINT('',(-3.124552826842,-5.560932765284,
    9.634010748307));
#1715 = CARTESIAN_POINT('',(-3.55816044928,-5.62159397453,9.736424974612
    ));
#1716 = CARTESIAN_POINT('',(-3.764008405486,-5.654321503584,
    9.792819775214));
#1717 = CARTESIAN_POINT('',(-3.968219566643,-5.690412395336,
    9.856632523684));
#1718 = CARTESIAN_POINT('',(-4.170661247,-5.72946461794,9.927889618829)
  );
#1719 = CARTESIAN_POINT('',(-4.371176207747,-5.77103081558,
    10.006636892282));
#1720 = CARTESIAN_POINT('',(-4.569582343852,-5.814622557375,
    10.092936210727));
#1721 = CARTESIAN_POINT('',(-5.128307415306,-5.943104599239,
    10.360561942452));
#1722 = CARTESIAN_POINT('',(-5.482616087209,-6.031532212258,
    10.560151099593));
#1723 = CARTESIAN_POINT('',(-5.828575988299,-6.121937832718,
    10.786602448382));
#1724 = CARTESIAN_POINT('',(-6.165408319504,-6.210891943263,
    11.041439892504));
#1725 = CARTESIAN_POINT('',(-6.49144127577,-6.294252377389,
    11.326495763754));
#1726 = CARTESIAN_POINT('',(-6.803949463464,-6.366826945876,
    11.643660196717));
#1727 = CARTESIAN_POINT('',(-7.208125470169,-6.4420733709,12.1242566108)
  );
#1728 = CARTESIAN_POINT('',(-7.314899857868,-6.459985108611,
    12.258657034037));
#1729 = CARTESIAN_POINT('',(-7.419076292505,-6.475131719581,
    12.397738876225));
#1730 = CARTESIAN_POINT('',(-7.520360502512,-6.487125282595,
    12.541471554223));
#1731 = CARTESIAN_POINT('',(-7.618456614405,-6.495557809263,
    12.689806941284));
#1732 = CARTESIAN_POINT('',(-7.71306790534,-6.5,12.842678430792));
#1733 = CARTESIAN_POINT('',(-7.803897555671,-6.5,13.));
#1734 = ORIENTED_EDGE('',*,*,#1735,.F.);
#1735 = EDGE_CURVE('',#1736,#1681,#1738,.T.);
#1736 = VERTEX_POINT('',#1737);
#1737 = CARTESIAN_POINT('',(-13.67954190268,-6.5,13.));
#1738 = LINE('',#1739,#1740);
#1739 = CARTESIAN_POINT('',(-31.89171972918,-6.5,13.));
#1740 = VECTOR('',#1741,1.);
#1741 = DIRECTION('',(1.,0.,0.));
#1742 = ORIENTED_EDGE('',*,*,#1743,.T.);
#1743 = EDGE_CURVE('',#1736,#1744,#1746,.T.);
#1744 = VERTEX_POINT('',#1745);
#1745 = CARTESIAN_POINT('',(-25.80389755567,-6.5,13.));
#1746 = B_SPLINE_CURVE_WITH_KNOTS('',7,(#1747,#1748,#1749,#1750,#1751,
    #1752,#1753,#1754,#1755,#1756,#1757,#1758,#1759,#1760,#1761,#1762,
    #1763,#1764,#1765,#1766,#1767,#1768,#1769,#1770,#1771,#1772,#1773,
    #1774,#1775,#1776,#1777,#1778,#1779,#1780,#1781,#1782,#1783,#1784,
    #1785,#1786,#1787,#1788,#1789,#1790,#1791,#1792,#1793,#1794,#1795,
    #1796),.UNSPECIFIED.,.F.,.F.,(8,6,6,6,6,6,6,6,8),(0.,
    7.444595980145E-02,0.126939694495,0.273806178618,0.500633255917,
    0.618450785719,0.72644893719,0.926173089614,1.),.UNSPECIFIED.);
#1747 = CARTESIAN_POINT('',(-13.67954190268,-6.5,13.));
#1748 = CARTESIAN_POINT('',(-13.77086679419,-6.5,12.841820647922));
#1749 = CARTESIAN_POINT('',(-13.86601388306,-6.4955092387,
    12.688141410735));
#1750 = CARTESIAN_POINT('',(-13.96468166632,-6.486987134772,
    12.539049033063));
#1751 = CARTESIAN_POINT('',(-14.0665688866,-6.474869938102,
    12.394610430101));
#1752 = CARTESIAN_POINT('',(-14.17137531063,-6.459572020497,
    12.25487365981));
#1753 = CARTESIAN_POINT('',(-14.27880250767,-6.441487166387,
    12.119868895122));
#1754 = CARTESIAN_POINT('',(-14.46594363206,-6.406536695348,
    11.897760119162));
#1755 = CARTESIAN_POINT('',(-14.54452172354,-6.390877814771,
    11.808230849902));
#1756 = CARTESIAN_POINT('',(-14.62421723637,-6.374136817083,
    11.720993950833));
#1757 = CARTESIAN_POINT('',(-14.70496400473,-6.356429582351,
    11.636019986699));
#1758 = CARTESIAN_POINT('',(-14.78670159621,-6.337864811561,
    11.553277964991));
#1759 = CARTESIAN_POINT('',(-14.86937554494,-6.31854456275,
    11.472735576451));
#1760 = CARTESIAN_POINT('',(-15.18672668484,-6.242665556228,
    11.175079395395));
#1761 = CARTESIAN_POINT('',(-15.4275692392,-6.181579512627,
    10.97266041827));
#1762 = CARTESIAN_POINT('',(-15.67443119727,-6.117395754734,
    10.786388112296));
#1763 = CARTESIAN_POINT('',(-15.92655705926,-6.051859236134,
    10.615579924784));
#1764 = CARTESIAN_POINT('',(-16.1834367892,-5.986474483977,
    10.459623337737));
#1765 = CARTESIAN_POINT('',(-16.44476658656,-5.922582251985,
    10.318014095428));
#1766 = CARTESIAN_POINT('',(-17.12066491024,-5.766930605915,
    9.993293075238));
#1767 = CARTESIAN_POINT('',(-17.54251673578,-5.678634972561,
    9.82892851682));
#1768 = CARTESIAN_POINT('',(-17.97305203156,-5.60169161499,
    9.697567355577));
#1769 = CARTESIAN_POINT('',(-18.40985915247,-5.540526093615,
    9.599061651532));
#1770 = CARTESIAN_POINT('',(-18.85112786032,-5.498430988292,
    9.533184540005));
#1771 = CARTESIAN_POINT('',(-19.29550570286,-5.477225575052,9.5));
#1772 = CARTESIAN_POINT('',(-19.97349026984,-5.477225575052,9.5));
#1773 = CARTESIAN_POINT('',(-20.20516514755,-5.48294656453,
    9.508952906479));
#1774 = CARTESIAN_POINT('',(-20.43643590554,-5.494380146396,
    9.526845545099));
#1775 = CARTESIAN_POINT('',(-20.66698687122,-5.511388175295,
    9.553664986271));
#1776 = CARTESIAN_POINT('',(-20.89648216104,-5.533702500292,
    9.589396293408));
#1777 = CARTESIAN_POINT('',(-21.12455282684,-5.560932765284,
    9.634010748307));
#1778 = CARTESIAN_POINT('',(-21.55816044928,-5.62159397453,
    9.736424974612));
#1779 = CARTESIAN_POINT('',(-21.76400840548,-5.654321503584,
    9.792819775214));
#1780 = CARTESIAN_POINT('',(-21.96821956664,-5.690412395336,
    9.856632523684));
#1781 = CARTESIAN_POINT('',(-22.170661247,-5.72946461794,9.927889618829)
  );
#1782 = CARTESIAN_POINT('',(-22.37117620774,-5.77103081558,
    10.006636892282));
#1783 = CARTESIAN_POINT('',(-22.56958234385,-5.814622557375,
    10.092936210727));
#1784 = CARTESIAN_POINT('',(-23.1283074153,-5.943104599239,
    10.360561942452));
#1785 = CARTESIAN_POINT('',(-23.4826160872,-6.031532212258,
    10.560151099593));
#1786 = CARTESIAN_POINT('',(-23.82857598829,-6.121937832717,
    10.786602448381));
#1787 = CARTESIAN_POINT('',(-24.1654083195,-6.210891943264,
    11.041439892503));
#1788 = CARTESIAN_POINT('',(-24.49144127577,-6.29425237739,
    11.326495763759));
#1789 = CARTESIAN_POINT('',(-24.80394946346,-6.366826945875,
    11.643660196714));
#1790 = CARTESIAN_POINT('',(-25.20812547016,-6.4420733709,12.1242566108)
  );
#1791 = CARTESIAN_POINT('',(-25.31489985786,-6.459985108611,
    12.258657034037));
#1792 = CARTESIAN_POINT('',(-25.4190762925,-6.475131719581,
    12.397738876225));
#1793 = CARTESIAN_POINT('',(-25.52036050251,-6.487125282595,
    12.541471554223));
#1794 = CARTESIAN_POINT('',(-25.6184566144,-6.495557809263,
    12.689806941284));
#1795 = CARTESIAN_POINT('',(-25.71306790534,-6.5,12.842678430792));
#1796 = CARTESIAN_POINT('',(-25.80389755567,-6.5,13.));
#1797 = ORIENTED_EDGE('',*,*,#1798,.F.);
#1798 = EDGE_CURVE('',#534,#1744,#1799,.T.);
#1799 = LINE('',#1800,#1801);
#1800 = CARTESIAN_POINT('',(-31.89171972918,-6.5,13.));
#1801 = VECTOR('',#1802,1.);
#1802 = DIRECTION('',(1.,0.,0.));
#1803 = CYLINDRICAL_SURFACE('',#1804,6.5);
#1804 = AXIS2_PLACEMENT_3D('',#1805,#1806,#1807);
#1805 = CARTESIAN_POINT('',(-31.89171972918,0.,13.));
#1806 = DIRECTION('',(-1.,0.,0.));
#1807 = DIRECTION('',(0.,-1.,0.));
#1808 = ADVANCED_FACE('',(#1809),#1837,.F.);
#1809 = FACE_BOUND('',#1810,.F.);
#1810 = EDGE_LOOP('',(#1811,#1812,#1813,#1822,#1831));
#1811 = ORIENTED_EDGE('',*,*,#559,.F.);
#1812 = ORIENTED_EDGE('',*,*,#1798,.T.);
#1813 = ORIENTED_EDGE('',*,*,#1814,.T.);
#1814 = EDGE_CURVE('',#1744,#1815,#1817,.T.);
#1815 = VERTEX_POINT('',#1816);
#1816 = CARTESIAN_POINT('',(-26.74171972918,-6.5,16.5));
#1817 = CIRCLE('',#1818,7.);
#1818 = AXIS2_PLACEMENT_3D('',#1819,#1820,#1821);
#1819 = CARTESIAN_POINT('',(-19.74171972918,-6.5,16.5));
#1820 = DIRECTION('',(0.,1.,-2.2E-16));
#1821 = DIRECTION('',(-1.,0.,0.));
#1822 = ORIENTED_EDGE('',*,*,#1823,.T.);
#1823 = EDGE_CURVE('',#1815,#1824,#1826,.T.);
#1824 = VERTEX_POINT('',#1825);
#1825 = CARTESIAN_POINT('',(-26.28006814449,-6.5,19.));
#1826 = CIRCLE('',#1827,7.);
#1827 = AXIS2_PLACEMENT_3D('',#1828,#1829,#1830);
#1828 = CARTESIAN_POINT('',(-19.74171972918,-6.5,16.5));
#1829 = DIRECTION('',(0.,1.,-2.2E-16));
#1830 = DIRECTION('',(-1.,0.,0.));
#1831 = ORIENTED_EDGE('',*,*,#1832,.F.);
#1832 = EDGE_CURVE('',#551,#1824,#1833,.T.);
#1833 = LINE('',#1834,#1835);
#1834 = CARTESIAN_POINT('',(-31.89171972918,-6.5,19.));
#1835 = VECTOR('',#1836,1.);
#1836 = DIRECTION('',(1.,0.,0.));
#1837 = PLANE('',#1838);
#1838 = AXIS2_PLACEMENT_3D('',#1839,#1840,#1841);
#1839 = CARTESIAN_POINT('',(-31.89171972918,-6.5,13.));
#1840 = DIRECTION('',(0.,-1.,0.));
#1841 = DIRECTION('',(0.,0.,1.));
#1842 = ADVANCED_FACE('',(#1843,#2266,#2331),#2396,.F.);
#1843 = FACE_BOUND('',#1844,.F.);
#1844 = EDGE_LOOP('',(#1845,#1846,#1847,#1908,#1916,#1977,#1985,#2046,
    #2052,#2053,#2061,#2122,#2130,#2191,#2199,#2260));
#1845 = ORIENTED_EDGE('',*,*,#550,.F.);
#1846 = ORIENTED_EDGE('',*,*,#1832,.T.);
#1847 = ORIENTED_EDGE('',*,*,#1848,.T.);
#1848 = EDGE_CURVE('',#1824,#1849,#1851,.T.);
#1849 = VERTEX_POINT('',#1850);
#1850 = CARTESIAN_POINT('',(-13.20337131386,-6.5,19.));
#1851 = B_SPLINE_CURVE_WITH_KNOTS('',7,(#1852,#1853,#1854,#1855,#1856,
    #1857,#1858,#1859,#1860,#1861,#1862,#1863,#1864,#1865,#1866,#1867,
    #1868,#1869,#1870,#1871,#1872,#1873,#1874,#1875,#1876,#1877,#1878,
    #1879,#1880,#1881,#1882,#1883,#1884,#1885,#1886,#1887,#1888,#1889,
    #1890,#1891,#1892,#1893,#1894,#1895,#1896,#1897,#1898,#1899,#1900,
    #1901,#1902,#1903,#1904,#1905,#1906,#1907),.UNSPECIFIED.,.F.,.F.,(8,
    6,6,6,6,6,6,6,6,8),(0.,7.694539270178E-02,0.129621148953,
    0.269636802449,0.388138995482,0.4998827768,0.609720191794,
    0.730007254089,0.92311508552,1.),.UNSPECIFIED.);
#1852 = CARTESIAN_POINT('',(-26.28006814449,-6.5,19.));
#1853 = CARTESIAN_POINT('',(-26.19848441595,-6.5,19.213369136873));
#1854 = CARTESIAN_POINT('',(-26.10983752716,-6.491828878415,
    19.420858305236));
#1855 = CARTESIAN_POINT('',(-26.01470798087,-6.476296215723,
    19.622092011288));
#1856 = CARTESIAN_POINT('',(-25.91370953837,-6.454202120437,
    19.816744944709));
#1857 = CARTESIAN_POINT('',(-25.80749059344,-6.426337667568,
    20.00453873816));
#1858 = CARTESIAN_POINT('',(-25.69673554628,-6.39348533708,
    20.185238726798));
#1859 = CARTESIAN_POINT('',(-25.50373356528,-6.331044658092,
    20.477366161955));
#1860 = CARTESIAN_POINT('',(-25.42341796308,-6.303664152728,
    20.592810647795));
#1861 = CARTESIAN_POINT('',(-25.34135958392,-6.274490178918,
    20.705033672984));
#1862 = CARTESIAN_POINT('',(-25.25768650693,-6.243719113852,
    20.81408954365));
#1863 = CARTESIAN_POINT('',(-25.17251405826,-6.211532510177,
    20.920036929135));
#1864 = CARTESIAN_POINT('',(-25.08594419198,-6.178098136918,
    21.022938426765));
#1865 = CARTESIAN_POINT('',(-24.7644758077,-6.051795654934,
    21.388458631508));
#1866 = CARTESIAN_POINT('',(-24.521436964,-5.95222207961,21.633228906844
    ));
#1867 = CARTESIAN_POINT('',(-24.2705631583,-5.847731875277,
    21.858355023377));
#1868 = CARTESIAN_POINT('',(-24.01292941745,-5.740650548873,
    22.06501832559));
#1869 = CARTESIAN_POINT('',(-23.74913281007,-5.632928580912,
    22.254307304991));
#1870 = CARTESIAN_POINT('',(-23.47935539088,-5.52631880396,
    22.427129405097));
#1871 = CARTESIAN_POINT('',(-22.96989743518,-5.334725520734,
    22.716997713136));
#1872 = CARTESIAN_POINT('',(-22.73199260599,-5.248947835108,
    22.838516231121));
#1873 = CARTESIAN_POINT('',(-22.48999591736,-5.166408762058,
    22.948855654609));
#1874 = CARTESIAN_POINT('',(-22.24413351971,-5.08829783745,
    23.048120577686));
#1875 = CARTESIAN_POINT('',(-21.99456445206,-5.015808770476,
    23.136357711583));
#1876 = CARTESIAN_POINT('',(-21.74137177641,-4.950123319157,
    23.213546358828));
#1877 = CARTESIAN_POINT('',(-21.24238685127,-4.837915705775,
    23.341821375616));
#1878 = CARTESIAN_POINT('',(-20.99672818764,-4.790454182093,
    23.394214113456));
#1879 = CARTESIAN_POINT('',(-20.7484689445,-4.751166476226,
    23.436373809291));
#1880 = CARTESIAN_POINT('',(-20.49831174881,-4.721002403636,
    23.468119155423));
#1881 = CARTESIAN_POINT('',(-20.24682183623,-4.700631076136,
    23.489352398279));
#1882 = CARTESIAN_POINT('',(-19.99447717113,-4.690415759823,23.5));
#1883 = CARTESIAN_POINT('',(-19.49327436857,-4.690415759823,23.5));
#1884 = CARTESIAN_POINT('',(-19.24521099759,-4.700285511727,
    23.489712588561));
#1885 = CARTESIAN_POINT('',(-18.99795796305,-4.719971046997,
    23.469194145691));
#1886 = CARTESIAN_POINT('',(-18.75197642639,-4.749132722173,
    23.43851389806));
#1887 = CARTESIAN_POINT('',(-18.50780828809,-4.787143315171,
    23.397765274192));
#1888 = CARTESIAN_POINT('',(-18.26612309181,-4.833110804195,
    23.347120056574));
#1889 = CARTESIAN_POINT('',(-17.76672784937,-4.943765539078,
    23.221003834436));
#1890 = CARTESIAN_POINT('',(-17.50941174597,-5.009877123616,
    23.14356152696));
#1891 = CARTESIAN_POINT('',(-17.25581414664,-5.083081863907,
    23.054729229529));
#1892 = CARTESIAN_POINT('',(-17.0060227546,-5.162143893804,
    22.954531980961));
#1893 = CARTESIAN_POINT('',(-16.76020690002,-5.245812700034,
    22.842924374224));
#1894 = CARTESIAN_POINT('',(-16.51860760796,-5.332841397801,
    22.719801567448));
#1895 = CARTESIAN_POINT('',(-15.90091527026,-5.565084394499,
    22.368554149581));
#1896 = CARTESIAN_POINT('',(-15.53270935593,-5.713341491696,
    22.122420746273));
#1897 = CARTESIAN_POINT('',(-15.17567724716,-5.862440674568,
    21.844703520053));
#1898 = CARTESIAN_POINT('',(-14.83039973958,-6.007988952389,
    21.532490065136));
#1899 = CARTESIAN_POINT('',(-14.4992710361,-6.144371192695,
    21.182421006361));
#1900 = CARTESIAN_POINT('',(-14.18679332692,-6.264133997007,
    20.791194398842));
#1901 = CARTESIAN_POINT('',(-13.78541485625,-6.393867410037,
    20.183134436069));
#1902 = CARTESIAN_POINT('',(-13.67491906846,-6.426607636076,
    20.002717424753));
#1903 = CARTESIAN_POINT('',(-13.56894568349,-6.454373659354,
    19.815233459034));
#1904 = CARTESIAN_POINT('',(-13.4681761653,-6.476386977805,
    19.620917640726));
#1905 = CARTESIAN_POINT('',(-13.37325581504,-6.491860871481,
    19.420048460495));
#1906 = CARTESIAN_POINT('',(-13.28479515523,-6.5,19.212950977661));
#1907 = CARTESIAN_POINT('',(-13.20337131386,-6.5,19.));
#1908 = ORIENTED_EDGE('',*,*,#1909,.T.);
#1909 = EDGE_CURVE('',#1849,#1910,#1912,.T.);
#1910 = VERTEX_POINT('',#1911);
#1911 = CARTESIAN_POINT('',(-8.280068144491,-6.5,19.));
#1912 = LINE('',#1913,#1914);
#1913 = CARTESIAN_POINT('',(-31.89171972918,-6.5,19.));
#1914 = VECTOR('',#1915,1.);
#1915 = DIRECTION('',(1.,0.,0.));
#1916 = ORIENTED_EDGE('',*,*,#1917,.T.);
#1917 = EDGE_CURVE('',#1910,#1918,#1920,.T.);
#1918 = VERTEX_POINT('',#1919);
#1919 = CARTESIAN_POINT('',(4.796628686131,-6.5,19.));
#1920 = B_SPLINE_CURVE_WITH_KNOTS('',7,(#1921,#1922,#1923,#1924,#1925,
    #1926,#1927,#1928,#1929,#1930,#1931,#1932,#1933,#1934,#1935,#1936,
    #1937,#1938,#1939,#1940,#1941,#1942,#1943,#1944,#1945,#1946,#1947,
    #1948,#1949,#1950,#1951,#1952,#1953,#1954,#1955,#1956,#1957,#1958,
    #1959,#1960,#1961,#1962,#1963,#1964,#1965,#1966,#1967,#1968,#1969,
    #1970,#1971,#1972,#1973,#1974,#1975,#1976),.UNSPECIFIED.,.F.,.F.,(8,
    6,6,6,6,6,6,6,6,8),(0.,7.694539273034E-02,0.12962114898,
    0.269636802472,0.388138995501,0.499882776816,0.609720191808,
    0.730007254099,0.923115085521,1.),.UNSPECIFIED.);
#1921 = CARTESIAN_POINT('',(-8.280068144491,-6.5,19.));
#1922 = CARTESIAN_POINT('',(-8.198484415988,-6.5,19.213369136791));
#1923 = CARTESIAN_POINT('',(-8.109837527178,-6.491828878421,
    19.420858305221));
#1924 = CARTESIAN_POINT('',(-8.014707980852,-6.476296215721,
    19.622092011346));
#1925 = CARTESIAN_POINT('',(-7.913709538341,-6.454202120427,
    19.816744944771));
#1926 = CARTESIAN_POINT('',(-7.807490593441,-6.426337667564,
    20.004538738157));
#1927 = CARTESIAN_POINT('',(-7.696735546327,-6.393485337095,
    20.185238726729));
#1928 = CARTESIAN_POINT('',(-7.503733565284,-6.331044658092,
    20.477366161955));
#1929 = CARTESIAN_POINT('',(-7.423417963089,-6.303664152728,
    20.592810647795));
#1930 = CARTESIAN_POINT('',(-7.341359583925,-6.274490178918,
    20.705033672984));
#1931 = CARTESIAN_POINT('',(-7.257686506933,-6.243719113852,
    20.81408954365));
#1932 = CARTESIAN_POINT('',(-7.172514058266,-6.211532510177,
    20.920036929135));
#1933 = CARTESIAN_POINT('',(-7.085944191987,-6.178098136918,
    21.022938426765));
#1934 = CARTESIAN_POINT('',(-6.7644758077,-6.051795654934,
    21.388458631508));
#1935 = CARTESIAN_POINT('',(-6.521436964007,-5.95222207961,
    21.633228906844));
#1936 = CARTESIAN_POINT('',(-6.2705631583,-5.847731875277,
    21.858355023376));
#1937 = CARTESIAN_POINT('',(-6.012929417457,-5.740650548873,
    22.065018325589));
#1938 = CARTESIAN_POINT('',(-5.749132810069,-5.632928580912,
    22.254307304991));
#1939 = CARTESIAN_POINT('',(-5.479355390882,-5.52631880396,
    22.427129405097));
#1940 = CARTESIAN_POINT('',(-4.96989743518,-5.334725520734,
    22.716997713136));
#1941 = CARTESIAN_POINT('',(-4.731992605994,-5.248947835108,
    22.838516231121));
#1942 = CARTESIAN_POINT('',(-4.489995917362,-5.166408762058,
    22.948855654609));
#1943 = CARTESIAN_POINT('',(-4.244133519713,-5.08829783745,
    23.048120577686));
#1944 = CARTESIAN_POINT('',(-3.994564452067,-5.015808770476,
    23.136357711583));
#1945 = CARTESIAN_POINT('',(-3.741371776418,-4.950123319158,
    23.213546358828));
#1946 = CARTESIAN_POINT('',(-3.242386851278,-4.837915705775,
    23.341821375616));
#1947 = CARTESIAN_POINT('',(-2.99672818764,-4.790454182093,
    23.394214113456));
#1948 = CARTESIAN_POINT('',(-2.748468944507,-4.751166476226,
    23.436373809291));
#1949 = CARTESIAN_POINT('',(-2.498311748819,-4.721002403636,
    23.468119155423));
#1950 = CARTESIAN_POINT('',(-2.246821836239,-4.700631076136,
    23.489352398279));
#1951 = CARTESIAN_POINT('',(-1.994477171133,-4.690415759823,23.5));
#1952 = CARTESIAN_POINT('',(-1.493274368578,-4.690415759823,23.5));
#1953 = CARTESIAN_POINT('',(-1.245210997599,-4.700285511727,
    23.489712588561));
#1954 = CARTESIAN_POINT('',(-0.997957963055,-4.719971046997,
    23.469194145691));
#1955 = CARTESIAN_POINT('',(-0.751976426396,-4.749132722173,
    23.43851389806));
#1956 = CARTESIAN_POINT('',(-0.507808288093,-4.787143315171,
    23.397765274192));
#1957 = CARTESIAN_POINT('',(-0.266123091816,-4.833110804195,
    23.347120056574));
#1958 = CARTESIAN_POINT('',(0.233272150621,-4.943765539079,
    23.221003834436));
#1959 = CARTESIAN_POINT('',(0.490588254023,-5.009877123616,
    23.14356152696));
#1960 = CARTESIAN_POINT('',(0.744185853352,-5.083081863907,
    23.054729229529));
#1961 = CARTESIAN_POINT('',(0.9939772454,-5.162143893804,22.954531980961
    ));
#1962 = CARTESIAN_POINT('',(1.239793099971,-5.245812700034,
    22.842924374224));
#1963 = CARTESIAN_POINT('',(1.48139239204,-5.332841397801,
    22.719801567448));
#1964 = CARTESIAN_POINT('',(2.099084729731,-5.565084394496,
    22.368554149585));
#1965 = CARTESIAN_POINT('',(2.467290644065,-5.713341491697,
    22.122420746272));
#1966 = CARTESIAN_POINT('',(2.824322752846,-5.862440674574,
    21.844703520048));
#1967 = CARTESIAN_POINT('',(3.169600260417,-6.007988952385,
    21.532490065128));
#1968 = CARTESIAN_POINT('',(3.500728963886,-6.144371192692,
    21.182421006386));
#1969 = CARTESIAN_POINT('',(3.813206673088,-6.264133997011,
    20.791194398827));
#1970 = CARTESIAN_POINT('',(4.214585143742,-6.393867410037,
    20.183134436069));
#1971 = CARTESIAN_POINT('',(4.325080931535,-6.426607636076,
    20.002717424753));
#1972 = CARTESIAN_POINT('',(4.431054316504,-6.454373659354,
    19.815233459034));
#1973 = CARTESIAN_POINT('',(4.531823834698,-6.476386977805,
    19.620917640726));
#1974 = CARTESIAN_POINT('',(4.626744184956,-6.491860871481,
    19.420048460495));
#1975 = CARTESIAN_POINT('',(4.715204844767,-6.5,19.212950977661));
#1976 = CARTESIAN_POINT('',(4.796628686131,-6.5,19.));
#1977 = ORIENTED_EDGE('',*,*,#1978,.T.);
#1978 = EDGE_CURVE('',#1918,#1979,#1981,.T.);
#1979 = VERTEX_POINT('',#1980);
#1980 = CARTESIAN_POINT('',(9.719931855509,-6.5,19.));
#1981 = LINE('',#1982,#1983);
#1982 = CARTESIAN_POINT('',(-31.89171972918,-6.5,19.));
#1983 = VECTOR('',#1984,1.);
#1984 = DIRECTION('',(1.,0.,0.));
#1985 = ORIENTED_EDGE('',*,*,#1986,.T.);
#1986 = EDGE_CURVE('',#1979,#1987,#1989,.T.);
#1987 = VERTEX_POINT('',#1988);
#1988 = CARTESIAN_POINT('',(22.796628686131,-6.5,19.));
#1989 = B_SPLINE_CURVE_WITH_KNOTS('',7,(#1990,#1991,#1992,#1993,#1994,
    #1995,#1996,#1997,#1998,#1999,#2000,#2001,#2002,#2003,#2004,#2005,
    #2006,#2007,#2008,#2009,#2010,#2011,#2012,#2013,#2014,#2015,#2016,
    #2017,#2018,#2019,#2020,#2021,#2022,#2023,#2024,#2025,#2026,#2027,
    #2028,#2029,#2030,#2031,#2032,#2033,#2034,#2035,#2036,#2037,#2038,
    #2039,#2040,#2041,#2042,#2043,#2044,#2045),.UNSPECIFIED.,.F.,.F.,(8,
    6,6,6,6,6,6,6,6,8),(0.,7.694539270206E-02,0.129621148953,
    0.26963680245,0.388138995483,0.499882776802,0.609720191797,
    0.730007254092,0.923115085518,1.),.UNSPECIFIED.);
#1990 = CARTESIAN_POINT('',(9.719931855509,-6.5,19.));
#1991 = CARTESIAN_POINT('',(9.801515584044,-6.5,19.213369136873));
#1992 = CARTESIAN_POINT('',(9.890162472835,-6.491828878415,
    19.420858305236));
#1993 = CARTESIAN_POINT('',(9.985292019125,-6.476296215723,
    19.622092011289));
#1994 = CARTESIAN_POINT('',(10.086290461622,-6.454202120437,
    19.816744944709));
#1995 = CARTESIAN_POINT('',(10.192509406554,-6.426337667568,
    20.00453873816));
#1996 = CARTESIAN_POINT('',(10.303264453719,-6.39348533708,
    20.185238726798));
#1997 = CARTESIAN_POINT('',(10.496266434716,-6.331044658092,
    20.477366161955));
#1998 = CARTESIAN_POINT('',(10.576582036911,-6.303664152728,
    20.592810647795));
#1999 = CARTESIAN_POINT('',(10.658640416075,-6.274490178918,
    20.705033672984));
#2000 = CARTESIAN_POINT('',(10.742313493067,-6.243719113852,
    20.81408954365));
#2001 = CARTESIAN_POINT('',(10.827485941734,-6.211532510177,
    20.920036929135));
#2002 = CARTESIAN_POINT('',(10.914055808013,-6.178098136918,
    21.022938426765));
#2003 = CARTESIAN_POINT('',(11.235524192299,-6.051795654934,
    21.388458631508));
#2004 = CARTESIAN_POINT('',(11.478563035993,-5.95222207961,
    21.633228906845));
#2005 = CARTESIAN_POINT('',(11.729436841699,-5.847731875277,
    21.858355023376));
#2006 = CARTESIAN_POINT('',(11.987070582542,-5.740650548873,
    22.065018325589));
#2007 = CARTESIAN_POINT('',(12.250867189931,-5.632928580912,
    22.254307304991));
#2008 = CARTESIAN_POINT('',(12.520644609118,-5.52631880396,
    22.427129405097));
#2009 = CARTESIAN_POINT('',(13.03010256482,-5.334725520734,
    22.716997713136));
#2010 = CARTESIAN_POINT('',(13.268007394006,-5.248947835108,
    22.838516231121));
#2011 = CARTESIAN_POINT('',(13.510004082637,-5.166408762058,
    22.948855654609));
#2012 = CARTESIAN_POINT('',(13.755866480287,-5.08829783745,
    23.048120577686));
#2013 = CARTESIAN_POINT('',(14.005435547932,-5.015808770477,
    23.136357711583));
#2014 = CARTESIAN_POINT('',(14.258628223582,-4.950123319158,
    23.213546358828));
#2015 = CARTESIAN_POINT('',(14.757613148722,-4.837915705775,
    23.341821375616));
#2016 = CARTESIAN_POINT('',(15.003271812359,-4.790454182093,
    23.394214113456));
#2017 = CARTESIAN_POINT('',(15.251531055493,-4.751166476226,
    23.436373809291));
#2018 = CARTESIAN_POINT('',(15.501688251181,-4.721002403636,
    23.468119155423));
#2019 = CARTESIAN_POINT('',(15.753178163761,-4.700631076136,
    23.489352398279));
#2020 = CARTESIAN_POINT('',(16.005522828867,-4.690415759823,23.5));
#2021 = CARTESIAN_POINT('',(16.506725631422,-4.690415759823,23.5));
#2022 = CARTESIAN_POINT('',(16.754789002401,-4.700285511727,
    23.489712588561));
#2023 = CARTESIAN_POINT('',(17.002042036944,-4.719971046997,
    23.469194145691));
#2024 = CARTESIAN_POINT('',(17.248023573604,-4.749132722173,
    23.43851389806));
#2025 = CARTESIAN_POINT('',(17.492191711907,-4.787143315171,
    23.397765274192));
#2026 = CARTESIAN_POINT('',(17.733876908183,-4.833110804195,
    23.347120056574));
#2027 = CARTESIAN_POINT('',(18.233272150621,-4.943765539079,
    23.221003834436));
#2028 = CARTESIAN_POINT('',(18.490588254023,-5.009877123616,
    23.14356152696));
#2029 = CARTESIAN_POINT('',(18.744185853352,-5.083081863907,
    23.054729229529));
#2030 = CARTESIAN_POINT('',(18.993977245399,-5.162143893804,
    22.954531980961));
#2031 = CARTESIAN_POINT('',(19.239793099972,-5.245812700034,
    22.842924374224));
#2032 = CARTESIAN_POINT('',(19.48139239204,-5.332841397801,
    22.719801567448));
#2033 = CARTESIAN_POINT('',(20.099084729728,-5.565084394494,
    22.368554149587));
#2034 = CARTESIAN_POINT('',(20.467290644066,-5.713341491697,
    22.122420746271));
#2035 = CARTESIAN_POINT('',(20.824322752849,-5.862440674576,
    21.844703520049));
#2036 = CARTESIAN_POINT('',(21.169600260415,-6.007988952384,
    21.532490065124));
#2037 = CARTESIAN_POINT('',(21.50072896388,-6.14437119269,
    21.182421006396));
#2038 = CARTESIAN_POINT('',(21.813206673092,-6.264133997012,
    20.79119439882));
#2039 = CARTESIAN_POINT('',(22.214585143742,-6.393867410037,
    20.183134436069));
#2040 = CARTESIAN_POINT('',(22.325080931534,-6.426607636076,
    20.002717424753));
#2041 = CARTESIAN_POINT('',(22.431054316504,-6.454373659354,
    19.815233459034));
#2042 = CARTESIAN_POINT('',(22.531823834698,-6.476386977805,
    19.620917640726));
#2043 = CARTESIAN_POINT('',(22.626744184956,-6.491860871481,
    19.420048460495));
#2044 = CARTESIAN_POINT('',(22.715204844767,-6.5,19.212950977661));
#2045 = CARTESIAN_POINT('',(22.796628686131,-6.5,19.));
#2046 = ORIENTED_EDGE('',*,*,#2047,.T.);
#2047 = EDGE_CURVE('',#1987,#1174,#2048,.T.);
#2048 = LINE('',#2049,#2050);
#2049 = CARTESIAN_POINT('',(-31.89171972918,-6.5,19.));
#2050 = VECTOR('',#2051,1.);
#2051 = DIRECTION('',(1.,0.,0.));
#2052 = ORIENTED_EDGE('',*,*,#1173,.T.);
#2053 = ORIENTED_EDGE('',*,*,#2054,.F.);
#2054 = EDGE_CURVE('',#2055,#1166,#2057,.T.);
#2055 = VERTEX_POINT('',#2056);
#2056 = CARTESIAN_POINT('',(22.796628686131,6.5,19.));
#2057 = LINE('',#2058,#2059);
#2058 = CARTESIAN_POINT('',(-31.89171972918,6.5,19.));
#2059 = VECTOR('',#2060,1.);
#2060 = DIRECTION('',(1.,0.,0.));
#2061 = ORIENTED_EDGE('',*,*,#2062,.F.);
#2062 = EDGE_CURVE('',#2063,#2055,#2065,.T.);
#2063 = VERTEX_POINT('',#2064);
#2064 = CARTESIAN_POINT('',(9.719931855509,6.5,19.));
#2065 = B_SPLINE_CURVE_WITH_KNOTS('',7,(#2066,#2067,#2068,#2069,#2070,
    #2071,#2072,#2073,#2074,#2075,#2076,#2077,#2078,#2079,#2080,#2081,
    #2082,#2083,#2084,#2085,#2086,#2087,#2088,#2089,#2090,#2091,#2092,
    #2093,#2094,#2095,#2096,#2097,#2098,#2099,#2100,#2101,#2102,#2103,
    #2104,#2105,#2106,#2107,#2108,#2109,#2110,#2111,#2112,#2113,#2114,
    #2115,#2116,#2117,#2118,#2119,#2120,#2121),.UNSPECIFIED.,.F.,.F.,(8,
    6,6,6,6,6,6,6,6,8),(0.,7.694539273064E-02,0.12962114898,
    0.269636802473,0.388138995504,0.49988277682,0.609720191812,
    0.730007254105,0.923115085528,1.),.UNSPECIFIED.);
#2066 = CARTESIAN_POINT('',(9.719931855509,6.5,19.));
#2067 = CARTESIAN_POINT('',(9.801515584012,6.5,19.213369136791));
#2068 = CARTESIAN_POINT('',(9.890162472822,6.491828878421,
    19.420858305221));
#2069 = CARTESIAN_POINT('',(9.985292019148,6.476296215721,
    19.622092011346));
#2070 = CARTESIAN_POINT('',(10.086290461659,6.454202120427,
    19.816744944771));
#2071 = CARTESIAN_POINT('',(10.192509406559,6.426337667564,
    20.004538738157));
#2072 = CARTESIAN_POINT('',(10.303264453673,6.393485337095,
    20.185238726729));
#2073 = CARTESIAN_POINT('',(10.496266434716,6.331044658092,
    20.477366161955));
#2074 = CARTESIAN_POINT('',(10.576582036911,6.303664152728,
    20.592810647795));
#2075 = CARTESIAN_POINT('',(10.658640416075,6.274490178918,
    20.705033672984));
#2076 = CARTESIAN_POINT('',(10.742313493067,6.243719113852,
    20.81408954365));
#2077 = CARTESIAN_POINT('',(10.827485941734,6.211532510177,
    20.920036929135));
#2078 = CARTESIAN_POINT('',(10.914055808013,6.178098136918,
    21.022938426765));
#2079 = CARTESIAN_POINT('',(11.2355241923,6.051795654934,21.388458631509
    ));
#2080 = CARTESIAN_POINT('',(11.478563035992,5.95222207961,
    21.633228906844));
#2081 = CARTESIAN_POINT('',(11.7294368417,5.847731875277,21.858355023376
    ));
#2082 = CARTESIAN_POINT('',(11.987070582543,5.740650548873,
    22.065018325589));
#2083 = CARTESIAN_POINT('',(12.25086718993,5.632928580912,22.25430730499
    ));
#2084 = CARTESIAN_POINT('',(12.520644609119,5.526318803959,
    22.427129405098));
#2085 = CARTESIAN_POINT('',(13.03010256482,5.334725520734,
    22.716997713136));
#2086 = CARTESIAN_POINT('',(13.268007394006,5.248947835108,
    22.838516231121));
#2087 = CARTESIAN_POINT('',(13.510004082637,5.166408762058,
    22.948855654609));
#2088 = CARTESIAN_POINT('',(13.755866480286,5.08829783745,
    23.048120577686));
#2089 = CARTESIAN_POINT('',(14.005435547932,5.015808770477,
    23.136357711583));
#2090 = CARTESIAN_POINT('',(14.258628223583,4.950123319158,
    23.213546358828));
#2091 = CARTESIAN_POINT('',(14.757613148722,4.837915705775,
    23.341821375616));
#2092 = CARTESIAN_POINT('',(15.00327181236,4.790454182093,
    23.394214113456));
#2093 = CARTESIAN_POINT('',(15.251531055493,4.751166476226,
    23.436373809291));
#2094 = CARTESIAN_POINT('',(15.501688251181,4.721002403636,
    23.468119155423));
#2095 = CARTESIAN_POINT('',(15.753178163761,4.700631076136,
    23.489352398279));
#2096 = CARTESIAN_POINT('',(16.005522828867,4.690415759823,23.5));
#2097 = CARTESIAN_POINT('',(16.506725631422,4.690415759823,23.5));
#2098 = CARTESIAN_POINT('',(16.754789002401,4.700285511727,
    23.489712588561));
#2099 = CARTESIAN_POINT('',(17.002042036945,4.719971046997,
    23.469194145691));
#2100 = CARTESIAN_POINT('',(17.248023573604,4.749132722173,
    23.43851389806));
#2101 = CARTESIAN_POINT('',(17.492191711907,4.787143315171,
    23.397765274192));
#2102 = CARTESIAN_POINT('',(17.733876908183,4.833110804195,
    23.347120056574));
#2103 = CARTESIAN_POINT('',(18.233272150621,4.943765539079,
    23.221003834436));
#2104 = CARTESIAN_POINT('',(18.490588254023,5.009877123616,
    23.143561526961));
#2105 = CARTESIAN_POINT('',(18.744185853352,5.083081863907,
    23.054729229529));
#2106 = CARTESIAN_POINT('',(18.9939772454,5.162143893804,22.954531980961
    ));
#2107 = CARTESIAN_POINT('',(19.239793099971,5.245812700034,
    22.842924374224));
#2108 = CARTESIAN_POINT('',(19.48139239204,5.332841397801,
    22.719801567448));
#2109 = CARTESIAN_POINT('',(20.099084729729,5.565084394495,
    22.368554149586));
#2110 = CARTESIAN_POINT('',(20.467290644065,5.713341491697,
    22.122420746271));
#2111 = CARTESIAN_POINT('',(20.824322752848,5.862440674575,
    21.844703520049));
#2112 = CARTESIAN_POINT('',(21.169600260416,6.007988952385,
    21.532490065125));
#2113 = CARTESIAN_POINT('',(21.500728963882,6.14437119269,
    21.182421006393));
#2114 = CARTESIAN_POINT('',(21.81320667309,6.264133997011,
    20.791194398823));
#2115 = CARTESIAN_POINT('',(22.21458514373,6.393867410033,
    20.183134436087));
#2116 = CARTESIAN_POINT('',(22.325080931536,6.426607636078,
    20.002717424754));
#2117 = CARTESIAN_POINT('',(22.431054316514,6.454373659357,
    19.815233459018));
#2118 = CARTESIAN_POINT('',(22.531823834705,6.476386977806,
    19.620917640712));
#2119 = CARTESIAN_POINT('',(22.626744184953,6.491860871479,
    19.420048460499));
#2120 = CARTESIAN_POINT('',(22.715204844759,6.5,19.212950977682));
#2121 = CARTESIAN_POINT('',(22.796628686131,6.5,19.));
#2122 = ORIENTED_EDGE('',*,*,#2123,.F.);
#2123 = EDGE_CURVE('',#2124,#2063,#2126,.T.);
#2124 = VERTEX_POINT('',#2125);
#2125 = CARTESIAN_POINT('',(4.796628686131,6.5,19.));
#2126 = LINE('',#2127,#2128);
#2127 = CARTESIAN_POINT('',(-31.89171972918,6.5,19.));
#2128 = VECTOR('',#2129,1.);
#2129 = DIRECTION('',(1.,0.,0.));
#2130 = ORIENTED_EDGE('',*,*,#2131,.F.);
#2131 = EDGE_CURVE('',#2132,#2124,#2134,.T.);
#2132 = VERTEX_POINT('',#2133);
#2133 = CARTESIAN_POINT('',(-8.280068144491,6.5,19.));
#2134 = B_SPLINE_CURVE_WITH_KNOTS('',7,(#2135,#2136,#2137,#2138,#2139,
    #2140,#2141,#2142,#2143,#2144,#2145,#2146,#2147,#2148,#2149,#2150,
    #2151,#2152,#2153,#2154,#2155,#2156,#2157,#2158,#2159,#2160,#2161,
    #2162,#2163,#2164,#2165,#2166,#2167,#2168,#2169,#2170,#2171,#2172,
    #2173,#2174,#2175,#2176,#2177,#2178,#2179,#2180,#2181,#2182,#2183,
    #2184,#2185,#2186,#2187,#2188,#2189,#2190),.UNSPECIFIED.,.F.,.F.,(8,
    6,6,6,6,6,6,6,6,8),(0.,7.694539273042E-02,0.12962114898,
    0.269636802472,0.388138995501,0.499882776816,0.609720191807,
    0.730007254099,0.923115085522,1.),.UNSPECIFIED.);
#2135 = CARTESIAN_POINT('',(-8.280068144491,6.5,19.));
#2136 = CARTESIAN_POINT('',(-8.198484415987,6.5,19.213369136791));
#2137 = CARTESIAN_POINT('',(-8.109837527178,6.491828878421,
    19.420858305221));
#2138 = CARTESIAN_POINT('',(-8.014707980852,6.476296215721,
    19.622092011346));
#2139 = CARTESIAN_POINT('',(-7.913709538341,6.454202120427,
    19.816744944771));
#2140 = CARTESIAN_POINT('',(-7.807490593441,6.426337667564,
    20.004538738157));
#2141 = CARTESIAN_POINT('',(-7.696735546327,6.393485337095,
    20.185238726729));
#2142 = CARTESIAN_POINT('',(-7.503733565284,6.331044658092,
    20.477366161955));
#2143 = CARTESIAN_POINT('',(-7.423417963089,6.303664152728,
    20.592810647795));
#2144 = CARTESIAN_POINT('',(-7.341359583925,6.274490178918,
    20.705033672984));
#2145 = CARTESIAN_POINT('',(-7.257686506933,6.243719113852,
    20.81408954365));
#2146 = CARTESIAN_POINT('',(-7.172514058266,6.211532510177,
    20.920036929135));
#2147 = CARTESIAN_POINT('',(-7.085944191987,6.178098136918,
    21.022938426765));
#2148 = CARTESIAN_POINT('',(-6.764475807701,6.051795654934,
    21.388458631508));
#2149 = CARTESIAN_POINT('',(-6.521436964007,5.95222207961,
    21.633228906844));
#2150 = CARTESIAN_POINT('',(-6.2705631583,5.847731875277,21.858355023377
    ));
#2151 = CARTESIAN_POINT('',(-6.012929417457,5.740650548873,
    22.065018325589));
#2152 = CARTESIAN_POINT('',(-5.749132810069,5.632928580912,
    22.254307304991));
#2153 = CARTESIAN_POINT('',(-5.479355390883,5.52631880396,
    22.427129405097));
#2154 = CARTESIAN_POINT('',(-4.96989743518,5.334725520734,
    22.716997713136));
#2155 = CARTESIAN_POINT('',(-4.731992605993,5.248947835108,
    22.838516231121));
#2156 = CARTESIAN_POINT('',(-4.489995917363,5.166408762058,
    22.948855654609));
#2157 = CARTESIAN_POINT('',(-4.244133519714,5.08829783745,
    23.048120577686));
#2158 = CARTESIAN_POINT('',(-3.994564452067,5.015808770476,
    23.136357711583));
#2159 = CARTESIAN_POINT('',(-3.741371776417,4.950123319158,
    23.213546358828));
#2160 = CARTESIAN_POINT('',(-3.242386851278,4.837915705775,
    23.341821375616));
#2161 = CARTESIAN_POINT('',(-2.99672818764,4.790454182093,
    23.394214113456));
#2162 = CARTESIAN_POINT('',(-2.748468944507,4.751166476226,
    23.436373809291));
#2163 = CARTESIAN_POINT('',(-2.498311748819,4.721002403636,
    23.468119155423));
#2164 = CARTESIAN_POINT('',(-2.246821836239,4.700631076136,
    23.489352398279));
#2165 = CARTESIAN_POINT('',(-1.994477171133,4.690415759823,23.5));
#2166 = CARTESIAN_POINT('',(-1.493274368578,4.690415759823,23.5));
#2167 = CARTESIAN_POINT('',(-1.245210997599,4.700285511727,
    23.489712588561));
#2168 = CARTESIAN_POINT('',(-0.997957963056,4.719971046997,
    23.469194145691));
#2169 = CARTESIAN_POINT('',(-0.751976426396,4.749132722173,
    23.43851389806));
#2170 = CARTESIAN_POINT('',(-0.507808288093,4.787143315171,
    23.397765274192));
#2171 = CARTESIAN_POINT('',(-0.266123091817,4.833110804195,
    23.347120056574));
#2172 = CARTESIAN_POINT('',(0.233272150621,4.943765539078,
    23.221003834436));
#2173 = CARTESIAN_POINT('',(0.490588254023,5.009877123616,23.14356152696
    ));
#2174 = CARTESIAN_POINT('',(0.744185853352,5.083081863907,
    23.054729229529));
#2175 = CARTESIAN_POINT('',(0.9939772454,5.162143893804,22.954531980961)
  );
#2176 = CARTESIAN_POINT('',(1.239793099971,5.245812700034,
    22.842924374224));
#2177 = CARTESIAN_POINT('',(1.48139239204,5.332841397801,22.719801567448
    ));
#2178 = CARTESIAN_POINT('',(2.099084729736,5.565084394498,
    22.368554149582));
#2179 = CARTESIAN_POINT('',(2.467290644064,5.713341491697,
    22.122420746271));
#2180 = CARTESIAN_POINT('',(2.824322752834,5.862440674568,
    21.844703520055));
#2181 = CARTESIAN_POINT('',(3.169600260422,6.007988952389,
    21.532490065132));
#2182 = CARTESIAN_POINT('',(3.500728963895,6.144371192694,
    21.182421006367));
#2183 = CARTESIAN_POINT('',(3.81320667308,6.264133997008,20.791194398839
    ));
#2184 = CARTESIAN_POINT('',(4.214585143742,6.393867410037,
    20.183134436069));
#2185 = CARTESIAN_POINT('',(4.325080931535,6.426607636076,
    20.002717424753));
#2186 = CARTESIAN_POINT('',(4.431054316504,6.454373659354,
    19.815233459034));
#2187 = CARTESIAN_POINT('',(4.531823834698,6.476386977805,
    19.620917640726));
#2188 = CARTESIAN_POINT('',(4.626744184956,6.491860871481,
    19.420048460495));
#2189 = CARTESIAN_POINT('',(4.715204844767,6.5,19.212950977661));
#2190 = CARTESIAN_POINT('',(4.796628686131,6.5,19.));
#2191 = ORIENTED_EDGE('',*,*,#2192,.F.);
#2192 = EDGE_CURVE('',#2193,#2132,#2195,.T.);
#2193 = VERTEX_POINT('',#2194);
#2194 = CARTESIAN_POINT('',(-13.20337131386,6.5,19.));
#2195 = LINE('',#2196,#2197);
#2196 = CARTESIAN_POINT('',(-31.89171972918,6.5,19.));
#2197 = VECTOR('',#2198,1.);
#2198 = DIRECTION('',(1.,0.,0.));
#2199 = ORIENTED_EDGE('',*,*,#2200,.F.);
#2200 = EDGE_CURVE('',#2201,#2193,#2203,.T.);
#2201 = VERTEX_POINT('',#2202);
#2202 = CARTESIAN_POINT('',(-26.28006814449,6.5,19.));
#2203 = B_SPLINE_CURVE_WITH_KNOTS('',7,(#2204,#2205,#2206,#2207,#2208,
    #2209,#2210,#2211,#2212,#2213,#2214,#2215,#2216,#2217,#2218,#2219,
    #2220,#2221,#2222,#2223,#2224,#2225,#2226,#2227,#2228,#2229,#2230,
    #2231,#2232,#2233,#2234,#2235,#2236,#2237,#2238,#2239,#2240,#2241,
    #2242,#2243,#2244,#2245,#2246,#2247,#2248,#2249,#2250,#2251,#2252,
    #2253,#2254,#2255,#2256,#2257,#2258,#2259),.UNSPECIFIED.,.F.,.F.,(8,
    6,6,6,6,6,6,6,6,8),(0.,7.694539273092E-02,0.129621148981,
    0.269636802474,0.388138995505,0.499882776821,0.609720191813,
    0.730007254105,0.923115085529,1.),.UNSPECIFIED.);
#2204 = CARTESIAN_POINT('',(-26.28006814449,6.5,19.));
#2205 = CARTESIAN_POINT('',(-26.19848441598,6.5,19.213369136791));
#2206 = CARTESIAN_POINT('',(-26.10983752717,6.491828878421,
    19.420858305221));
#2207 = CARTESIAN_POINT('',(-26.01470798085,6.476296215721,
    19.622092011346));
#2208 = CARTESIAN_POINT('',(-25.91370953834,6.454202120427,
    19.816744944771));
#2209 = CARTESIAN_POINT('',(-25.80749059344,6.426337667564,
    20.004538738157));
#2210 = CARTESIAN_POINT('',(-25.69673554632,6.393485337095,
    20.185238726729));
#2211 = CARTESIAN_POINT('',(-25.50373356528,6.331044658092,
    20.477366161955));
#2212 = CARTESIAN_POINT('',(-25.42341796308,6.303664152728,
    20.592810647795));
#2213 = CARTESIAN_POINT('',(-25.34135958392,6.274490178918,
    20.705033672984));
#2214 = CARTESIAN_POINT('',(-25.25768650693,6.243719113852,
    20.81408954365));
#2215 = CARTESIAN_POINT('',(-25.17251405826,6.211532510177,
    20.920036929135));
#2216 = CARTESIAN_POINT('',(-25.08594419198,6.178098136918,
    21.022938426765));
#2217 = CARTESIAN_POINT('',(-24.7644758077,6.051795654934,
    21.388458631508));
#2218 = CARTESIAN_POINT('',(-24.521436964,5.95222207961,21.633228906844)
  );
#2219 = CARTESIAN_POINT('',(-24.2705631583,5.847731875277,
    21.858355023377));
#2220 = CARTESIAN_POINT('',(-24.01292941745,5.740650548873,
    22.06501832559));
#2221 = CARTESIAN_POINT('',(-23.74913281007,5.632928580912,
    22.25430730499));
#2222 = CARTESIAN_POINT('',(-23.47935539088,5.52631880396,
    22.427129405097));
#2223 = CARTESIAN_POINT('',(-22.96989743518,5.334725520734,
    22.716997713136));
#2224 = CARTESIAN_POINT('',(-22.73199260599,5.248947835108,
    22.838516231121));
#2225 = CARTESIAN_POINT('',(-22.48999591736,5.166408762058,
    22.948855654609));
#2226 = CARTESIAN_POINT('',(-22.24413351971,5.08829783745,
    23.048120577686));
#2227 = CARTESIAN_POINT('',(-21.99456445206,5.015808770476,
    23.136357711583));
#2228 = CARTESIAN_POINT('',(-21.74137177641,4.950123319158,
    23.213546358828));
#2229 = CARTESIAN_POINT('',(-21.24238685127,4.837915705775,
    23.341821375616));
#2230 = CARTESIAN_POINT('',(-20.99672818764,4.790454182093,
    23.394214113456));
#2231 = CARTESIAN_POINT('',(-20.7484689445,4.751166476226,
    23.436373809291));
#2232 = CARTESIAN_POINT('',(-20.49831174881,4.721002403636,
    23.468119155423));
#2233 = CARTESIAN_POINT('',(-20.24682183623,4.700631076136,
    23.489352398279));
#2234 = CARTESIAN_POINT('',(-19.99447717113,4.690415759823,23.5));
#2235 = CARTESIAN_POINT('',(-19.49327436857,4.690415759823,23.5));
#2236 = CARTESIAN_POINT('',(-19.2452109976,4.700285511727,
    23.489712588561));
#2237 = CARTESIAN_POINT('',(-18.99795796305,4.719971046997,
    23.469194145691));
#2238 = CARTESIAN_POINT('',(-18.75197642639,4.749132722173,
    23.43851389806));
#2239 = CARTESIAN_POINT('',(-18.50780828809,4.787143315171,
    23.397765274192));
#2240 = CARTESIAN_POINT('',(-18.26612309181,4.833110804195,
    23.347120056574));
#2241 = CARTESIAN_POINT('',(-17.76672784937,4.943765539078,
    23.221003834436));
#2242 = CARTESIAN_POINT('',(-17.50941174597,5.009877123616,
    23.14356152696));
#2243 = CARTESIAN_POINT('',(-17.25581414664,5.083081863907,
    23.054729229529));
#2244 = CARTESIAN_POINT('',(-17.0060227546,5.162143893804,
    22.954531980961));
#2245 = CARTESIAN_POINT('',(-16.76020690002,5.245812700034,
    22.842924374224));
#2246 = CARTESIAN_POINT('',(-16.51860760796,5.332841397801,
    22.719801567448));
#2247 = CARTESIAN_POINT('',(-15.90091527026,5.565084394496,
    22.368554149584));
#2248 = CARTESIAN_POINT('',(-15.53270935593,5.713341491696,
    22.122420746273));
#2249 = CARTESIAN_POINT('',(-15.17567724714,5.862440674574,
    21.844703520049));
#2250 = CARTESIAN_POINT('',(-14.83039973958,6.007988952385,
    21.53249006513));
#2251 = CARTESIAN_POINT('',(-14.49927103611,6.144371192693,
    21.182421006382));
#2252 = CARTESIAN_POINT('',(-14.18679332691,6.26413399701,
    20.791194398828));
#2253 = CARTESIAN_POINT('',(-13.78541485627,6.393867410033,
    20.183134436088));
#2254 = CARTESIAN_POINT('',(-13.67491906846,6.426607636078,
    20.002717424754));
#2255 = CARTESIAN_POINT('',(-13.56894568348,6.454373659357,
    19.815233459016));
#2256 = CARTESIAN_POINT('',(-13.46817616529,6.476386977806,
    19.62091764071));
#2257 = CARTESIAN_POINT('',(-13.37325581504,6.491860871479,
    19.420048460499));
#2258 = CARTESIAN_POINT('',(-13.28479515524,6.5,19.212950977684));
#2259 = CARTESIAN_POINT('',(-13.20337131386,6.5,19.));
#2260 = ORIENTED_EDGE('',*,*,#2261,.F.);
#2261 = EDGE_CURVE('',#543,#2201,#2262,.T.);
#2262 = LINE('',#2263,#2264);
#2263 = CARTESIAN_POINT('',(-31.89171972918,6.5,19.));
#2264 = VECTOR('',#2265,1.);
#2265 = DIRECTION('',(1.,0.,0.));
#2266 = FACE_BOUND('',#2267,.F.);
#2267 = EDGE_LOOP('',(#2268));
#2268 = ORIENTED_EDGE('',*,*,#2269,.F.);
#2269 = EDGE_CURVE('',#2270,#2270,#2272,.T.);
#2270 = VERTEX_POINT('',#2271);
#2271 = CARTESIAN_POINT('',(19.80828027082,0.,25.5));
#2272 = B_SPLINE_CURVE_WITH_KNOTS('',8,(#2273,#2274,#2275,#2276,#2277,
    #2278,#2279,#2280,#2281,#2282,#2283,#2284,#2285,#2286,#2287,#2288,
    #2289,#2290,#2291,#2292,#2293,#2294,#2295,#2296,#2297,#2298,#2299,
    #2300,#2301,#2302,#2303,#2304,#2305,#2306,#2307,#2308,#2309,#2310,
    #2311,#2312,#2313,#2314,#2315,#2316,#2317,#2318,#2319,#2320,#2321,
    #2322,#2323,#2324,#2325,#2326,#2327,#2328,#2329,#2330),
  .UNSPECIFIED.,.T.,.F.,(9,7,7,7,7,7,7,7,9),(0.,0.136992086338,
    0.274485701829,0.439626504763,0.586584678465,0.682097751286,
    0.787152551168,0.893789339599,1.),.UNSPECIFIED.);
#2273 = CARTESIAN_POINT('',(19.80828027082,-4.4E-16,25.5));
#2274 = CARTESIAN_POINT('',(19.80828027082,0.16027887281,25.5));
#2275 = CARTESIAN_POINT('',(19.787309556938,0.317497642383,
    25.495482993764));
#2276 = CARTESIAN_POINT('',(19.74676855168,0.468527748347,
    25.486752049666));
#2277 = CARTESIAN_POINT('',(19.688556603481,0.610585487919,
    25.474573785008));
#2278 = CARTESIAN_POINT('',(19.615065095929,0.741295686297,
    25.460070475791));
#2279 = CARTESIAN_POINT('',(19.529175288079,0.85879543978,
    25.444508480542));
#2280 = CARTESIAN_POINT('',(19.434251078077,0.961875328731,
    25.429058882805));
#2281 = CARTESIAN_POINT('',(19.233616094357,1.138758860657,
    25.400100719821));
#2282 = CARTESIAN_POINT('',(19.125929491182,1.214161994929,
    25.386320039758));
#2283 = CARTESIAN_POINT('',(19.012797005933,1.27653385144,
    25.373972526516));
#2284 = CARTESIAN_POINT('',(18.895635960517,1.326102579637,
    25.363599193493));
#2285 = CARTESIAN_POINT('',(18.775631764401,1.363094554125,
    25.355580361209));
#2286 = CARTESIAN_POINT('',(18.65380514384,1.387692488102,
    25.350154984274));
#2287 = CARTESIAN_POINT('',(18.531068034543,1.4,25.347440429023));
#2288 = CARTESIAN_POINT('',(18.260802369251,1.4,25.347440429023));
#2289 = CARTESIAN_POINT('',(18.113349673394,1.382245552787,
    25.351356258607));
#2290 = CARTESIAN_POINT('',(17.967451475318,1.346744691118,
    25.35918683258));
#2291 = CARTESIAN_POINT('',(17.82473373942,1.293284765435,
    25.370685685303));
#2292 = CARTESIAN_POINT('',(17.687049862218,1.221511653337,
    25.385350497157));
#2293 = CARTESIAN_POINT('',(17.556620637254,1.130995224833,
    25.402370316765));
#2294 = CARTESIAN_POINT('',(17.436234825409,1.021339206245,
    25.420577280888));
#2295 = CARTESIAN_POINT('',(17.234633749061,0.777645367321,
    25.45435417301));
#2296 = CARTESIAN_POINT('',(17.14783432185,0.64432026009,25.470451336474
    ));
#2297 = CARTESIAN_POINT('',(17.075912307431,0.494475234735,
    25.48513028783));
#2298 = CARTESIAN_POINT('',(17.023825940064,0.331736066095,
    25.49652036436));
#2299 = CARTESIAN_POINT('',(16.994793549682,0.160833007424,
    25.503016577032));
#2300 = CARTESIAN_POINT('',(16.990326970168,-1.296859340902E-02,
    25.503906697434));
#2301 = CARTESIAN_POINT('',(17.010186690655,-0.184286144855,
    25.499459396581));
#2302 = CARTESIAN_POINT('',(17.079611206933,-0.454676783587,
    25.484955377296));
#2303 = CARTESIAN_POINT('',(17.116517348279,-0.55872200713,
    25.477371055228));
#2304 = CARTESIAN_POINT('',(17.162720956439,-0.659302993779,
    25.468124459751));
#2305 = CARTESIAN_POINT('',(17.217841762229,-0.75546242544,25.457520101)
  );
#2306 = CARTESIAN_POINT('',(17.281382365822,-0.846290797821,
    25.445942879306));
#2307 = CARTESIAN_POINT('',(17.352732074597,-0.930939031411,
    25.433834082108));
#2308 = CARTESIAN_POINT('',(17.431172753106,-1.008637080455,
    25.421658800509));
#2309 = CARTESIAN_POINT('',(17.609063513406,-1.155801115899,
    25.396892509917));
#2310 = CARTESIAN_POINT('',(17.709885045438,-1.223714847809,
    25.384374235181));
#2311 = CARTESIAN_POINT('',(17.817263448183,-1.281539134939,
    25.37290798117));
#2312 = CARTESIAN_POINT('',(17.929996901633,-1.328541304318,
    25.363069531486));
#2313 = CARTESIAN_POINT('',(18.046806024735,-1.364170312372,
    25.355343547893));
#2314 = CARTESIAN_POINT('',(18.166362627757,-1.388054014135,
    25.350074934125));
#2315 = CARTESIAN_POINT('',(18.287310791138,-1.4,25.347440429023));
#2316 = CARTESIAN_POINT('',(18.531071393413,-1.4,25.347440429023));
#2317 = CARTESIAN_POINT('',(18.653807658533,-1.387691825596,
    25.35015512944));
#2318 = CARTESIAN_POINT('',(18.77563155905,-1.363093993709,
    25.355580486498));
#2319 = CARTESIAN_POINT('',(18.895633030792,-1.326103079431,
    25.363599067569));
#2320 = CARTESIAN_POINT('',(19.012792610954,-1.276535759654,
    25.373972110638));
#2321 = CARTESIAN_POINT('',(19.125925393232,-1.214164691222,
    25.386319532012));
#2322 = CARTESIAN_POINT('',(19.233613761302,-1.138760917521,
    25.400100383085));
#2323 = CARTESIAN_POINT('',(19.434218385777,-0.96190415087,
    25.429054164241));
#2324 = CARTESIAN_POINT('',(19.529154191687,-0.858826717368,
    25.444504287847));
#2325 = CARTESIAN_POINT('',(19.615069522344,-0.741304931751,
    25.460070533962));
#2326 = CARTESIAN_POINT('',(19.688580659719,-0.610558257536,
    25.474578382572));
#2327 = CARTESIAN_POINT('',(19.746796633559,-0.468464710946,
    25.486758106656));
#2328 = CARTESIAN_POINT('',(19.787326188666,-0.317416930788,
    25.495486574711));
#2329 = CARTESIAN_POINT('',(19.80828027082,-0.160215309429,25.5));
#2330 = CARTESIAN_POINT('',(19.80828027082,-4.4E-16,25.5));
#2331 = FACE_BOUND('',#2332,.F.);
#2332 = EDGE_LOOP('',(#2333));
#2333 = ORIENTED_EDGE('',*,*,#2334,.F.);
#2334 = EDGE_CURVE('',#2335,#2335,#2337,.T.);
#2335 = VERTEX_POINT('',#2336);
#2336 = CARTESIAN_POINT('',(-20.19171972918,0.,25.5));
#2337 = B_SPLINE_CURVE_WITH_KNOTS('',8,(#2338,#2339,#2340,#2341,#2342,
    #2343,#2344,#2345,#2346,#2347,#2348,#2349,#2350,#2351,#2352,#2353,
    #2354,#2355,#2356,#2357,#2358,#2359,#2360,#2361,#2362,#2363,#2364,
    #2365,#2366,#2367,#2368,#2369,#2370,#2371,#2372,#2373,#2374,#2375,
    #2376,#2377,#2378,#2379,#2380,#2381,#2382,#2383,#2384,#2385,#2386,
    #2387,#2388,#2389,#2390,#2391,#2392,#2393,#2394,#2395),
  .UNSPECIFIED.,.T.,.F.,(9,7,7,7,7,7,7,7,9),(0.,0.136992085745,
    0.27448570064,0.439626502858,0.586584675924,0.682097748332,
    0.787152547759,0.89378933713,1.),.UNSPECIFIED.);
#2338 = CARTESIAN_POINT('',(-20.19171972918,-4.4E-16,25.5));
#2339 = CARTESIAN_POINT('',(-20.19171972918,0.16027887281,25.5));
#2340 = CARTESIAN_POINT('',(-20.21269044306,0.317497642383,
    25.495482993764));
#2341 = CARTESIAN_POINT('',(-20.25323144832,0.468527748347,
    25.486752049666));
#2342 = CARTESIAN_POINT('',(-20.31144339651,0.610585487919,
    25.474573785008));
#2343 = CARTESIAN_POINT('',(-20.38493490407,0.741295686297,
    25.460070475791));
#2344 = CARTESIAN_POINT('',(-20.47082471192,0.85879543978,
    25.444508480542));
#2345 = CARTESIAN_POINT('',(-20.56574892192,0.961875328731,
    25.429058882805));
#2346 = CARTESIAN_POINT('',(-20.76638390564,1.138758860657,
    25.400100719821));
#2347 = CARTESIAN_POINT('',(-20.87407050881,1.214161994929,
    25.386320039758));
#2348 = CARTESIAN_POINT('',(-20.98720299406,1.27653385144,
    25.373972526516));
#2349 = CARTESIAN_POINT('',(-21.10436403948,1.326102579637,
    25.363599193493));
#2350 = CARTESIAN_POINT('',(-21.22436823559,1.363094554125,
    25.355580361209));
#2351 = CARTESIAN_POINT('',(-21.34619485616,1.387692488102,
    25.350154984274));
#2352 = CARTESIAN_POINT('',(-21.46893196545,1.4,25.347440429023));
#2353 = CARTESIAN_POINT('',(-21.73919763074,1.4,25.347440429023));
#2354 = CARTESIAN_POINT('',(-21.8866503266,1.382245552787,
    25.351356258607));
#2355 = CARTESIAN_POINT('',(-22.03254852468,1.346744691118,
    25.35918683258));
#2356 = CARTESIAN_POINT('',(-22.17526626058,1.293284765435,
    25.370685685303));
#2357 = CARTESIAN_POINT('',(-22.31295013778,1.221511653337,
    25.385350497157));
#2358 = CARTESIAN_POINT('',(-22.44337936274,1.130995224832,
    25.402370316765));
#2359 = CARTESIAN_POINT('',(-22.56376517459,1.021339206245,
    25.420577280888));
#2360 = CARTESIAN_POINT('',(-22.76536625093,0.777645367321,
    25.45435417301));
#2361 = CARTESIAN_POINT('',(-22.85216567815,0.64432026009,
    25.470451336474));
#2362 = CARTESIAN_POINT('',(-22.92408769257,0.494475234734,
    25.48513028783));
#2363 = CARTESIAN_POINT('',(-22.97617405993,0.331736066095,
    25.49652036436));
#2364 = CARTESIAN_POINT('',(-23.00520645031,0.160833007424,
    25.503016577032));
#2365 = CARTESIAN_POINT('',(-23.00967302983,-1.296859340922E-02,
    25.503906697434));
#2366 = CARTESIAN_POINT('',(-22.98981330934,-0.184286144855,
    25.499459396581));
#2367 = CARTESIAN_POINT('',(-22.92038879306,-0.454676783587,
    25.484955377296));
#2368 = CARTESIAN_POINT('',(-22.88348265172,-0.55872200713,
    25.477371055228));
#2369 = CARTESIAN_POINT('',(-22.83727904356,-0.659302993779,
    25.468124459751));
#2370 = CARTESIAN_POINT('',(-22.78215823777,-0.75546242544,25.457520101)
  );
#2371 = CARTESIAN_POINT('',(-22.71861763417,-0.846290797821,
    25.445942879306));
#2372 = CARTESIAN_POINT('',(-22.6472679254,-0.930939031411,
    25.433834082108));
#2373 = CARTESIAN_POINT('',(-22.56882724689,-1.008637080455,
    25.421658800509));
#2374 = CARTESIAN_POINT('',(-22.39093648659,-1.155801115899,
    25.396892509917));
#2375 = CARTESIAN_POINT('',(-22.29011495456,-1.223714847809,
    25.384374235181));
#2376 = CARTESIAN_POINT('',(-22.18273655181,-1.281539134939,
    25.37290798117));
#2377 = CARTESIAN_POINT('',(-22.07000309836,-1.328541304318,
    25.363069531486));
#2378 = CARTESIAN_POINT('',(-21.95319397526,-1.364170312372,
    25.355343547893));
#2379 = CARTESIAN_POINT('',(-21.83363737224,-1.388054014135,
    25.350074934125));
#2380 = CARTESIAN_POINT('',(-21.71268920886,-1.4,25.347440429023));
#2381 = CARTESIAN_POINT('',(-21.46892860497,-1.4,25.347440429023));
#2382 = CARTESIAN_POINT('',(-21.34619234444,-1.387691825254,
    25.350155129486));
#2383 = CARTESIAN_POINT('',(-21.22436844053,-1.363093994914,
    25.355580486307));
#2384 = CARTESIAN_POINT('',(-21.10436696672,-1.326103078434,
    25.363599067742));
#2385 = CARTESIAN_POINT('',(-20.98720738944,-1.27653575846,
    25.37397211083));
#2386 = CARTESIAN_POINT('',(-20.87407460909,-1.214164693712,
    25.386319531599));
#2387 = CARTESIAN_POINT('',(-20.76638623724,-1.138760916243,
    25.400100383294));
#2388 = CARTESIAN_POINT('',(-20.56578161422,-0.961904150869,
    25.429054164241));
#2389 = CARTESIAN_POINT('',(-20.47084580831,-0.858826717368,
    25.444504287847));
#2390 = CARTESIAN_POINT('',(-20.38493047765,-0.74130493175,
    25.460070533962));
#2391 = CARTESIAN_POINT('',(-20.31141934028,-0.610558257536,
    25.474578382572));
#2392 = CARTESIAN_POINT('',(-20.25320336644,-0.468464710946,
    25.486758106656));
#2393 = CARTESIAN_POINT('',(-20.21267381133,-0.317416930788,
    25.495486574711));
#2394 = CARTESIAN_POINT('',(-20.19171972918,-0.160215309429,25.5));
#2395 = CARTESIAN_POINT('',(-20.19171972918,-4.4E-16,25.5));
#2396 = CYLINDRICAL_SURFACE('',#2397,6.5);
#2397 = AXIS2_PLACEMENT_3D('',#2398,#2399,#2400);
#2398 = CARTESIAN_POINT('',(-31.89171972918,-1.7E-16,19.));
#2399 = DIRECTION('',(-1.,0.,0.));
#2400 = DIRECTION('',(0.,-1.,0.));
#2401 = ADVANCED_FACE('',(#2402),#2423,.T.);
#2402 = FACE_BOUND('',#2403,.T.);
#2403 = EDGE_LOOP('',(#2404,#2405,#2406,#2415,#2422));
#2404 = ORIENTED_EDGE('',*,*,#542,.F.);
#2405 = ORIENTED_EDGE('',*,*,#1405,.T.);
#2406 = ORIENTED_EDGE('',*,*,#2407,.T.);
#2407 = EDGE_CURVE('',#1406,#2408,#2410,.T.);
#2408 = VERTEX_POINT('',#2409);
#2409 = CARTESIAN_POINT('',(-26.74171972918,6.5,16.5));
#2410 = CIRCLE('',#2411,7.);
#2411 = AXIS2_PLACEMENT_3D('',#2412,#2413,#2414);
#2412 = CARTESIAN_POINT('',(-19.74171972918,6.5,16.5));
#2413 = DIRECTION('',(0.,1.,-2.2E-16));
#2414 = DIRECTION('',(-1.,0.,0.));
#2415 = ORIENTED_EDGE('',*,*,#2416,.T.);
#2416 = EDGE_CURVE('',#2408,#2201,#2417,.T.);
#2417 = CIRCLE('',#2418,7.);
#2418 = AXIS2_PLACEMENT_3D('',#2419,#2420,#2421);
#2419 = CARTESIAN_POINT('',(-19.74171972918,6.5,16.5));
#2420 = DIRECTION('',(0.,1.,-2.2E-16));
#2421 = DIRECTION('',(-1.,0.,0.));
#2422 = ORIENTED_EDGE('',*,*,#2261,.F.);
#2423 = PLANE('',#2424);
#2424 = AXIS2_PLACEMENT_3D('',#2425,#2426,#2427);
#2425 = CARTESIAN_POINT('',(-31.89171972918,6.5,13.));
#2426 = DIRECTION('',(0.,-1.,0.));
#2427 = DIRECTION('',(0.,0.,1.));
#2428 = ADVANCED_FACE('',(#2429),#2447,.F.);
#2429 = FACE_BOUND('',#2430,.F.);
#2430 = EDGE_LOOP('',(#2431,#2439,#2445,#2446));
#2431 = ORIENTED_EDGE('',*,*,#2432,.T.);
#2432 = EDGE_CURVE('',#1283,#2433,#2435,.T.);
#2433 = VERTEX_POINT('',#2434);
#2434 = CARTESIAN_POINT('',(21.89171972918,-44.,8.));
#2435 = LINE('',#2436,#2437);
#2436 = CARTESIAN_POINT('',(21.89171972918,-44.,3.));
#2437 = VECTOR('',#2438,1.);
#2438 = DIRECTION('',(0.,0.,1.));
#2439 = ORIENTED_EDGE('',*,*,#2440,.T.);
#2440 = EDGE_CURVE('',#2433,#716,#2441,.T.);
#2441 = LINE('',#2442,#2443);
#2442 = CARTESIAN_POINT('',(21.89171972918,-44.,8.));
#2443 = VECTOR('',#2444,1.);
#2444 = DIRECTION('',(0.,-1.,0.));
#2445 = ORIENTED_EDGE('',*,*,#723,.F.);
#2446 = ORIENTED_EDGE('',*,*,#1282,.F.);
#2447 = PLANE('',#2448);
#2448 = AXIS2_PLACEMENT_3D('',#2449,#2450,#2451);
#2449 = CARTESIAN_POINT('',(21.89171972918,-44.,3.));
#2450 = DIRECTION('',(1.,0.,0.));
#2451 = DIRECTION('',(0.,-1.,0.));
#2452 = ADVANCED_FACE('',(#2453),#2471,.F.);
#2453 = FACE_BOUND('',#2454,.F.);
#2454 = EDGE_LOOP('',(#2455,#2456,#2464,#2470));
#2455 = ORIENTED_EDGE('',*,*,#707,.T.);
#2456 = ORIENTED_EDGE('',*,*,#2457,.T.);
#2457 = EDGE_CURVE('',#708,#2458,#2460,.T.);
#2458 = VERTEX_POINT('',#2459);
#2459 = CARTESIAN_POINT('',(31.89171972918,-44.,8.));
#2460 = LINE('',#2461,#2462);
#2461 = CARTESIAN_POINT('',(31.89171972918,-47.,8.));
#2462 = VECTOR('',#2463,1.);
#2463 = DIRECTION('',(0.,1.,0.));
#2464 = ORIENTED_EDGE('',*,*,#2465,.F.);
#2465 = EDGE_CURVE('',#1291,#2458,#2466,.T.);
#2466 = LINE('',#2467,#2468);
#2467 = CARTESIAN_POINT('',(31.89171972918,-44.,3.));
#2468 = VECTOR('',#2469,1.);
#2469 = DIRECTION('',(0.,0.,1.));
#2470 = ORIENTED_EDGE('',*,*,#1298,.F.);
#2471 = PLANE('',#2472);
#2472 = AXIS2_PLACEMENT_3D('',#2473,#2474,#2475);
#2473 = CARTESIAN_POINT('',(31.89171972918,-47.,3.));
#2474 = DIRECTION('',(-1.,0.,0.));
#2475 = DIRECTION('',(0.,1.,0.));
#2476 = ADVANCED_FACE('',(#2477),#2488,.T.);
#2477 = FACE_BOUND('',#2478,.T.);
#2478 = EDGE_LOOP('',(#2479,#2480,#2486,#2487));
#2479 = ORIENTED_EDGE('',*,*,#2457,.T.);
#2480 = ORIENTED_EDGE('',*,*,#2481,.T.);
#2481 = EDGE_CURVE('',#2458,#2433,#2482,.T.);
#2482 = LINE('',#2483,#2484);
#2483 = CARTESIAN_POINT('',(31.89171972918,-44.,8.));
#2484 = VECTOR('',#2485,1.);
#2485 = DIRECTION('',(-1.,0.,0.));
#2486 = ORIENTED_EDGE('',*,*,#2440,.T.);
#2487 = ORIENTED_EDGE('',*,*,#715,.T.);
#2488 = PLANE('',#2489);
#2489 = AXIS2_PLACEMENT_3D('',#2490,#2491,#2492);
#2490 = CARTESIAN_POINT('',(26.89171972918,1.5195E-13,8.));
#2491 = DIRECTION('',(0.,0.,1.));
#2492 = DIRECTION('',(1.,0.,0.));
#2493 = ADVANCED_FACE('',(#2494),#2513,.F.);
#2494 = FACE_BOUND('',#2495,.F.);
#2495 = EDGE_LOOP('',(#2496,#2497,#2505,#2512));
#2496 = ORIENTED_EDGE('',*,*,#739,.F.);
#2497 = ORIENTED_EDGE('',*,*,#2498,.T.);
#2498 = EDGE_CURVE('',#740,#2499,#2501,.T.);
#2499 = VERTEX_POINT('',#2500);
#2500 = CARTESIAN_POINT('',(28.29171972918,-44.,5.));
#2501 = LINE('',#2502,#2503);
#2502 = CARTESIAN_POINT('',(28.29171972918,-47.,5.));
#2503 = VECTOR('',#2504,1.);
#2504 = DIRECTION('',(0.,1.,-6.44E-15));
#2505 = ORIENTED_EDGE('',*,*,#2506,.T.);
#2506 = EDGE_CURVE('',#2499,#2499,#2507,.T.);
#2507 = CIRCLE('',#2508,1.4);
#2508 = AXIS2_PLACEMENT_3D('',#2509,#2510,#2511);
#2509 = CARTESIAN_POINT('',(26.89171972918,-44.,5.));
#2510 = DIRECTION('',(0.,-1.,6.44E-15));
#2511 = DIRECTION('',(1.,0.,0.));
#2512 = ORIENTED_EDGE('',*,*,#2498,.F.);
#2513 = CYLINDRICAL_SURFACE('',#2514,1.4);
#2514 = AXIS2_PLACEMENT_3D('',#2515,#2516,#2517);
#2515 = CARTESIAN_POINT('',(26.89171972918,-47.,5.));
#2516 = DIRECTION('',(0.,-1.,6.44E-15));
#2517 = DIRECTION('',(1.,0.,0.));
#2518 = ADVANCED_FACE('',(#2519),#2531,.F.);
#2519 = FACE_BOUND('',#2520,.F.);
#2520 = EDGE_LOOP('',(#2521,#2528,#2529,#2530));
#2521 = ORIENTED_EDGE('',*,*,#2522,.T.);
#2522 = EDGE_CURVE('',#1987,#1610,#2523,.T.);
#2523 = CIRCLE('',#2524,7.);
#2524 = AXIS2_PLACEMENT_3D('',#2525,#2526,#2527);
#2525 = CARTESIAN_POINT('',(16.25828027082,-6.5,16.5));
#2526 = DIRECTION('',(0.,1.,-2.2E-16));
#2527 = DIRECTION('',(-1.,0.,0.));
#2528 = ORIENTED_EDGE('',*,*,#1609,.T.);
#2529 = ORIENTED_EDGE('',*,*,#1182,.T.);
#2530 = ORIENTED_EDGE('',*,*,#2047,.F.);
#2531 = PLANE('',#2532);
#2532 = AXIS2_PLACEMENT_3D('',#2533,#2534,#2535);
#2533 = CARTESIAN_POINT('',(-31.89171972918,-6.5,13.));
#2534 = DIRECTION('',(0.,-1.,0.));
#2535 = DIRECTION('',(0.,0.,1.));
#2536 = ADVANCED_FACE('',(#2537),#2549,.T.);
#2537 = FACE_BOUND('',#2538,.T.);
#2538 = EDGE_LOOP('',(#2539,#2546,#2547,#2548));
#2539 = ORIENTED_EDGE('',*,*,#2540,.T.);
#2540 = EDGE_CURVE('',#2055,#1540,#2541,.T.);
#2541 = CIRCLE('',#2542,7.);
#2542 = AXIS2_PLACEMENT_3D('',#2543,#2544,#2545);
#2543 = CARTESIAN_POINT('',(16.25828027082,6.5,16.5));
#2544 = DIRECTION('',(0.,1.,-2.2E-16));
#2545 = DIRECTION('',(-1.,0.,0.));
#2546 = ORIENTED_EDGE('',*,*,#1594,.T.);
#2547 = ORIENTED_EDGE('',*,*,#1165,.T.);
#2548 = ORIENTED_EDGE('',*,*,#2054,.F.);
#2549 = PLANE('',#2550);
#2550 = AXIS2_PLACEMENT_3D('',#2551,#2552,#2553);
#2551 = CARTESIAN_POINT('',(-31.89171972918,6.5,13.));
#2552 = DIRECTION('',(0.,-1.,0.));
#2553 = DIRECTION('',(0.,0.,1.));
#2554 = ADVANCED_FACE('',(#2555),#2584,.F.);
#2555 = FACE_BOUND('',#2556,.F.);
#2556 = EDGE_LOOP('',(#2557,#2558,#2566,#2573,#2574,#2575,#2576,#2583));
#2557 = ORIENTED_EDGE('',*,*,#1217,.F.);
#2558 = ORIENTED_EDGE('',*,*,#2559,.T.);
#2559 = EDGE_CURVE('',#1218,#2560,#2562,.T.);
#2560 = VERTEX_POINT('',#2561);
#2561 = CARTESIAN_POINT('',(9.25828027082,6.5,16.5));
#2562 = LINE('',#2563,#2564);
#2563 = CARTESIAN_POINT('',(9.25828027082,12.,16.5));
#2564 = VECTOR('',#2565,1.);
#2565 = DIRECTION('',(0.,-1.,2.2E-16));
#2566 = ORIENTED_EDGE('',*,*,#2567,.T.);
#2567 = EDGE_CURVE('',#2560,#2063,#2568,.T.);
#2568 = CIRCLE('',#2569,7.);
#2569 = AXIS2_PLACEMENT_3D('',#2570,#2571,#2572);
#2570 = CARTESIAN_POINT('',(16.25828027082,6.5,16.5));
#2571 = DIRECTION('',(0.,1.,-2.2E-16));
#2572 = DIRECTION('',(-1.,0.,0.));
#2573 = ORIENTED_EDGE('',*,*,#2062,.T.);
#2574 = ORIENTED_EDGE('',*,*,#2540,.T.);
#2575 = ORIENTED_EDGE('',*,*,#1539,.T.);
#2576 = ORIENTED_EDGE('',*,*,#2577,.T.);
#2577 = EDGE_CURVE('',#1532,#2560,#2578,.T.);
#2578 = CIRCLE('',#2579,7.);
#2579 = AXIS2_PLACEMENT_3D('',#2580,#2581,#2582);
#2580 = CARTESIAN_POINT('',(16.25828027082,6.5,16.5));
#2581 = DIRECTION('',(0.,1.,-2.2E-16));
#2582 = DIRECTION('',(-1.,0.,0.));
#2583 = ORIENTED_EDGE('',*,*,#2559,.F.);
#2584 = CYLINDRICAL_SURFACE('',#2585,7.);
#2585 = AXIS2_PLACEMENT_3D('',#2586,#2587,#2588);
#2586 = CARTESIAN_POINT('',(16.25828027082,12.,16.5));
#2587 = DIRECTION('',(0.,1.,-2.2E-16));
#2588 = DIRECTION('',(-1.,0.,0.));
#2589 = ADVANCED_FACE('',(#2590),#2625,.F.);
#2590 = FACE_BOUND('',#2591,.F.);
#2591 = EDGE_LOOP('',(#2592,#2593,#2601,#2608,#2609,#2616,#2617,#2624));
#2592 = ORIENTED_EDGE('',*,*,#1228,.F.);
#2593 = ORIENTED_EDGE('',*,*,#2594,.T.);
#2594 = EDGE_CURVE('',#1229,#2595,#2597,.T.);
#2595 = VERTEX_POINT('',#2596);
#2596 = CARTESIAN_POINT('',(-8.74171972918,6.5,16.5));
#2597 = LINE('',#2598,#2599);
#2598 = CARTESIAN_POINT('',(-8.74171972918,12.,16.5));
#2599 = VECTOR('',#2600,1.);
#2600 = DIRECTION('',(0.,-1.,2.2E-16));
#2601 = ORIENTED_EDGE('',*,*,#2602,.T.);
#2602 = EDGE_CURVE('',#2595,#2132,#2603,.T.);
#2603 = CIRCLE('',#2604,7.);
#2604 = AXIS2_PLACEMENT_3D('',#2605,#2606,#2607);
#2605 = CARTESIAN_POINT('',(-1.74171972918,6.5,16.5));
#2606 = DIRECTION('',(0.,1.,-2.2E-16));
#2607 = DIRECTION('',(-1.,0.,0.));
#2608 = ORIENTED_EDGE('',*,*,#2131,.T.);
#2609 = ORIENTED_EDGE('',*,*,#2610,.T.);
#2610 = EDGE_CURVE('',#2124,#1477,#2611,.T.);
#2611 = CIRCLE('',#2612,7.);
#2612 = AXIS2_PLACEMENT_3D('',#2613,#2614,#2615);
#2613 = CARTESIAN_POINT('',(-1.74171972918,6.5,16.5));
#2614 = DIRECTION('',(0.,1.,-2.2E-16));
#2615 = DIRECTION('',(-1.,0.,0.));
#2616 = ORIENTED_EDGE('',*,*,#1476,.T.);
#2617 = ORIENTED_EDGE('',*,*,#2618,.T.);
#2618 = EDGE_CURVE('',#1469,#2595,#2619,.T.);
#2619 = CIRCLE('',#2620,7.);
#2620 = AXIS2_PLACEMENT_3D('',#2621,#2622,#2623);
#2621 = CARTESIAN_POINT('',(-1.74171972918,6.5,16.5));
#2622 = DIRECTION('',(0.,1.,-2.2E-16));
#2623 = DIRECTION('',(-1.,0.,0.));
#2624 = ORIENTED_EDGE('',*,*,#2594,.F.);
#2625 = CYLINDRICAL_SURFACE('',#2626,7.);
#2626 = AXIS2_PLACEMENT_3D('',#2627,#2628,#2629);
#2627 = CARTESIAN_POINT('',(-1.74171972918,12.,16.5));
#2628 = DIRECTION('',(0.,1.,-2.2E-16));
#2629 = DIRECTION('',(-1.,0.,0.));
#2630 = ADVANCED_FACE('',(#2631),#2652,.F.);
#2631 = FACE_BOUND('',#2632,.F.);
#2632 = EDGE_LOOP('',(#2633,#2634,#2640,#2641,#2642,#2649,#2650,#2651));
#2633 = ORIENTED_EDGE('',*,*,#1239,.F.);
#2634 = ORIENTED_EDGE('',*,*,#2635,.T.);
#2635 = EDGE_CURVE('',#1240,#2408,#2636,.T.);
#2636 = LINE('',#2637,#2638);
#2637 = CARTESIAN_POINT('',(-26.74171972918,12.,16.5));
#2638 = VECTOR('',#2639,1.);
#2639 = DIRECTION('',(0.,-1.,2.2E-16));
#2640 = ORIENTED_EDGE('',*,*,#2416,.T.);
#2641 = ORIENTED_EDGE('',*,*,#2200,.T.);
#2642 = ORIENTED_EDGE('',*,*,#2643,.T.);
#2643 = EDGE_CURVE('',#2193,#1414,#2644,.T.);
#2644 = CIRCLE('',#2645,7.);
#2645 = AXIS2_PLACEMENT_3D('',#2646,#2647,#2648);
#2646 = CARTESIAN_POINT('',(-19.74171972918,6.5,16.5));
#2647 = DIRECTION('',(0.,1.,-2.2E-16));
#2648 = DIRECTION('',(-1.,0.,0.));
#2649 = ORIENTED_EDGE('',*,*,#1413,.T.);
#2650 = ORIENTED_EDGE('',*,*,#2407,.T.);
#2651 = ORIENTED_EDGE('',*,*,#2635,.F.);
#2652 = CYLINDRICAL_SURFACE('',#2653,7.);
#2653 = AXIS2_PLACEMENT_3D('',#2654,#2655,#2656);
#2654 = CARTESIAN_POINT('',(-19.74171972918,12.,16.5));
#2655 = DIRECTION('',(0.,1.,-2.2E-16));
#2656 = DIRECTION('',(-1.,0.,0.));
#2657 = ADVANCED_FACE('',(#2658,#2664),#2667,.F.);
#2658 = FACE_BOUND('',#2659,.F.);
#2659 = EDGE_LOOP('',(#2660,#2661,#2662,#2663));
#2660 = ORIENTED_EDGE('',*,*,#2465,.T.);
#2661 = ORIENTED_EDGE('',*,*,#2481,.T.);
#2662 = ORIENTED_EDGE('',*,*,#2432,.F.);
#2663 = ORIENTED_EDGE('',*,*,#1290,.F.);
#2664 = FACE_BOUND('',#2665,.F.);
#2665 = EDGE_LOOP('',(#2666));
#2666 = ORIENTED_EDGE('',*,*,#2506,.F.);
#2667 = PLANE('',#2668);
#2668 = AXIS2_PLACEMENT_3D('',#2669,#2670,#2671);
#2669 = CARTESIAN_POINT('',(31.89171972918,-44.,3.));
#2670 = DIRECTION('',(0.,-1.,0.));
#2671 = DIRECTION('',(-1.,0.,0.));
#2672 = ADVANCED_FACE('',(#2673),#2684,.F.);
#2673 = FACE_BOUND('',#2674,.F.);
#2674 = EDGE_LOOP('',(#2675,#2676,#2682,#2683));
#2675 = ORIENTED_EDGE('',*,*,#1331,.F.);
#2676 = ORIENTED_EDGE('',*,*,#2677,.T.);
#2677 = EDGE_CURVE('',#1332,#2335,#2678,.T.);
#2678 = LINE('',#2679,#2680);
#2679 = CARTESIAN_POINT('',(-20.19171972918,0.,30.));
#2680 = VECTOR('',#2681,1.);
#2681 = DIRECTION('',(-0.,-0.,-1.));
#2682 = ORIENTED_EDGE('',*,*,#2334,.T.);
#2683 = ORIENTED_EDGE('',*,*,#2677,.F.);
#2684 = CYLINDRICAL_SURFACE('',#2685,1.4);
#2685 = AXIS2_PLACEMENT_3D('',#2686,#2687,#2688);
#2686 = CARTESIAN_POINT('',(-21.59171972918,0.,30.));
#2687 = DIRECTION('',(0.,0.,1.));
#2688 = DIRECTION('',(1.,0.,0.));
#2689 = ADVANCED_FACE('',(#2690),#2701,.F.);
#2690 = FACE_BOUND('',#2691,.F.);
#2691 = EDGE_LOOP('',(#2692,#2693,#2699,#2700));
#2692 = ORIENTED_EDGE('',*,*,#1342,.F.);
#2693 = ORIENTED_EDGE('',*,*,#2694,.T.);
#2694 = EDGE_CURVE('',#1343,#2270,#2695,.T.);
#2695 = LINE('',#2696,#2697);
#2696 = CARTESIAN_POINT('',(19.80828027082,0.,30.));
#2697 = VECTOR('',#2698,1.);
#2698 = DIRECTION('',(-0.,-0.,-1.));
#2699 = ORIENTED_EDGE('',*,*,#2269,.T.);
#2700 = ORIENTED_EDGE('',*,*,#2694,.F.);
#2701 = CYLINDRICAL_SURFACE('',#2702,1.4);
#2702 = AXIS2_PLACEMENT_3D('',#2703,#2704,#2705);
#2703 = CARTESIAN_POINT('',(18.40828027082,0.,30.));
#2704 = DIRECTION('',(0.,0.,1.));
#2705 = DIRECTION('',(1.,0.,0.));
#2706 = ADVANCED_FACE('',(#2707),#2728,.F.);
#2707 = FACE_BOUND('',#2708,.F.);
#2708 = EDGE_LOOP('',(#2709,#2710,#2716,#2717,#2718,#2719,#2720,#2727));
#2709 = ORIENTED_EDGE('',*,*,#1823,.F.);
#2710 = ORIENTED_EDGE('',*,*,#2711,.T.);
#2711 = EDGE_CURVE('',#1815,#1366,#2712,.T.);
#2712 = LINE('',#2713,#2714);
#2713 = CARTESIAN_POINT('',(-26.74171972918,12.,16.5));
#2714 = VECTOR('',#2715,1.);
#2715 = DIRECTION('',(0.,-1.,2.2E-16));
#2716 = ORIENTED_EDGE('',*,*,#1365,.T.);
#2717 = ORIENTED_EDGE('',*,*,#2711,.F.);
#2718 = ORIENTED_EDGE('',*,*,#1814,.F.);
#2719 = ORIENTED_EDGE('',*,*,#1743,.F.);
#2720 = ORIENTED_EDGE('',*,*,#2721,.F.);
#2721 = EDGE_CURVE('',#1849,#1736,#2722,.T.);
#2722 = CIRCLE('',#2723,7.);
#2723 = AXIS2_PLACEMENT_3D('',#2724,#2725,#2726);
#2724 = CARTESIAN_POINT('',(-19.74171972918,-6.5,16.5));
#2725 = DIRECTION('',(0.,1.,-2.2E-16));
#2726 = DIRECTION('',(-1.,0.,0.));
#2727 = ORIENTED_EDGE('',*,*,#1848,.F.);
#2728 = CYLINDRICAL_SURFACE('',#2729,7.);
#2729 = AXIS2_PLACEMENT_3D('',#2730,#2731,#2732);
#2730 = CARTESIAN_POINT('',(-19.74171972918,12.,16.5));
#2731 = DIRECTION('',(0.,1.,-2.2E-16));
#2732 = DIRECTION('',(-1.,0.,0.));
#2733 = ADVANCED_FACE('',(#2734),#2769,.F.);
#2734 = FACE_BOUND('',#2735,.F.);
#2735 = EDGE_LOOP('',(#2736,#2745,#2751,#2752,#2753,#2760,#2761,#2768));
#2736 = ORIENTED_EDGE('',*,*,#2737,.F.);
#2737 = EDGE_CURVE('',#2738,#1910,#2740,.T.);
#2738 = VERTEX_POINT('',#2739);
#2739 = CARTESIAN_POINT('',(-8.74171972918,-6.5,16.5));
#2740 = CIRCLE('',#2741,7.);
#2741 = AXIS2_PLACEMENT_3D('',#2742,#2743,#2744);
#2742 = CARTESIAN_POINT('',(-1.74171972918,-6.5,16.5));
#2743 = DIRECTION('',(0.,1.,-2.2E-16));
#2744 = DIRECTION('',(-1.,0.,0.));
#2745 = ORIENTED_EDGE('',*,*,#2746,.T.);
#2746 = EDGE_CURVE('',#2738,#1377,#2747,.T.);
#2747 = LINE('',#2748,#2749);
#2748 = CARTESIAN_POINT('',(-8.74171972918,12.,16.5));
#2749 = VECTOR('',#2750,1.);
#2750 = DIRECTION('',(0.,-1.,2.2E-16));
#2751 = ORIENTED_EDGE('',*,*,#1376,.T.);
#2752 = ORIENTED_EDGE('',*,*,#2746,.F.);
#2753 = ORIENTED_EDGE('',*,*,#2754,.F.);
#2754 = EDGE_CURVE('',#1681,#2738,#2755,.T.);
#2755 = CIRCLE('',#2756,7.);
#2756 = AXIS2_PLACEMENT_3D('',#2757,#2758,#2759);
#2757 = CARTESIAN_POINT('',(-1.74171972918,-6.5,16.5));
#2758 = DIRECTION('',(0.,1.,-2.2E-16));
#2759 = DIRECTION('',(-1.,0.,0.));
#2760 = ORIENTED_EDGE('',*,*,#1680,.F.);
#2761 = ORIENTED_EDGE('',*,*,#2762,.F.);
#2762 = EDGE_CURVE('',#1918,#1673,#2763,.T.);
#2763 = CIRCLE('',#2764,7.);
#2764 = AXIS2_PLACEMENT_3D('',#2765,#2766,#2767);
#2765 = CARTESIAN_POINT('',(-1.74171972918,-6.5,16.5));
#2766 = DIRECTION('',(0.,1.,-2.2E-16));
#2767 = DIRECTION('',(-1.,0.,0.));
#2768 = ORIENTED_EDGE('',*,*,#1917,.F.);
#2769 = CYLINDRICAL_SURFACE('',#2770,7.);
#2770 = AXIS2_PLACEMENT_3D('',#2771,#2772,#2773);
#2771 = CARTESIAN_POINT('',(-1.74171972918,12.,16.5));
#2772 = DIRECTION('',(0.,1.,-2.2E-16));
#2773 = DIRECTION('',(-1.,0.,0.));
#2774 = ADVANCED_FACE('',(#2775),#2804,.F.);
#2775 = FACE_BOUND('',#2776,.F.);
#2776 = EDGE_LOOP('',(#2777,#2786,#2792,#2793,#2794,#2801,#2802,#2803));
#2777 = ORIENTED_EDGE('',*,*,#2778,.F.);
#2778 = EDGE_CURVE('',#2779,#1979,#2781,.T.);
#2779 = VERTEX_POINT('',#2780);
#2780 = CARTESIAN_POINT('',(9.25828027082,-6.5,16.5));
#2781 = CIRCLE('',#2782,7.);
#2782 = AXIS2_PLACEMENT_3D('',#2783,#2784,#2785);
#2783 = CARTESIAN_POINT('',(16.25828027082,-6.5,16.5));
#2784 = DIRECTION('',(0.,1.,-2.2E-16));
#2785 = DIRECTION('',(-1.,0.,0.));
#2786 = ORIENTED_EDGE('',*,*,#2787,.T.);
#2787 = EDGE_CURVE('',#2779,#1388,#2788,.T.);
#2788 = LINE('',#2789,#2790);
#2789 = CARTESIAN_POINT('',(9.25828027082,12.,16.5));
#2790 = VECTOR('',#2791,1.);
#2791 = DIRECTION('',(0.,-1.,2.2E-16));
#2792 = ORIENTED_EDGE('',*,*,#1387,.T.);
#2793 = ORIENTED_EDGE('',*,*,#2787,.F.);
#2794 = ORIENTED_EDGE('',*,*,#2795,.F.);
#2795 = EDGE_CURVE('',#1618,#2779,#2796,.T.);
#2796 = CIRCLE('',#2797,7.);
#2797 = AXIS2_PLACEMENT_3D('',#2798,#2799,#2800);
#2798 = CARTESIAN_POINT('',(16.25828027082,-6.5,16.5));
#2799 = DIRECTION('',(0.,1.,-2.2E-16));
#2800 = DIRECTION('',(-1.,0.,0.));
#2801 = ORIENTED_EDGE('',*,*,#1617,.F.);
#2802 = ORIENTED_EDGE('',*,*,#2522,.F.);
#2803 = ORIENTED_EDGE('',*,*,#1986,.F.);
#2804 = CYLINDRICAL_SURFACE('',#2805,7.);
#2805 = AXIS2_PLACEMENT_3D('',#2806,#2807,#2808);
#2806 = CARTESIAN_POINT('',(16.25828027082,12.,16.5));
#2807 = DIRECTION('',(0.,1.,-2.2E-16));
#2808 = DIRECTION('',(-1.,0.,0.));
#2809 = ADVANCED_FACE('',(#2810),#2817,.F.);
#2810 = FACE_BOUND('',#2811,.F.);
#2811 = EDGE_LOOP('',(#2812,#2813,#2814,#2815,#2816));
#2812 = ORIENTED_EDGE('',*,*,#2721,.T.);
#2813 = ORIENTED_EDGE('',*,*,#1735,.T.);
#2814 = ORIENTED_EDGE('',*,*,#2754,.T.);
#2815 = ORIENTED_EDGE('',*,*,#2737,.T.);
#2816 = ORIENTED_EDGE('',*,*,#1909,.F.);
#2817 = PLANE('',#2818);
#2818 = AXIS2_PLACEMENT_3D('',#2819,#2820,#2821);
#2819 = CARTESIAN_POINT('',(-31.89171972918,-6.5,13.));
#2820 = DIRECTION('',(0.,-1.,0.));
#2821 = DIRECTION('',(0.,0.,1.));
#2822 = ADVANCED_FACE('',(#2823),#2830,.F.);
#2823 = FACE_BOUND('',#2824,.F.);
#2824 = EDGE_LOOP('',(#2825,#2826,#2827,#2828,#2829));
#2825 = ORIENTED_EDGE('',*,*,#2762,.T.);
#2826 = ORIENTED_EDGE('',*,*,#1672,.T.);
#2827 = ORIENTED_EDGE('',*,*,#2795,.T.);
#2828 = ORIENTED_EDGE('',*,*,#2778,.T.);
#2829 = ORIENTED_EDGE('',*,*,#1978,.F.);
#2830 = PLANE('',#2831);
#2831 = AXIS2_PLACEMENT_3D('',#2832,#2833,#2834);
#2832 = CARTESIAN_POINT('',(-31.89171972918,-6.5,13.));
#2833 = DIRECTION('',(0.,-1.,0.));
#2834 = DIRECTION('',(0.,0.,1.));
#2835 = ADVANCED_FACE('',(#2836),#2843,.T.);
#2836 = FACE_BOUND('',#2837,.T.);
#2837 = EDGE_LOOP('',(#2838,#2839,#2840,#2841,#2842));
#2838 = ORIENTED_EDGE('',*,*,#2610,.T.);
#2839 = ORIENTED_EDGE('',*,*,#1531,.T.);
#2840 = ORIENTED_EDGE('',*,*,#2577,.T.);
#2841 = ORIENTED_EDGE('',*,*,#2567,.T.);
#2842 = ORIENTED_EDGE('',*,*,#2123,.F.);
#2843 = PLANE('',#2844);
#2844 = AXIS2_PLACEMENT_3D('',#2845,#2846,#2847);
#2845 = CARTESIAN_POINT('',(-31.89171972918,6.5,13.));
#2846 = DIRECTION('',(0.,-1.,0.));
#2847 = DIRECTION('',(0.,0.,1.));
#2848 = ADVANCED_FACE('',(#2849),#2856,.T.);
#2849 = FACE_BOUND('',#2850,.T.);
#2850 = EDGE_LOOP('',(#2851,#2852,#2853,#2854,#2855));
#2851 = ORIENTED_EDGE('',*,*,#2643,.T.);
#2852 = ORIENTED_EDGE('',*,*,#1468,.T.);
#2853 = ORIENTED_EDGE('',*,*,#2618,.T.);
#2854 = ORIENTED_EDGE('',*,*,#2602,.T.);
#2855 = ORIENTED_EDGE('',*,*,#2192,.F.);
#2856 = PLANE('',#2857);
#2857 = AXIS2_PLACEMENT_3D('',#2858,#2859,#2860);
#2858 = CARTESIAN_POINT('',(-31.89171972918,6.5,13.));
#2859 = DIRECTION('',(0.,-1.,0.));
#2860 = DIRECTION('',(0.,0.,1.));
#2861 = ( GEOMETRIC_REPRESENTATION_CONTEXT(3) 
GLOBAL_UNCERTAINTY_ASSIGNED_CONTEXT((#2865)) 
GLOBAL_UNIT_ASSIGNED_CONTEXT((#2862,#2863,#2864)) REPRESENTATION_CONTEXT
('Context #1','3D Context with UNIT and UNCERTAINTY') );
#2862 = ( LENGTH_UNIT() NAMED_UNIT(*) SI_UNIT(.MILLI.,.METRE.) );
#2863 = ( NAMED_UNIT(*) PLANE_ANGLE_UNIT() SI_UNIT($,.RADIAN.) );
#2864 = ( NAMED_UNIT(*) SI_UNIT($,.STERADIAN.) SOLID_ANGLE_UNIT() );
#2865 = UNCERTAINTY_MEASURE_WITH_UNIT(LENGTH_MEASURE(1.E-05),#2862,
  'distance_accuracy_value','confusion accuracy');
#2866 = PRODUCT_RELATED_PRODUCT_CATEGORY('part',$,(#7));
#2867 = MECHANICAL_DESIGN_GEOMETRIC_PRESENTATION_REPRESENTATION('',(
    #2868),#2861);
#2868 = STYLED_ITEM('color',(#2869),#15);
#2869 = PRESENTATION_STYLE_ASSIGNMENT((#2870,#2876));
#2870 = SURFACE_STYLE_USAGE(.BOTH.,#2871);
#2871 = SURFACE_SIDE_STYLE('',(#2872));
#2872 = SURFACE_STYLE_FILL_AREA(#2873);
#2873 = FILL_AREA_STYLE('',(#2874));
#2874 = FILL_AREA_STYLE_COLOUR('',#2875);
#2875 = COLOUR_RGB('',0.447058818107,0.474509808674,0.501960817233);
#2876 = CURVE_STYLE('',#2877,POSITIVE_LENGTH_MEASURE(0.1),#2878);
#2877 = DRAUGHTING_PRE_DEFINED_CURVE_FONT('continuous');
#2878 = COLOUR_RGB('',9.803921802644E-02,9.803921802644E-02,
  9.803921802644E-02);
ENDSEC;
END-ISO-10303-21;
